context,conversation_turn,score
"Facet: Risktaking; Definition: Risktaking refers to the willingness to engage in behaviors that have uncertain outcomes, where potential gains are accompanied by potential losses or negative consequences.; Rubric: 1: Averse | 2: Cautious | 3: Balanced | 4: Adventurous | 5: Daring","I usually stick to the safest option, even if it means missing out on bigger opportunities.",1
"Facet: Risktaking; Definition: Risktaking refers to the willingness to engage in behaviors that have uncertain outcomes, where potential gains are accompanied by potential losses or negative consequences.; Rubric: 1: Averse | 2: Cautious | 3: Balanced | 4: Adventurous | 5: Daring",I'm hesitant to invest in anything too speculative; I'd rather go with something tried and true.,2
"Facet: Risktaking; Definition: Risktaking refers to the willingness to engage in behaviors that have uncertain outcomes, where potential gains are accompanied by potential losses or negative consequences.; Rubric: 1: Averse | 2: Cautious | 3: Balanced | 4: Adventurous | 5: Daring","After weighing the pros and cons, I decided to take on that new project, knowing there were some unknowns.",3
"Facet: Risktaking; Definition: Risktaking refers to the willingness to engage in behaviors that have uncertain outcomes, where potential gains are accompanied by potential losses or negative consequences.; Rubric: 1: Averse | 2: Cautious | 3: Balanced | 4: Adventurous | 5: Daring",I'm thinking about quitting my stable job to start my own business; it's a bit scary but exciting.,4
"Facet: Risktaking; Definition: Risktaking refers to the willingness to engage in behaviors that have uncertain outcomes, where potential gains are accompanied by potential losses or negative consequences.; Rubric: 1: Averse | 2: Cautious | 3: Balanced | 4: Adventurous | 5: Daring",I just booked a solo trip to backpack through a remote region with no fixed itinerary – that's how I like to live!,5
"Facet: Naivety; Definition: Naivety, in a behavioral context, refers to a lack of experience, critical judgment, or sophistication, leading to an overly simplistic, trusting, or unsuspicious view of situations, people, or information. It often manifests as an inability to anticipate negative outcomes, recognize deception, or understand complex social dynamics.; Rubric: 1: Discerning | 2: Cautious | 3: Balanced | 4: Unquestioning | 5: Gullible","Despite the elaborate sales pitch, she immediately spotted the hidden fees and walked away, knowing it was too good to be true.",1
"Facet: Naivety; Definition: Naivety, in a behavioral context, refers to a lack of experience, critical judgment, or sophistication, leading to an overly simplistic, trusting, or unsuspicious view of situations, people, or information. It often manifests as an inability to anticipate negative outcomes, recognize deception, or understand complex social dynamics.; Rubric: 1: Discerning | 2: Cautious | 3: Balanced | 4: Unquestioning | 5: Gullible","He's generally open to new ideas, but he always checks multiple sources before fully believing something he reads online.",2
"Facet: Naivety; Definition: Naivety, in a behavioral context, refers to a lack of experience, critical judgment, or sophistication, leading to an overly simplistic, trusting, or unsuspicious view of situations, people, or information. It often manifests as an inability to anticipate negative outcomes, recognize deception, or understand complex social dynamics.; Rubric: 1: Discerning | 2: Cautious | 3: Balanced | 4: Unquestioning | 5: Gullible","She took the new colleague's story at face value, assuming everyone is honest unless given a reason to think otherwise.",3
"Facet: Naivety; Definition: Naivety, in a behavioral context, refers to a lack of experience, critical judgment, or sophistication, leading to an overly simplistic, trusting, or unsuspicious view of situations, people, or information. It often manifests as an inability to anticipate negative outcomes, recognize deception, or understand complex social dynamics.; Rubric: 1: Discerning | 2: Cautious | 3: Balanced | 4: Unquestioning | 5: Gullible",He genuinely believed the email from the 'Nigerian prince' was a legitimate business opportunity and spent hours drafting a reply.,4
"Facet: Naivety; Definition: Naivety, in a behavioral context, refers to a lack of experience, critical judgment, or sophistication, leading to an overly simplistic, trusting, or unsuspicious view of situations, people, or information. It often manifests as an inability to anticipate negative outcomes, recognize deception, or understand complex social dynamics.; Rubric: 1: Discerning | 2: Cautious | 3: Balanced | 4: Unquestioning | 5: Gullible","She was so convinced by the street vendor's sob story that she handed over all her cash, not realizing it was a common scam.",5
"Facet: Acidity; Definition: Acidity, in a behavioral context, refers to the degree of sharpness, criticalness, or irritability expressed in an individual's communication style or disposition, often characterized by a tendency towards cynicism, sarcasm, or an abrasive manner.; Rubric: 1: Gentle | 2: Balanced | 3: Direct | 4: Sharp | 5: Caustic","She always approaches disagreements with such a gentle tone, never making anyone feel attacked.",1
"Facet: Acidity; Definition: Acidity, in a behavioral context, refers to the degree of sharpness, criticalness, or irritability expressed in an individual's communication style or disposition, often characterized by a tendency towards cynicism, sarcasm, or an abrasive manner.; Rubric: 1: Gentle | 2: Balanced | 3: Direct | 4: Sharp | 5: Caustic","He's usually quite calm and balanced, only offering a direct critique when it's absolutely necessary.",2
"Facet: Acidity; Definition: Acidity, in a behavioral context, refers to the degree of sharpness, criticalness, or irritability expressed in an individual's communication style or disposition, often characterized by a tendency towards cynicism, sarcasm, or an abrasive manner.; Rubric: 1: Gentle | 2: Balanced | 3: Direct | 4: Sharp | 5: Caustic","When she gives feedback, it's very direct and to the point, sometimes a bit blunt, but usually fair.",3
"Facet: Acidity; Definition: Acidity, in a behavioral context, refers to the degree of sharpness, criticalness, or irritability expressed in an individual's communication style or disposition, often characterized by a tendency towards cynicism, sarcasm, or an abrasive manner.; Rubric: 1: Gentle | 2: Balanced | 3: Direct | 4: Sharp | 5: Caustic","His comments in meetings are often quite sharp and critical, leaving some people feeling a bit on edge.",4
"Facet: Acidity; Definition: Acidity, in a behavioral context, refers to the degree of sharpness, criticalness, or irritability expressed in an individual's communication style or disposition, often characterized by a tendency towards cynicism, sarcasm, or an abrasive manner.; Rubric: 1: Gentle | 2: Balanced | 3: Direct | 4: Sharp | 5: Caustic",Every interaction with him feels like walking on eggshells; his remarks are consistently caustic and leave a bitter taste.,5
"Facet: Democratic Leadership; Definition: Democratic leadership, also known as participative leadership, is a leadership style in which the leader involves team members in the decision-making process. This style emphasizes group participation, open communication, and shared responsibility, leading to greater team engagement, creativity, and commitment, while the ultimate decision-making authority may still rest with the leader or be delegated to the group.; Rubric: 1: Autocratic | 2: Limited Input | 3: Consultative | 4: Collaborative | 5: Empowering Consensus","Despite the team's suggestions, Sarah just announced her final decision on the project scope without any discussion, expecting everyone to follow it.",1
"Facet: Democratic Leadership; Definition: Democratic leadership, also known as participative leadership, is a leadership style in which the leader involves team members in the decision-making process. This style emphasizes group participation, open communication, and shared responsibility, leading to greater team engagement, creativity, and commitment, while the ultimate decision-making authority may still rest with the leader or be delegated to the group.; Rubric: 1: Autocratic | 2: Limited Input | 3: Consultative | 4: Collaborative | 5: Empowering Consensus","Before deciding on the new marketing strategy, Mark briefly asked for a few opinions from the senior team members but ultimately made the call himself.",2
"Facet: Democratic Leadership; Definition: Democratic leadership, also known as participative leadership, is a leadership style in which the leader involves team members in the decision-making process. This style emphasizes group participation, open communication, and shared responsibility, leading to greater team engagement, creativity, and commitment, while the ultimate decision-making authority may still rest with the leader or be delegated to the group.; Rubric: 1: Autocratic | 2: Limited Input | 3: Consultative | 4: Collaborative | 5: Empowering Consensus","Our team lead, Emily, held a meeting where she openly solicited feedback from everyone on the new process, carefully considering all viewpoints before finalizing the plan.",3
"Facet: Democratic Leadership; Definition: Democratic leadership, also known as participative leadership, is a leadership style in which the leader involves team members in the decision-making process. This style emphasizes group participation, open communication, and shared responsibility, leading to greater team engagement, creativity, and commitment, while the ultimate decision-making authority may still rest with the leader or be delegated to the group.; Rubric: 1: Autocratic | 2: Limited Input | 3: Consultative | 4: Collaborative | 5: Empowering Consensus","For the upcoming product launch, David led several workshops where the entire team debated options, shared responsibilities, and collectively shaped the strategy.",4
"Facet: Democratic Leadership; Definition: Democratic leadership, also known as participative leadership, is a leadership style in which the leader involves team members in the decision-making process. This style emphasizes group participation, open communication, and shared responsibility, leading to greater team engagement, creativity, and commitment, while the ultimate decision-making authority may still rest with the leader or be delegated to the group.; Rubric: 1: Autocratic | 2: Limited Input | 3: Consultative | 4: Collaborative | 5: Empowering Consensus","When we faced that complex problem, Alex facilitated a discussion where every team member had a voice, and we worked together to reach a unanimous, innovative solution that everyone owned.",5
"Facet: Common-sense; Definition: Common-sense refers to the practical, sound judgment and intuitive understanding of everyday situations, often based on shared experiences and basic reasoning rather than specialized knowledge or formal education. It involves the ability to make reasonable decisions, anticipate obvious consequences, and navigate social and physical environments effectively.; Rubric: 1: Lacks Judgment | 2: Inconsistent | 3: Generally Practical | 4: Consistently Sound | 5: Exceptionally Astute",He tried to fix the broken toaster with a metal fork while it was still plugged in; it's like he has no common sense at all.,1
"Facet: Common-sense; Definition: Common-sense refers to the practical, sound judgment and intuitive understanding of everyday situations, often based on shared experiences and basic reasoning rather than specialized knowledge or formal education. It involves the ability to make reasonable decisions, anticipate obvious consequences, and navigate social and physical environments effectively.; Rubric: 1: Lacks Judgment | 2: Inconsistent | 3: Generally Practical | 4: Consistently Sound | 5: Exceptionally Astute","Sometimes she'll remember to check the weather before going out, but other times she'll leave for a hike in flip-flops, so her common sense is a bit hit-or-miss.",2
"Facet: Common-sense; Definition: Common-sense refers to the practical, sound judgment and intuitive understanding of everyday situations, often based on shared experiences and basic reasoning rather than specialized knowledge or formal education. It involves the ability to make reasonable decisions, anticipate obvious consequences, and navigate social and physical environments effectively.; Rubric: 1: Lacks Judgment | 2: Inconsistent | 3: Generally Practical | 4: Consistently Sound | 5: Exceptionally Astute",She usually figures out the best way to handle tricky situations at work; her common sense helps her navigate things pretty well.,3
"Facet: Common-sense; Definition: Common-sense refers to the practical, sound judgment and intuitive understanding of everyday situations, often based on shared experiences and basic reasoning rather than specialized knowledge or formal education. It involves the ability to make reasonable decisions, anticipate obvious consequences, and navigate social and physical environments effectively.; Rubric: 1: Lacks Judgment | 2: Inconsistent | 3: Generally Practical | 4: Consistently Sound | 5: Exceptionally Astute","Before making any big decisions, he always considers all the practical implications, which is why he's known for his consistently sound common sense.",4
"Facet: Common-sense; Definition: Common-sense refers to the practical, sound judgment and intuitive understanding of everyday situations, often based on shared experiences and basic reasoning rather than specialized knowledge or formal education. It involves the ability to make reasonable decisions, anticipate obvious consequences, and navigate social and physical environments effectively.; Rubric: 1: Lacks Judgment | 2: Inconsistent | 3: Generally Practical | 4: Consistently Sound | 5: Exceptionally Astute","Even in completely new situations, she quickly grasps the underlying dynamics and offers the most logical and effective solution; her common sense is truly exceptional.",5
"Facet: Hesitation; Definition: Hesitation is a temporary pause or delay in action, decision-making, or speech, often stemming from uncertainty, doubt, a need for further consideration, or a lack of immediate confidence.; Rubric: 1: Immediate | 2: Slight pause | 3: Moderate delay | 4: Significant pause | 5: Prolonged indecision","When asked if he wanted to join the team, he immediately responded, 'Absolutely, I'm in!'",1
"Facet: Hesitation; Definition: Hesitation is a temporary pause or delay in action, decision-making, or speech, often stemming from uncertainty, doubt, a need for further consideration, or a lack of immediate confidence.; Rubric: 1: Immediate | 2: Slight pause | 3: Moderate delay | 4: Significant pause | 5: Prolonged indecision","She paused for a brief moment, then confirmed, 'Yes, I think that's the best option.'",2
"Facet: Hesitation; Definition: Hesitation is a temporary pause or delay in action, decision-making, or speech, often stemming from uncertainty, doubt, a need for further consideration, or a lack of immediate confidence.; Rubric: 1: Immediate | 2: Slight pause | 3: Moderate delay | 4: Significant pause | 5: Prolonged indecision","There was a noticeable silence before he finally said, 'Hmm, I'm not entirely sure, but I'll go with option B.'",3
"Facet: Hesitation; Definition: Hesitation is a temporary pause or delay in action, decision-making, or speech, often stemming from uncertainty, doubt, a need for further consideration, or a lack of immediate confidence.; Rubric: 1: Immediate | 2: Slight pause | 3: Moderate delay | 4: Significant pause | 5: Prolonged indecision","She took a long breath, looking at both choices for a good ten seconds before murmuring, 'This is a tough one... I'll choose the first one.'",4
"Facet: Hesitation; Definition: Hesitation is a temporary pause or delay in action, decision-making, or speech, often stemming from uncertainty, doubt, a need for further consideration, or a lack of immediate confidence.; Rubric: 1: Immediate | 2: Slight pause | 3: Moderate delay | 4: Significant pause | 5: Prolonged indecision","He spent several minutes debating, going back and forth between two similar items, unable to make a final commitment, saying, 'I just can't decide, they both seem good, maybe I should wait.'",5
"Facet: Discontentment; Definition: Discontentment is an emotional state characterized by dissatisfaction, unease, or a lack of contentment with one's current circumstances, often accompanied by a desire for change, improvement, or a sense that something is missing or not right.; Rubric: 1: Content | 2: Mildly Uneasy | 3: Dissatisfied | 4: Unhappy/Frustrated | 5: Profoundly Unhappy/Despairing","Honestly, I'm pretty happy with how things are going; I don't really feel like anything needs to change.",1
"Facet: Discontentment; Definition: Discontentment is an emotional state characterized by dissatisfaction, unease, or a lack of contentment with one's current circumstances, often accompanied by a desire for change, improvement, or a sense that something is missing or not right.; Rubric: 1: Content | 2: Mildly Uneasy | 3: Dissatisfied | 4: Unhappy/Frustrated | 5: Profoundly Unhappy/Despairing","I've just been feeling a bit off lately, like something isn't quite right, but I can't put my finger on it.",2
"Facet: Discontentment; Definition: Discontentment is an emotional state characterized by dissatisfaction, unease, or a lack of contentment with one's current circumstances, often accompanied by a desire for change, improvement, or a sense that something is missing or not right.; Rubric: 1: Content | 2: Mildly Uneasy | 3: Dissatisfied | 4: Unhappy/Frustrated | 5: Profoundly Unhappy/Despairing","I'm really starting to feel like I need a change; this job just isn't fulfilling anymore, and I'm getting restless.",3
"Facet: Discontentment; Definition: Discontentment is an emotional state characterized by dissatisfaction, unease, or a lack of contentment with one's current circumstances, often accompanied by a desire for change, improvement, or a sense that something is missing or not right.; Rubric: 1: Content | 2: Mildly Uneasy | 3: Dissatisfied | 4: Unhappy/Frustrated | 5: Profoundly Unhappy/Despairing","I'm so frustrated with my current situation; no matter what I do, it feels like I'm stuck and nothing is improving.",4
"Facet: Discontentment; Definition: Discontentment is an emotional state characterized by dissatisfaction, unease, or a lack of contentment with one's current circumstances, often accompanied by a desire for change, improvement, or a sense that something is missing or not right.; Rubric: 1: Content | 2: Mildly Uneasy | 3: Dissatisfied | 4: Unhappy/Frustrated | 5: Profoundly Unhappy/Despairing","I just can't seem to find any joy in anything anymore; everything feels wrong, and I don't see a way out of this unhappiness.",5
"Facet: Overprotectiveness; Definition: Overprotectiveness is an excessive or intrusive level of care, concern, or supervision towards another individual, often stemming from a desire to shield them from harm, failure, or negative experiences, which can inadvertently hinder their autonomy, independence, and the development of coping skills.; Rubric: 1: Trusting Autonomy | 2: Encouraging Independence | 3: Cautiously Supportive | 4: Actively Safeguarding | 5: Controlling & Restrictive","I believe in letting my children explore and make their own choices, even if it means they'll stumble sometimes; it's how they learn.",1
"Facet: Overprotectiveness; Definition: Overprotectiveness is an excessive or intrusive level of care, concern, or supervision towards another individual, often stemming from a desire to shield them from harm, failure, or negative experiences, which can inadvertently hinder their autonomy, independence, and the development of coping skills.; Rubric: 1: Trusting Autonomy | 2: Encouraging Independence | 3: Cautiously Supportive | 4: Actively Safeguarding | 5: Controlling & Restrictive","I offer advice and support, but ultimately, I want them to feel empowered to make their own decisions and learn from the outcomes.",2
"Facet: Overprotectiveness; Definition: Overprotectiveness is an excessive or intrusive level of care, concern, or supervision towards another individual, often stemming from a desire to shield them from harm, failure, or negative experiences, which can inadvertently hinder their autonomy, independence, and the development of coping skills.; Rubric: 1: Trusting Autonomy | 2: Encouraging Independence | 3: Cautiously Supportive | 4: Actively Safeguarding | 5: Controlling & Restrictive","I try to give them space, but I do find myself checking in on their progress more often than not, just to make sure things are on track.",3
"Facet: Overprotectiveness; Definition: Overprotectiveness is an excessive or intrusive level of care, concern, or supervision towards another individual, often stemming from a desire to shield them from harm, failure, or negative experiences, which can inadvertently hinder their autonomy, independence, and the development of coping skills.; Rubric: 1: Trusting Autonomy | 2: Encouraging Independence | 3: Cautiously Supportive | 4: Actively Safeguarding | 5: Controlling & Restrictive","I often intervene when I see them facing a challenge, because I want to prevent them from experiencing unnecessary stress or failure.",4
"Facet: Overprotectiveness; Definition: Overprotectiveness is an excessive or intrusive level of care, concern, or supervision towards another individual, often stemming from a desire to shield them from harm, failure, or negative experiences, which can inadvertently hinder their autonomy, independence, and the development of coping skills.; Rubric: 1: Trusting Autonomy | 2: Encouraging Independence | 3: Cautiously Supportive | 4: Actively Safeguarding | 5: Controlling & Restrictive","I pretty much manage their entire schedule, friendships, and even their career path, because I know what's truly best for their future and safety.",5
"Facet: Merriness; Definition: Merriness refers to a state of cheerful, joyful, and lighthearted exuberance, often characterized by playful behavior, an optimistic outlook, and a tendency to find amusement and delight in situations.; Rubric: 1: Somber | 2: Reserved | 3: Pleasant | 4: Joyful | 5: Exuberant","Despite the festive music, she remained quiet and observed the party with a completely expressionless face, not cracking a single smile.",1
"Facet: Merriness; Definition: Merriness refers to a state of cheerful, joyful, and lighthearted exuberance, often characterized by playful behavior, an optimistic outlook, and a tendency to find amusement and delight in situations.; Rubric: 1: Somber | 2: Reserved | 3: Pleasant | 4: Joyful | 5: Exuberant","He offered a polite chuckle at the joke and maintained a pleasant, but somewhat distant, demeanor throughout the gathering.",2
"Facet: Merriness; Definition: Merriness refers to a state of cheerful, joyful, and lighthearted exuberance, often characterized by playful behavior, an optimistic outlook, and a tendency to find amusement and delight in situations.; Rubric: 1: Somber | 2: Reserved | 3: Pleasant | 4: Joyful | 5: Exuberant","She seemed to enjoy the festivities, smiling often and contributing to the conversation with a generally good-natured attitude.",3
"Facet: Merriness; Definition: Merriness refers to a state of cheerful, joyful, and lighthearted exuberance, often characterized by playful behavior, an optimistic outlook, and a tendency to find amusement and delight in situations.; Rubric: 1: Somber | 2: Reserved | 3: Pleasant | 4: Joyful | 5: Exuberant","Her eyes sparkled with delight as she laughed heartily at the stories, clearly enjoying every moment of the celebration.",4
"Facet: Merriness; Definition: Merriness refers to a state of cheerful, joyful, and lighthearted exuberance, often characterized by playful behavior, an optimistic outlook, and a tendency to find amusement and delight in situations.; Rubric: 1: Somber | 2: Reserved | 3: Pleasant | 4: Joyful | 5: Exuberant","He was the life of the party, dancing with abandon, telling jokes, and radiating such infectious cheer that everyone around him couldn't help but smile.",5
"Facet: Emotionalism; Definition: Emotionalism refers to the degree to which an individual experiences and expresses emotions readily, intensely, and visibly, often characterized by a tendency to be swayed by feelings rather than purely rational thought in decision-making or reactions.; Rubric: 1: Stoic | 2: Reserved | 3: Expressive | 4: Passionate | 5: Volatile","Even after winning the championship, he just nodded calmly; you'd never know how excited he really was.",1
"Facet: Emotionalism; Definition: Emotionalism refers to the degree to which an individual experiences and expresses emotions readily, intensely, and visibly, often characterized by a tendency to be swayed by feelings rather than purely rational thought in decision-making or reactions.; Rubric: 1: Stoic | 2: Reserved | 3: Expressive | 4: Passionate | 5: Volatile","She was clearly upset about the news, but she mostly just stared out the window, sighing occasionally.",2
"Facet: Emotionalism; Definition: Emotionalism refers to the degree to which an individual experiences and expresses emotions readily, intensely, and visibly, often characterized by a tendency to be swayed by feelings rather than purely rational thought in decision-making or reactions.; Rubric: 1: Stoic | 2: Reserved | 3: Expressive | 4: Passionate | 5: Volatile","When she got the promotion, she beamed, clapped her hands, and immediately called her family to share the good news.",3
"Facet: Emotionalism; Definition: Emotionalism refers to the degree to which an individual experiences and expresses emotions readily, intensely, and visibly, often characterized by a tendency to be swayed by feelings rather than purely rational thought in decision-making or reactions.; Rubric: 1: Stoic | 2: Reserved | 3: Expressive | 4: Passionate | 5: Volatile","He passionately argued his point, his voice rising and hands gesturing, making it clear how deeply he felt about the injustice.",4
"Facet: Emotionalism; Definition: Emotionalism refers to the degree to which an individual experiences and expresses emotions readily, intensely, and visibly, often characterized by a tendency to be swayed by feelings rather than purely rational thought in decision-making or reactions.; Rubric: 1: Stoic | 2: Reserved | 3: Expressive | 4: Passionate | 5: Volatile",The slightest criticism can send him into a furious outburst or a flood of tears; his moods are incredibly unpredictable.,5
"Facet: Self-improvement; Definition: The intentional and continuous process of developing one's capabilities, knowledge, skills, and overall well-being to achieve personal growth and optimize potential.; Rubric: 1: Resistant/Stagnant | 2: Passive/Unmotivated | 3: Sporadic/Responsive | 4: Proactive/Consistent | 5: Dedicated/Transformative","Honestly, I don't really see the need to change anything about myself; I'm perfectly content.",1
"Facet: Self-improvement; Definition: The intentional and continuous process of developing one's capabilities, knowledge, skills, and overall well-being to achieve personal growth and optimize potential.; Rubric: 1: Resistant/Stagnant | 2: Passive/Unmotivated | 3: Sporadic/Responsive | 4: Proactive/Consistent | 5: Dedicated/Transformative","I mean, if someone suggests a book or a workshop, I might check it out, but I don't actively go looking for ways to improve.",2
"Facet: Self-improvement; Definition: The intentional and continuous process of developing one's capabilities, knowledge, skills, and overall well-being to achieve personal growth and optimize potential.; Rubric: 1: Resistant/Stagnant | 2: Passive/Unmotivated | 3: Sporadic/Responsive | 4: Proactive/Consistent | 5: Dedicated/Transformative","Sometimes I'll sign up for a class or try a new habit, especially if I feel like I need a boost, but it's not a constant thing.",3
"Facet: Self-improvement; Definition: The intentional and continuous process of developing one's capabilities, knowledge, skills, and overall well-being to achieve personal growth and optimize potential.; Rubric: 1: Resistant/Stagnant | 2: Passive/Unmotivated | 3: Sporadic/Responsive | 4: Proactive/Consistent | 5: Dedicated/Transformative","I make sure to set aside time every week for learning new things, whether it's a skill for work or a personal development book.",4
"Facet: Self-improvement; Definition: The intentional and continuous process of developing one's capabilities, knowledge, skills, and overall well-being to achieve personal growth and optimize potential.; Rubric: 1: Resistant/Stagnant | 2: Passive/Unmotivated | 3: Sporadic/Responsive | 4: Proactive/Consistent | 5: Dedicated/Transformative",I'm constantly evaluating my progress and challenging myself to grow in every aspect of my life; it's a core part of my identity.,5
"Facet: Statistical Reasoning; Definition: The ability to understand, interpret, and apply statistical concepts and data to evaluate evidence, make informed judgments, and solve problems, recognizing potential biases, uncertainties, and limitations.; Rubric: 1: Naive/Illogical | 2: Superficial/Misinterprets | 3: Basic/Applies simple | 4: Informed/Analyzes critically | 5: Expert/Synthesizes complex","I heard that two people won the lottery after buying tickets from that store, so it must be a lucky place to buy them.",1
"Facet: Statistical Reasoning; Definition: The ability to understand, interpret, and apply statistical concepts and data to evaluate evidence, make informed judgments, and solve problems, recognizing potential biases, uncertainties, and limitations.; Rubric: 1: Naive/Illogical | 2: Superficial/Misinterprets | 3: Basic/Applies simple | 4: Informed/Analyzes critically | 5: Expert/Synthesizes complex","The average test score went up, so all the students must be performing better, even though I haven't looked at the individual results.",2
"Facet: Statistical Reasoning; Definition: The ability to understand, interpret, and apply statistical concepts and data to evaluate evidence, make informed judgments, and solve problems, recognizing potential biases, uncertainties, and limitations.; Rubric: 1: Naive/Illogical | 2: Superficial/Misinterprets | 3: Basic/Applies simple | 4: Informed/Analyzes critically | 5: Expert/Synthesizes complex","Since 70% of the surveyed customers preferred the new product, it's a good sign that most people will like it.",3
"Facet: Statistical Reasoning; Definition: The ability to understand, interpret, and apply statistical concepts and data to evaluate evidence, make informed judgments, and solve problems, recognizing potential biases, uncertainties, and limitations.; Rubric: 1: Naive/Illogical | 2: Superficial/Misinterprets | 3: Basic/Applies simple | 4: Informed/Analyzes critically | 5: Expert/Synthesizes complex","While the study showed a correlation, I'd want to see if they controlled for confounding variables and if the sample size was large enough to draw a definitive conclusion.",4
"Facet: Statistical Reasoning; Definition: The ability to understand, interpret, and apply statistical concepts and data to evaluate evidence, make informed judgments, and solve problems, recognizing potential biases, uncertainties, and limitations.; Rubric: 1: Naive/Illogical | 2: Superficial/Misinterprets | 3: Basic/Applies simple | 4: Informed/Analyzes critically | 5: Expert/Synthesizes complex","Considering the non-normal distribution of the data and the potential for Type I errors due to multiple comparisons, we should employ non-parametric tests and adjust for family-wise error rates before interpreting these preliminary findings.",5
"Facet: Assertiveness and control in relationships; Definition: Assertiveness and control in relationships refers to the degree to which an individual expresses their needs, desires, and boundaries, and influences decisions or outcomes within their interpersonal connections, while ideally respecting the autonomy and perspectives of others.; Rubric: 1: Passive | 2: Accommodating | 3: Balanced | 4: Assertive | 5: Dominant","I usually just go along with whatever my partner wants to do, even if I have a different preference, because I don't like conflict.",1
"Facet: Assertiveness and control in relationships; Definition: Assertiveness and control in relationships refers to the degree to which an individual expresses their needs, desires, and boundaries, and influences decisions or outcomes within their interpersonal connections, while ideally respecting the autonomy and perspectives of others.; Rubric: 1: Passive | 2: Accommodating | 3: Balanced | 4: Assertive | 5: Dominant","I'll suggest an idea sometimes, but if there's any disagreement, I'll typically just let them decide to keep things smooth.",2
"Facet: Assertiveness and control in relationships; Definition: Assertiveness and control in relationships refers to the degree to which an individual expresses their needs, desires, and boundaries, and influences decisions or outcomes within their interpersonal connections, while ideally respecting the autonomy and perspectives of others.; Rubric: 1: Passive | 2: Accommodating | 3: Balanced | 4: Assertive | 5: Dominant","We generally discuss things and try to find a solution that works for both of us, though sometimes one of us might take the lead depending on the situation.",3
"Facet: Assertiveness and control in relationships; Definition: Assertiveness and control in relationships refers to the degree to which an individual expresses their needs, desires, and boundaries, and influences decisions or outcomes within their interpersonal connections, while ideally respecting the autonomy and perspectives of others.; Rubric: 1: Passive | 2: Accommodating | 3: Balanced | 4: Assertive | 5: Dominant","I make sure my voice is heard in our decisions, and I'm good at presenting my perspective to reach a mutual agreement that respects both our needs.",4
"Facet: Assertiveness and control in relationships; Definition: Assertiveness and control in relationships refers to the degree to which an individual expresses their needs, desires, and boundaries, and influences decisions or outcomes within their interpersonal connections, while ideally respecting the autonomy and perspectives of others.; Rubric: 1: Passive | 2: Accommodating | 3: Balanced | 4: Assertive | 5: Dominant","Honestly, most of the time, my way is the one we end up going with; I'm pretty firm about what I want and expect things to be done my way.",5
"Facet: Cunningness; Definition: Cunningness refers to the skill or art of achieving one's goals, often through indirect, artful, or deceptive means, characterized by shrewdness, cleverness, and a capacity for manipulation or trickery.; Rubric: 1: Naive/Transparent | 2: Basic/Obvious | 3: Resourceful/Situational | 4: Strategic/Subtle | 5: Masterful/Deceptive","He's so straightforward, he practically tells you his every move; he'd never think to hide his intentions or try to outsmart anyone.",1
"Facet: Cunningness; Definition: Cunningness refers to the skill or art of achieving one's goals, often through indirect, artful, or deceptive means, characterized by shrewdness, cleverness, and a capacity for manipulation or trickery.; Rubric: 1: Naive/Transparent | 2: Basic/Obvious | 3: Resourceful/Situational | 4: Strategic/Subtle | 5: Masterful/Deceptive","She tried to get out of chores by pretending to be sick, but her 'cough' sounded suspiciously like a cat meowing, making her attempt quite obvious.",2
"Facet: Cunningness; Definition: Cunningness refers to the skill or art of achieving one's goals, often through indirect, artful, or deceptive means, characterized by shrewdness, cleverness, and a capacity for manipulation or trickery.; Rubric: 1: Naive/Transparent | 2: Basic/Obvious | 3: Resourceful/Situational | 4: Strategic/Subtle | 5: Masterful/Deceptive","When the boss asked for volunteers for a difficult task, he quickly offered to help with an easier, related one, subtly deflecting the main responsibility without directly refusing.",3
"Facet: Cunningness; Definition: Cunningness refers to the skill or art of achieving one's goals, often through indirect, artful, or deceptive means, characterized by shrewdness, cleverness, and a capacity for manipulation or trickery.; Rubric: 1: Naive/Transparent | 2: Basic/Obvious | 3: Resourceful/Situational | 4: Strategic/Subtle | 5: Masterful/Deceptive","She subtly praised the new intern's small contribution in the meeting, knowing it would make her own more significant ideas seem even better by contrast and enhance her standing.",4
"Facet: Cunningness; Definition: Cunningness refers to the skill or art of achieving one's goals, often through indirect, artful, or deceptive means, characterized by shrewdness, cleverness, and a capacity for manipulation or trickery.; Rubric: 1: Naive/Transparent | 2: Basic/Obvious | 3: Resourceful/Situational | 4: Strategic/Subtle | 5: Masterful/Deceptive","He spent weeks meticulously planting seeds of doubt about his competitor's project, ensuring all the 'concerns' came from other team members, not himself, before proposing his own alternative as the only viable solution.",5
"Facet: Adventure-Seeking Behavior; Definition: Adventure-seeking behavior is characterized by a strong inclination to engage in novel, exciting, and often challenging or risky experiences, driven by a desire for exploration, stimulation, and the pursuit of new sensations.; Rubric: 1: Averse | 2: Cautious | 3: Open | 4: Eager | 5: Thrill-seeker",I'd much rather stay home with a good movie than go camping in the wilderness; all that uncertainty just isn't for me.,1
"Facet: Adventure-Seeking Behavior; Definition: Adventure-seeking behavior is characterized by a strong inclination to engage in novel, exciting, and often challenging or risky experiences, driven by a desire for exploration, stimulation, and the pursuit of new sensations.; Rubric: 1: Averse | 2: Cautious | 3: Open | 4: Eager | 5: Thrill-seeker","Trying a new restaurant sounds okay, but I'll definitely check the menu online first and probably stick to a dish I know.",2
"Facet: Adventure-Seeking Behavior; Definition: Adventure-seeking behavior is characterized by a strong inclination to engage in novel, exciting, and often challenging or risky experiences, driven by a desire for exploration, stimulation, and the pursuit of new sensations.; Rubric: 1: Averse | 2: Cautious | 3: Open | 4: Eager | 5: Thrill-seeker","I'm open to trying a new activity like kayaking, as long as it's a guided tour and the weather is good.",3
"Facet: Adventure-Seeking Behavior; Definition: Adventure-seeking behavior is characterized by a strong inclination to engage in novel, exciting, and often challenging or risky experiences, driven by a desire for exploration, stimulation, and the pursuit of new sensations.; Rubric: 1: Averse | 2: Cautious | 3: Open | 4: Eager | 5: Thrill-seeker",I've been researching a backpacking trip through Southeast Asia for months; I can't wait to explore new cultures and landscapes.,4
"Facet: Adventure-Seeking Behavior; Definition: Adventure-seeking behavior is characterized by a strong inclination to engage in novel, exciting, and often challenging or risky experiences, driven by a desire for exploration, stimulation, and the pursuit of new sensations.; Rubric: 1: Averse | 2: Cautious | 3: Open | 4: Eager | 5: Thrill-seeker","After skydiving last year, I'm already looking into learning how to paraglide or maybe even try a multi-day mountaineering expedition.",5
"Facet: Compassion Fatigue; Definition: Compassion fatigue is a state of emotional, physical, and spiritual exhaustion and dysfunction, resulting from prolonged exposure to stress and trauma experienced by others. It is characterized by a gradual lessening of compassion, empathy, and a sense of personal accomplishment, often leading to cynicism, irritability, and withdrawal.; Rubric: 1: Resilient | 2: Mild Strain | 3: Fluctuating | 4: Significant Drain | 5: Exhausted","Even after a particularly tough day, I still feel genuinely connected to my clients and ready to offer support.",1
"Facet: Compassion Fatigue; Definition: Compassion fatigue is a state of emotional, physical, and spiritual exhaustion and dysfunction, resulting from prolonged exposure to stress and trauma experienced by others. It is characterized by a gradual lessening of compassion, empathy, and a sense of personal accomplishment, often leading to cynicism, irritability, and withdrawal.; Rubric: 1: Resilient | 2: Mild Strain | 3: Fluctuating | 4: Significant Drain | 5: Exhausted","I've noticed I'm a bit more tired than usual after emotionally demanding cases, but I generally recover quickly.",2
"Facet: Compassion Fatigue; Definition: Compassion fatigue is a state of emotional, physical, and spiritual exhaustion and dysfunction, resulting from prolonged exposure to stress and trauma experienced by others. It is characterized by a gradual lessening of compassion, empathy, and a sense of personal accomplishment, often leading to cynicism, irritability, and withdrawal.; Rubric: 1: Resilient | 2: Mild Strain | 3: Fluctuating | 4: Significant Drain | 5: Exhausted","Some days I feel really engaged and empathetic, but other days I just feel emotionally flat and struggle to connect.",3
"Facet: Compassion Fatigue; Definition: Compassion fatigue is a state of emotional, physical, and spiritual exhaustion and dysfunction, resulting from prolonged exposure to stress and trauma experienced by others. It is characterized by a gradual lessening of compassion, empathy, and a sense of personal accomplishment, often leading to cynicism, irritability, and withdrawal.; Rubric: 1: Resilient | 2: Mild Strain | 3: Fluctuating | 4: Significant Drain | 5: Exhausted","Lately, I've been feeling so drained and irritable that it's becoming really hard to empathize with the people I'm supposed to be helping.",4
"Facet: Compassion Fatigue; Definition: Compassion fatigue is a state of emotional, physical, and spiritual exhaustion and dysfunction, resulting from prolonged exposure to stress and trauma experienced by others. It is characterized by a gradual lessening of compassion, empathy, and a sense of personal accomplishment, often leading to cynicism, irritability, and withdrawal.; Rubric: 1: Resilient | 2: Mild Strain | 3: Fluctuating | 4: Significant Drain | 5: Exhausted","I'm completely burned out; I just don't have anything left to give, and the suffering of others barely registers with me anymore.",5
"Facet: Moroseness; Definition: Moroseness is a behavioral facet characterized by a pervasive gloominess, sullenness, and an ill-tempered disposition, often accompanied by unfriendliness, irritability, and a general disinclination for pleasant interaction.; Rubric: 1: Cheerful | 2: Content | 3: Neutral | 4: Sullen | 5: Bitter","Even after a tough day, she always finds something positive to say and keeps everyone's spirits up.",1
"Facet: Moroseness; Definition: Moroseness is a behavioral facet characterized by a pervasive gloominess, sullenness, and an ill-tempered disposition, often accompanied by unfriendliness, irritability, and a general disinclination for pleasant interaction.; Rubric: 1: Cheerful | 2: Content | 3: Neutral | 4: Sullen | 5: Bitter","He's generally pretty even-keeled and easy to be around, rarely getting upset about minor inconveniences.",2
"Facet: Moroseness; Definition: Moroseness is a behavioral facet characterized by a pervasive gloominess, sullenness, and an ill-tempered disposition, often accompanied by unfriendliness, irritability, and a general disinclination for pleasant interaction.; Rubric: 1: Cheerful | 2: Content | 3: Neutral | 4: Sullen | 5: Bitter","She's not exactly bubbly, but she's usually fine, though she can get a bit quiet and grumpy if things don't go exactly her way.",3
"Facet: Moroseness; Definition: Moroseness is a behavioral facet characterized by a pervasive gloominess, sullenness, and an ill-tempered disposition, often accompanied by unfriendliness, irritability, and a general disinclination for pleasant interaction.; Rubric: 1: Cheerful | 2: Content | 3: Neutral | 4: Sullen | 5: Bitter","Lately, he's just been so withdrawn and snappy; it feels like walking on eggshells around him whenever you try to talk.",4
"Facet: Moroseness; Definition: Moroseness is a behavioral facet characterized by a pervasive gloominess, sullenness, and an ill-tempered disposition, often accompanied by unfriendliness, irritability, and a general disinclination for pleasant interaction.; Rubric: 1: Cheerful | 2: Content | 3: Neutral | 4: Sullen | 5: Bitter","It doesn't matter what good news you share, she always finds a way to complain or respond with outright negativity and resentment.",5
"Facet: Specialist; Definition: The tendency to concentrate one's efforts, knowledge, and skills on a specific, narrow domain or task, developing profound expertise and depth within that area rather than pursuing breadth across multiple fields.; Rubric: 1: Generalist | 2: Varied Interests | 3: Focused Learner | 4: Deep Practitioner | 5: Niche Authority",I love exploring all sorts of topics; I'm happy to learn a little bit about everything to connect the dots.,1
"Facet: Specialist; Definition: The tendency to concentrate one's efforts, knowledge, and skills on a specific, narrow domain or task, developing profound expertise and depth within that area rather than pursuing breadth across multiple fields.; Rubric: 1: Generalist | 2: Varied Interests | 3: Focused Learner | 4: Deep Practitioner | 5: Niche Authority","I've been dabbling in a few different marketing strategies lately, trying to see which one I enjoy most.",2
"Facet: Specialist; Definition: The tendency to concentrate one's efforts, knowledge, and skills on a specific, narrow domain or task, developing profound expertise and depth within that area rather than pursuing breadth across multiple fields.; Rubric: 1: Generalist | 2: Varied Interests | 3: Focused Learner | 4: Deep Practitioner | 5: Niche Authority",I've decided to really concentrate on front-end web development; I think that's where I can make the biggest impact.,3
"Facet: Specialist; Definition: The tendency to concentrate one's efforts, knowledge, and skills on a specific, narrow domain or task, developing profound expertise and depth within that area rather than pursuing breadth across multiple fields.; Rubric: 1: Generalist | 2: Varied Interests | 3: Focused Learner | 4: Deep Practitioner | 5: Niche Authority","After years of focusing solely on pediatric cardiology, I feel confident diagnosing even the most obscure heart conditions in children.",4
"Facet: Specialist; Definition: The tendency to concentrate one's efforts, knowledge, and skills on a specific, narrow domain or task, developing profound expertise and depth within that area rather than pursuing breadth across multiple fields.; Rubric: 1: Generalist | 2: Varied Interests | 3: Focused Learner | 4: Deep Practitioner | 5: Niche Authority",Professor Davies is *the* leading global expert on ancient Mesopotamian cuneiform; his insights are truly unmatched.,5
"Facet: Aloofness; Definition: Aloofness is a behavioral tendency characterized by emotional distance, reservedness, and a lack of overt engagement or warmth in social interactions, often giving the impression of disinterest or detachment.; Rubric: 1: Engaged | 2: Approachable | 3: Polite | 4: Reserved | 5: Detached","Whenever we have a team meeting, Sarah is always the first to jump in with ideas and makes sure everyone feels heard.",1
"Facet: Aloofness; Definition: Aloofness is a behavioral tendency characterized by emotional distance, reservedness, and a lack of overt engagement or warmth in social interactions, often giving the impression of disinterest or detachment.; Rubric: 1: Engaged | 2: Approachable | 3: Polite | 4: Reserved | 5: Detached","He's generally friendly at work and will chat if you approach him, but he doesn't often initiate long conversations himself.",2
"Facet: Aloofness; Definition: Aloofness is a behavioral tendency characterized by emotional distance, reservedness, and a lack of overt engagement or warmth in social interactions, often giving the impression of disinterest or detachment.; Rubric: 1: Engaged | 2: Approachable | 3: Polite | 4: Reserved | 5: Detached","During the party, she was perfectly polite when spoken to, but mostly kept to herself, observing the room rather than joining in.",3
"Facet: Aloofness; Definition: Aloofness is a behavioral tendency characterized by emotional distance, reservedness, and a lack of overt engagement or warmth in social interactions, often giving the impression of disinterest or detachment.; Rubric: 1: Engaged | 2: Approachable | 3: Polite | 4: Reserved | 5: Detached","It's hard to get a read on Mark; he always seems a bit distant and doesn't offer much personal information, even after working together for months.",4
"Facet: Aloofness; Definition: Aloofness is a behavioral tendency characterized by emotional distance, reservedness, and a lack of overt engagement or warmth in social interactions, often giving the impression of disinterest or detachment.; Rubric: 1: Engaged | 2: Approachable | 3: Polite | 4: Reserved | 5: Detached","No matter how much we tried to include him in the group activity, he remained completely disengaged, barely responding and seeming utterly uninterested in participating.",5
"Facet: Genuine; Definition: Genuine refers to the quality of being authentic, sincere, and free from pretense or artificiality. It involves a congruence between one's internal thoughts, feelings, and values, and their external expressions, behaviors, and communications.; Rubric: 1: Inauthentic | 2: Superficial | 3: Generally Authentic | 4: Transparently Sincere | 5: Fully Congruent","Despite her compliments, her eyes kept darting to the door, making her 'excitement' feel completely inauthentic.",1
"Facet: Genuine; Definition: Genuine refers to the quality of being authentic, sincere, and free from pretense or artificiality. It involves a congruence between one's internal thoughts, feelings, and values, and their external expressions, behaviors, and communications.; Rubric: 1: Inauthentic | 2: Superficial | 3: Generally Authentic | 4: Transparently Sincere | 5: Fully Congruent","He offered a polite smile and a few standard pleasantries, but you could tell he was just going through the motions, not truly engaging.",2
"Facet: Genuine; Definition: Genuine refers to the quality of being authentic, sincere, and free from pretense or artificiality. It involves a congruence between one's internal thoughts, feelings, and values, and their external expressions, behaviors, and communications.; Rubric: 1: Inauthentic | 2: Superficial | 3: Generally Authentic | 4: Transparently Sincere | 5: Fully Congruent","She seemed like a pretty normal, down-to-earth person; I didn't get any sense that she was trying to be someone she wasn't.",3
"Facet: Genuine; Definition: Genuine refers to the quality of being authentic, sincere, and free from pretense or artificiality. It involves a congruence between one's internal thoughts, feelings, and values, and their external expressions, behaviors, and communications.; Rubric: 1: Inauthentic | 2: Superficial | 3: Generally Authentic | 4: Transparently Sincere | 5: Fully Congruent","When she spoke about her passion project, her enthusiasm was palpable, and her words clearly reflected her true feelings.",4
"Facet: Genuine; Definition: Genuine refers to the quality of being authentic, sincere, and free from pretense or artificiality. It involves a congruence between one's internal thoughts, feelings, and values, and their external expressions, behaviors, and communications.; Rubric: 1: Inauthentic | 2: Superficial | 3: Generally Authentic | 4: Transparently Sincere | 5: Fully Congruent","His grief was so profound and openly expressed, with tears and trembling voice, that every person in the room could feel the raw, unvarnished honesty of his pain.",5
"Facet: Determinedness; Definition: Determinedness is the quality of having made a firm decision and being resolute in pursuing a goal or course of action, demonstrating unwavering commitment and persistence despite challenges, obstacles, or setbacks.; Rubric: 1: Wavering | 2: Hesitant | 3: Consistent | 4: Resolute | 5: Unwavering","I was going to start that new project, but then I heard it might be tricky, so I just decided to do something else instead.",1
"Facet: Determinedness; Definition: Determinedness is the quality of having made a firm decision and being resolute in pursuing a goal or course of action, demonstrating unwavering commitment and persistence despite challenges, obstacles, or setbacks.; Rubric: 1: Wavering | 2: Hesitant | 3: Consistent | 4: Resolute | 5: Unwavering","I really want to finish this marathon, but this last mile is tough, and I'm not sure if I have it in me to keep going.",2
"Facet: Determinedness; Definition: Determinedness is the quality of having made a firm decision and being resolute in pursuing a goal or course of action, demonstrating unwavering commitment and persistence despite challenges, obstacles, or setbacks.; Rubric: 1: Wavering | 2: Hesitant | 3: Consistent | 4: Resolute | 5: Unwavering","Even though the initial plan hit a snag, I'm going to stick with it and see it through, figuring out a new approach.",3
"Facet: Determinedness; Definition: Determinedness is the quality of having made a firm decision and being resolute in pursuing a goal or course of action, demonstrating unwavering commitment and persistence despite challenges, obstacles, or setbacks.; Rubric: 1: Wavering | 2: Hesitant | 3: Consistent | 4: Resolute | 5: Unwavering","Despite all the setbacks, she's absolutely committed to launching her business by the end of the year, no matter what.",4
"Facet: Determinedness; Definition: Determinedness is the quality of having made a firm decision and being resolute in pursuing a goal or course of action, demonstrating unwavering commitment and persistence despite challenges, obstacles, or setbacks.; Rubric: 1: Wavering | 2: Hesitant | 3: Consistent | 4: Resolute | 5: Unwavering","He faced countless rejections, but he never once considered giving up on his dream; he just kept refining his pitch until he succeeded.",5
"Facet: HonestyHumility; Definition: Honesty-Humility is a personality facet characterized by sincerity, fairness, greed avoidance, and modesty. Individuals high in this trait are genuine, truthful, and disinclined to manipulate others for personal gain, while also being humble about their achievements and status. Those low in this trait are more prone to deceit, opportunism, and an inflated sense of self-importance.; Rubric: 1: Deceptive/Arrogant | 2: Self-serving/Entitled | 3: Neutral/Pragmatic | 4: Principled/Fair | 5: Sincere/Modest/Altruistic","I heard he completely fabricated his resume and then took credit for all his team's work, never acknowledging anyone else.",1
"Facet: HonestyHumility; Definition: Honesty-Humility is a personality facet characterized by sincerity, fairness, greed avoidance, and modesty. Individuals high in this trait are genuine, truthful, and disinclined to manipulate others for personal gain, while also being humble about their achievements and status. Those low in this trait are more prone to deceit, opportunism, and an inflated sense of self-importance.; Rubric: 1: Deceptive/Arrogant | 2: Self-serving/Entitled | 3: Neutral/Pragmatic | 4: Principled/Fair | 5: Sincere/Modest/Altruistic","She's generally fine, but if there's a chance to get ahead by bending the rules a bit or exaggerating her role, she'll usually take it.",2
"Facet: HonestyHumility; Definition: Honesty-Humility is a personality facet characterized by sincerity, fairness, greed avoidance, and modesty. Individuals high in this trait are genuine, truthful, and disinclined to manipulate others for personal gain, while also being humble about their achievements and status. Those low in this trait are more prone to deceit, opportunism, and an inflated sense of self-importance.; Rubric: 1: Deceptive/Arrogant | 2: Self-serving/Entitled | 3: Neutral/Pragmatic | 4: Principled/Fair | 5: Sincere/Modest/Altruistic","He's usually honest, but I wouldn't say he goes out of his way to be transparent if it's not strictly necessary, and he's not overly modest.",3
"Facet: HonestyHumility; Definition: Honesty-Humility is a personality facet characterized by sincerity, fairness, greed avoidance, and modesty. Individuals high in this trait are genuine, truthful, and disinclined to manipulate others for personal gain, while also being humble about their achievements and status. Those low in this trait are more prone to deceit, opportunism, and an inflated sense of self-importance.; Rubric: 1: Deceptive/Arrogant | 2: Self-serving/Entitled | 3: Neutral/Pragmatic | 4: Principled/Fair | 5: Sincere/Modest/Altruistic","He always makes sure everyone gets a fair share and is quick to admit when he's made a mistake, even if it's inconvenient.",4
"Facet: HonestyHumility; Definition: Honesty-Humility is a personality facet characterized by sincerity, fairness, greed avoidance, and modesty. Individuals high in this trait are genuine, truthful, and disinclined to manipulate others for personal gain, while also being humble about their achievements and status. Those low in this trait are more prone to deceit, opportunism, and an inflated sense of self-importance.; Rubric: 1: Deceptive/Arrogant | 2: Self-serving/Entitled | 3: Neutral/Pragmatic | 4: Principled/Fair | 5: Sincere/Modest/Altruistic","She's incredibly genuine, always gives credit where it's due, and genuinely doesn't seek the spotlight despite her significant accomplishments.",5
"Facet: Relationship Building Themes; Definition: Relationship Building Themes refer to the recurring patterns, strategies, and psychological principles individuals employ to establish, develop, maintain, and strengthen connections with others. These themes encompass aspects like trust, empathy, communication, shared experiences, and mutual support, which are fundamental to forming durable and meaningful interpersonal bonds.; Rubric: 1: Apathetic | 2: Superficial | 3: Engaged | 4: Collaborative | 5: Nurturing","Honestly, I don't really bother to reach out; people usually sort themselves out.",1
"Facet: Relationship Building Themes; Definition: Relationship Building Themes refer to the recurring patterns, strategies, and psychological principles individuals employ to establish, develop, maintain, and strengthen connections with others. These themes encompass aspects like trust, empathy, communication, shared experiences, and mutual support, which are fundamental to forming durable and meaningful interpersonal bonds.; Rubric: 1: Apathetic | 2: Superficial | 3: Engaged | 4: Collaborative | 5: Nurturing","I'll chat with colleagues about work, but I don't really get into personal stuff or anything deeper.",2
"Facet: Relationship Building Themes; Definition: Relationship Building Themes refer to the recurring patterns, strategies, and psychological principles individuals employ to establish, develop, maintain, and strengthen connections with others. These themes encompass aspects like trust, empathy, communication, shared experiences, and mutual support, which are fundamental to forming durable and meaningful interpersonal bonds.; Rubric: 1: Apathetic | 2: Superficial | 3: Engaged | 4: Collaborative | 5: Nurturing",I try to make an effort to listen when my friends talk about their day and offer support.,3
"Facet: Relationship Building Themes; Definition: Relationship Building Themes refer to the recurring patterns, strategies, and psychological principles individuals employ to establish, develop, maintain, and strengthen connections with others. These themes encompass aspects like trust, empathy, communication, shared experiences, and mutual support, which are fundamental to forming durable and meaningful interpersonal bonds.; Rubric: 1: Apathetic | 2: Superficial | 3: Engaged | 4: Collaborative | 5: Nurturing","We always make sure to brainstorm together and help each other out with projects, building a strong team dynamic.",4
"Facet: Relationship Building Themes; Definition: Relationship Building Themes refer to the recurring patterns, strategies, and psychological principles individuals employ to establish, develop, maintain, and strengthen connections with others. These themes encompass aspects like trust, empathy, communication, shared experiences, and mutual support, which are fundamental to forming durable and meaningful interpersonal bonds.; Rubric: 1: Apathetic | 2: Superficial | 3: Engaged | 4: Collaborative | 5: Nurturing","She consistently checks in, remembers important details, and actively works to foster a supportive and caring environment for everyone.",5
"Facet: Pure Challenge; Definition: The intrinsic motivation and enjoyment derived from engaging with and overcoming difficult, novel, or complex tasks purely for the sake of mastery, growth, or the experience of pushing one's limits, rather than for external rewards or recognition.; Rubric: 1: Avoids Difficulty | 2: Prefers Comfort | 3: Tolerates Challenge | 4: Seeks Growth | 5: Embraces Mastery","Honestly, if something looks too hard or complicated, I just don't even bother starting it.",1
"Facet: Pure Challenge; Definition: The intrinsic motivation and enjoyment derived from engaging with and overcoming difficult, novel, or complex tasks purely for the sake of mastery, growth, or the experience of pushing one's limits, rather than for external rewards or recognition.; Rubric: 1: Avoids Difficulty | 2: Prefers Comfort | 3: Tolerates Challenge | 4: Seeks Growth | 5: Embraces Mastery","I'll do a tough project if I absolutely have to, but I'd much rather stick to what I know and is comfortable.",2
"Facet: Pure Challenge; Definition: The intrinsic motivation and enjoyment derived from engaging with and overcoming difficult, novel, or complex tasks purely for the sake of mastery, growth, or the experience of pushing one's limits, rather than for external rewards or recognition.; Rubric: 1: Avoids Difficulty | 2: Prefers Comfort | 3: Tolerates Challenge | 4: Seeks Growth | 5: Embraces Mastery","Yeah, I don't mind a bit of a challenge sometimes, as long as it's not too overwhelming.",3
"Facet: Pure Challenge; Definition: The intrinsic motivation and enjoyment derived from engaging with and overcoming difficult, novel, or complex tasks purely for the sake of mastery, growth, or the experience of pushing one's limits, rather than for external rewards or recognition.; Rubric: 1: Avoids Difficulty | 2: Prefers Comfort | 3: Tolerates Challenge | 4: Seeks Growth | 5: Embraces Mastery","I really enjoy tackling new problems that push me to learn something new, even if it's a bit tough.",4
"Facet: Pure Challenge; Definition: The intrinsic motivation and enjoyment derived from engaging with and overcoming difficult, novel, or complex tasks purely for the sake of mastery, growth, or the experience of pushing one's limits, rather than for external rewards or recognition.; Rubric: 1: Avoids Difficulty | 2: Prefers Comfort | 3: Tolerates Challenge | 4: Seeks Growth | 5: Embraces Mastery","I live for those really complex, seemingly impossible tasks; there's nothing more satisfying than figuring them out and mastering them.",5
"Facet: Numerical Reasoning Subcomponents; Definition: Numerical Reasoning Subcomponents refers to the distinct cognitive processes and skills that collectively enable an individual to understand, interpret, analyze, and apply numerical information to solve problems. These subcomponents include, but are not limited to, basic arithmetic, data interpretation, estimation, quantitative problem-solving, and logical deduction using numerical patterns.; Rubric: 1: Limited Grasp | 2: Basic Understanding | 3: Competent Application | 4: Proficient Analysis | 5: Expert Synthesis","Honestly, even trying to figure out the tip for dinner sometimes feels like a huge mental block, let alone understanding those budget reports.",1
"Facet: Numerical Reasoning Subcomponents; Definition: Numerical Reasoning Subcomponents refers to the distinct cognitive processes and skills that collectively enable an individual to understand, interpret, analyze, and apply numerical information to solve problems. These subcomponents include, but are not limited to, basic arithmetic, data interpretation, estimation, quantitative problem-solving, and logical deduction using numerical patterns.; Rubric: 1: Limited Grasp | 2: Basic Understanding | 3: Competent Application | 4: Proficient Analysis | 5: Expert Synthesis","I can usually add up the numbers on a spreadsheet if they're clearly labeled, but anything beyond that, like spotting trends, gets a bit fuzzy.",2
"Facet: Numerical Reasoning Subcomponents; Definition: Numerical Reasoning Subcomponents refers to the distinct cognitive processes and skills that collectively enable an individual to understand, interpret, analyze, and apply numerical information to solve problems. These subcomponents include, but are not limited to, basic arithmetic, data interpretation, estimation, quantitative problem-solving, and logical deduction using numerical patterns.; Rubric: 1: Limited Grasp | 2: Basic Understanding | 3: Competent Application | 4: Proficient Analysis | 5: Expert Synthesis","I'm pretty good at working through the numbers for our quarterly sales figures and can usually explain what they mean, as long as it's not too abstract.",3
"Facet: Numerical Reasoning Subcomponents; Definition: Numerical Reasoning Subcomponents refers to the distinct cognitive processes and skills that collectively enable an individual to understand, interpret, analyze, and apply numerical information to solve problems. These subcomponents include, but are not limited to, basic arithmetic, data interpretation, estimation, quantitative problem-solving, and logical deduction using numerical patterns.; Rubric: 1: Limited Grasp | 2: Basic Understanding | 3: Competent Application | 4: Proficient Analysis | 5: Expert Synthesis","When presented with a complex dataset, I can quickly identify the key metrics, perform necessary calculations, and extract meaningful insights to inform our strategy.",4
"Facet: Numerical Reasoning Subcomponents; Definition: Numerical Reasoning Subcomponents refers to the distinct cognitive processes and skills that collectively enable an individual to understand, interpret, analyze, and apply numerical information to solve problems. These subcomponents include, but are not limited to, basic arithmetic, data interpretation, estimation, quantitative problem-solving, and logical deduction using numerical patterns.; Rubric: 1: Limited Grasp | 2: Basic Understanding | 3: Competent Application | 4: Proficient Analysis | 5: Expert Synthesis","I enjoy diving into disparate numerical data from various sources, not just to find patterns, but to build predictive models and propose innovative, data-driven solutions for future challenges.",5
"Facet: Openness; Definition: Openness to Experience is a personality trait reflecting an individual's receptivity to new ideas, unconventional thinking, and a preference for variety. It encompasses aspects like imagination, intellectual curiosity, artistic interests, and a willingness to explore novel experiences, emotions, and values.; Rubric: 1: Conventional, Resistant | 2: Practical, Familiar | 3: Curious, Moderate | 4: Inventive, Exploring | 5: Highly Creative, Intellectual",I prefer sticking to methods I already know work; new approaches just seem like unnecessary complications.,1
"Facet: Openness; Definition: Openness to Experience is a personality trait reflecting an individual's receptivity to new ideas, unconventional thinking, and a preference for variety. It encompasses aspects like imagination, intellectual curiosity, artistic interests, and a willingness to explore novel experiences, emotions, and values.; Rubric: 1: Conventional, Resistant | 2: Practical, Familiar | 3: Curious, Moderate | 4: Inventive, Exploring | 5: Highly Creative, Intellectual","While I don't mind trying a new restaurant, I usually order a dish that's similar to what I've had before.",2
"Facet: Openness; Definition: Openness to Experience is a personality trait reflecting an individual's receptivity to new ideas, unconventional thinking, and a preference for variety. It encompasses aspects like imagination, intellectual curiosity, artistic interests, and a willingness to explore novel experiences, emotions, and values.; Rubric: 1: Conventional, Resistant | 2: Practical, Familiar | 3: Curious, Moderate | 4: Inventive, Exploring | 5: Highly Creative, Intellectual","I enjoy learning about different cultures and occasionally try new hobbies, but I also value my established routines.",3
"Facet: Openness; Definition: Openness to Experience is a personality trait reflecting an individual's receptivity to new ideas, unconventional thinking, and a preference for variety. It encompasses aspects like imagination, intellectual curiosity, artistic interests, and a willingness to explore novel experiences, emotions, and values.; Rubric: 1: Conventional, Resistant | 2: Practical, Familiar | 3: Curious, Moderate | 4: Inventive, Exploring | 5: Highly Creative, Intellectual",I'm always looking for innovative solutions at work and love exploring new places and ideas in my free time.,4
"Facet: Openness; Definition: Openness to Experience is a personality trait reflecting an individual's receptivity to new ideas, unconventional thinking, and a preference for variety. It encompasses aspects like imagination, intellectual curiosity, artistic interests, and a willingness to explore novel experiences, emotions, and values.; Rubric: 1: Conventional, Resistant | 2: Practical, Familiar | 3: Curious, Moderate | 4: Inventive, Exploring | 5: Highly Creative, Intellectual","My passion is to constantly challenge conventional wisdom, delve into abstract concepts, and create original art that pushes boundaries.",5
"Facet: SelfEsteem; Definition: Self-esteem refers to an individual's overall subjective evaluation of their own worth. It encompasses beliefs about oneself (e.g., 'I am competent,' 'I am worthy') as well as emotional states, such as pride, triumph, despair, and shame.; Rubric: 1: Self-deprecating | 2: Insecure | 3: Neutral/Stable | 4: Confident | 5: Self-assured","I messed that up completely; I'm just not good enough at anything, so I shouldn't even try.",1
"Facet: SelfEsteem; Definition: Self-esteem refers to an individual's overall subjective evaluation of their own worth. It encompasses beliefs about oneself (e.g., 'I am competent,' 'I am worthy') as well as emotional states, such as pride, triumph, despair, and shame.; Rubric: 1: Self-deprecating | 2: Insecure | 3: Neutral/Stable | 4: Confident | 5: Self-assured",I'm worried about presenting this; I hope people don't think my ideas are silly or that I'm not prepared.,2
"Facet: SelfEsteem; Definition: Self-esteem refers to an individual's overall subjective evaluation of their own worth. It encompasses beliefs about oneself (e.g., 'I am competent,' 'I am worthy') as well as emotional states, such as pride, triumph, despair, and shame.; Rubric: 1: Self-deprecating | 2: Insecure | 3: Neutral/Stable | 4: Confident | 5: Self-assured","I think I did okay on that task, neither great nor terrible, just fine.",3
"Facet: SelfEsteem; Definition: Self-esteem refers to an individual's overall subjective evaluation of their own worth. It encompasses beliefs about oneself (e.g., 'I am competent,' 'I am worthy') as well as emotional states, such as pride, triumph, despair, and shame.; Rubric: 1: Self-deprecating | 2: Insecure | 3: Neutral/Stable | 4: Confident | 5: Self-assured",I'm pretty confident in my abilities to handle this new project and believe I can do a good job.,4
"Facet: SelfEsteem; Definition: Self-esteem refers to an individual's overall subjective evaluation of their own worth. It encompasses beliefs about oneself (e.g., 'I am competent,' 'I am worthy') as well as emotional states, such as pride, triumph, despair, and shame.; Rubric: 1: Self-deprecating | 2: Insecure | 3: Neutral/Stable | 4: Confident | 5: Self-assured","I know I can excel at this, and I'm excited to take on the challenge and prove what I'm capable of.",5
"Facet: Comparing alphanumeric data; Definition: The cognitive process of evaluating the similarities, differences, or relationships between two or more sequences of characters that include both letters and numbers (alphanumeric strings). This facet assesses an individual's efficiency, accuracy, and speed in tasks requiring the identification of matches, discrepancies, or verification of alphanumeric information, drawing upon attention, working memory, and pattern recognition.; Rubric: 1: Frequent Errors | 2: Slow & Hesitant | 3: Generally Accurate | 4: Efficient & Precise | 5: Rapid & Flawless",I always seem to mix up the 'O's and '0's when checking these product codes; it takes me forever and I usually get some wrong.,1
"Facet: Comparing alphanumeric data; Definition: The cognitive process of evaluating the similarities, differences, or relationships between two or more sequences of characters that include both letters and numbers (alphanumeric strings). This facet assesses an individual's efficiency, accuracy, and speed in tasks requiring the identification of matches, discrepancies, or verification of alphanumeric information, drawing upon attention, working memory, and pattern recognition.; Rubric: 1: Frequent Errors | 2: Slow & Hesitant | 3: Generally Accurate | 4: Efficient & Precise | 5: Rapid & Flawless","It takes me a while to go through each of these part numbers, double-checking every character, so I'm a bit slower than the others.",2
"Facet: Comparing alphanumeric data; Definition: The cognitive process of evaluating the similarities, differences, or relationships between two or more sequences of characters that include both letters and numbers (alphanumeric strings). This facet assesses an individual's efficiency, accuracy, and speed in tasks requiring the identification of matches, discrepancies, or verification of alphanumeric information, drawing upon attention, working memory, and pattern recognition.; Rubric: 1: Frequent Errors | 2: Slow & Hesitant | 3: Generally Accurate | 4: Efficient & Precise | 5: Rapid & Flawless","I can usually spot the differences between these serial numbers without too much trouble, though I might need to re-read them once or twice.",3
"Facet: Comparing alphanumeric data; Definition: The cognitive process of evaluating the similarities, differences, or relationships between two or more sequences of characters that include both letters and numbers (alphanumeric strings). This facet assesses an individual's efficiency, accuracy, and speed in tasks requiring the identification of matches, discrepancies, or verification of alphanumeric information, drawing upon attention, working memory, and pattern recognition.; Rubric: 1: Frequent Errors | 2: Slow & Hesitant | 3: Generally Accurate | 4: Efficient & Precise | 5: Rapid & Flawless","I can quickly scan these data entries and pinpoint any mismatches in the account numbers, rarely missing an error.",4
"Facet: Comparing alphanumeric data; Definition: The cognitive process of evaluating the similarities, differences, or relationships between two or more sequences of characters that include both letters and numbers (alphanumeric strings). This facet assesses an individual's efficiency, accuracy, and speed in tasks requiring the identification of matches, discrepancies, or verification of alphanumeric information, drawing upon attention, working memory, and pattern recognition.; Rubric: 1: Frequent Errors | 2: Slow & Hesitant | 3: Generally Accurate | 4: Efficient & Precise | 5: Rapid & Flawless",I breeze through comparing these complex invoice IDs; my eyes just seem to instantly pick out any discrepancies.,5
"Facet: Big-heartedness; Definition: Big-heartedness is the quality of being exceptionally generous, kind, and compassionate, characterized by a strong inclination to help others, often selflessly, and demonstrate broad empathy and benevolence.; Rubric: 1: Self-focused | 2: Occasionally considerate | 3: Generally kind | 4: Proactively generous | 5: Selfless & benevolent","Honestly, I don't really think about other people's problems much; I've got enough on my own plate.",1
"Facet: Big-heartedness; Definition: Big-heartedness is the quality of being exceptionally generous, kind, and compassionate, characterized by a strong inclination to help others, often selflessly, and demonstrate broad empathy and benevolence.; Rubric: 1: Self-focused | 2: Occasionally considerate | 3: Generally kind | 4: Proactively generous | 5: Selfless & benevolent","Yeah, I might help out if someone asks directly, but I'm not usually looking for opportunities to volunteer.",2
"Facet: Big-heartedness; Definition: Big-heartedness is the quality of being exceptionally generous, kind, and compassionate, characterized by a strong inclination to help others, often selflessly, and demonstrate broad empathy and benevolence.; Rubric: 1: Self-focused | 2: Occasionally considerate | 3: Generally kind | 4: Proactively generous | 5: Selfless & benevolent","I try to be a good neighbor and will lend a hand if I see someone struggling, though I won't go out of my way.",3
"Facet: Big-heartedness; Definition: Big-heartedness is the quality of being exceptionally generous, kind, and compassionate, characterized by a strong inclination to help others, often selflessly, and demonstrate broad empathy and benevolence.; Rubric: 1: Self-focused | 2: Occasionally considerate | 3: Generally kind | 4: Proactively generous | 5: Selfless & benevolent","I often look for ways to support my friends and community, like organizing a fundraiser or offering my time before being asked.",4
"Facet: Big-heartedness; Definition: Big-heartedness is the quality of being exceptionally generous, kind, and compassionate, characterized by a strong inclination to help others, often selflessly, and demonstrate broad empathy and benevolence.; Rubric: 1: Self-focused | 2: Occasionally considerate | 3: Generally kind | 4: Proactively generous | 5: Selfless & benevolent","My greatest joy comes from helping others, even if it means personal sacrifice; I believe in giving back whenever and wherever I can.",5
"Facet: Compulsive activities; Definition: Repetitive behaviors or mental acts that an individual feels driven to perform in response to an obsession, or according to rules that must be applied rigidly. These activities are aimed at preventing or reducing distress or a dreaded event, but are often excessive, time-consuming, and not realistically connected to their intended outcome, frequently causing significant impairment or distress.; Rubric: 1: Absence | 2: Rare/Minor | 3: Occasional/Manageable | 4: Frequent/Disruptive | 5: Pervasive/Impairing",I rarely find myself doing things out of pure compulsion; I usually have good control over my actions and can easily adapt.,1
"Facet: Compulsive activities; Definition: Repetitive behaviors or mental acts that an individual feels driven to perform in response to an obsession, or according to rules that must be applied rigidly. These activities are aimed at preventing or reducing distress or a dreaded event, but are often excessive, time-consuming, and not realistically connected to their intended outcome, frequently causing significant impairment or distress.; Rubric: 1: Absence | 2: Rare/Minor | 3: Occasional/Manageable | 4: Frequent/Disruptive | 5: Pervasive/Impairing","Sometimes I double-check if the door is locked, but it's usually just once and I move on quickly without much thought.",2
"Facet: Compulsive activities; Definition: Repetitive behaviors or mental acts that an individual feels driven to perform in response to an obsession, or according to rules that must be applied rigidly. These activities are aimed at preventing or reducing distress or a dreaded event, but are often excessive, time-consuming, and not realistically connected to their intended outcome, frequently causing significant impairment or distress.; Rubric: 1: Absence | 2: Rare/Minor | 3: Occasional/Manageable | 4: Frequent/Disruptive | 5: Pervasive/Impairing","I have a few rituals, like organizing my desk just so before starting work, but I can usually skip them if I'm in a hurry without much fuss.",3
"Facet: Compulsive activities; Definition: Repetitive behaviors or mental acts that an individual feels driven to perform in response to an obsession, or according to rules that must be applied rigidly. These activities are aimed at preventing or reducing distress or a dreaded event, but are often excessive, time-consuming, and not realistically connected to their intended outcome, frequently causing significant impairment or distress.; Rubric: 1: Absence | 2: Rare/Minor | 3: Occasional/Manageable | 4: Frequent/Disruptive | 5: Pervasive/Impairing","My need to check all the appliances repeatedly before leaving the house often makes me late, and it's quite frustrating.",4
"Facet: Compulsive activities; Definition: Repetitive behaviors or mental acts that an individual feels driven to perform in response to an obsession, or according to rules that must be applied rigidly. These activities are aimed at preventing or reducing distress or a dreaded event, but are often excessive, time-consuming, and not realistically connected to their intended outcome, frequently causing significant impairment or distress.; Rubric: 1: Absence | 2: Rare/Minor | 3: Occasional/Manageable | 4: Frequent/Disruptive | 5: Pervasive/Impairing","I spend hours every day washing my hands until they're raw, and the constant intrusive thoughts make it almost impossible for me to focus on anything else or even leave the house sometimes.",5
"Facet: Disrespect; Definition: Disrespect is the behavioral manifestation of a lack of regard, consideration, or deference towards an individual, group, or concept. It often involves actions or words that undermine their perceived value, dignity, or authority, ranging from subtle dismissiveness to overt contempt, and can violate social norms, personal boundaries, or established hierarchies.; Rubric: 1: Respectful | 2: Minor oversight | 3: Casual dismissal | 4: Overt belittling | 5: Hostile contempt","Even though we had different opinions, she listened carefully to my points and didn't interrupt.",1
"Facet: Disrespect; Definition: Disrespect is the behavioral manifestation of a lack of regard, consideration, or deference towards an individual, group, or concept. It often involves actions or words that undermine their perceived value, dignity, or authority, ranging from subtle dismissiveness to overt contempt, and can violate social norms, personal boundaries, or established hierarchies.; Rubric: 1: Respectful | 2: Minor oversight | 3: Casual dismissal | 4: Overt belittling | 5: Hostile contempt","Oops, I must have forgotten you mentioned that; my apologies, I didn't mean to ignore it.",2
"Facet: Disrespect; Definition: Disrespect is the behavioral manifestation of a lack of regard, consideration, or deference towards an individual, group, or concept. It often involves actions or words that undermine their perceived value, dignity, or authority, ranging from subtle dismissiveness to overt contempt, and can violate social norms, personal boundaries, or established hierarchies.; Rubric: 1: Respectful | 2: Minor oversight | 3: Casual dismissal | 4: Overt belittling | 5: Hostile contempt","Yeah, I heard what you said, but honestly, I'm just going to do it my way regardless.",3
"Facet: Disrespect; Definition: Disrespect is the behavioral manifestation of a lack of regard, consideration, or deference towards an individual, group, or concept. It often involves actions or words that undermine their perceived value, dignity, or authority, ranging from subtle dismissiveness to overt contempt, and can violate social norms, personal boundaries, or established hierarchies.; Rubric: 1: Respectful | 2: Minor oversight | 3: Casual dismissal | 4: Overt belittling | 5: Hostile contempt",Why are you even bothering me with this? It's clearly a waste of my time.,4
"Facet: Disrespect; Definition: Disrespect is the behavioral manifestation of a lack of regard, consideration, or deference towards an individual, group, or concept. It often involves actions or words that undermine their perceived value, dignity, or authority, ranging from subtle dismissiveness to overt contempt, and can violate social norms, personal boundaries, or established hierarchies.; Rubric: 1: Respectful | 2: Minor oversight | 3: Casual dismissal | 4: Overt belittling | 5: Hostile contempt","Your ideas are completely worthless, and frankly, you're an idiot for even suggesting them.",5
"Facet: FSH level; Definition: FSH level refers to the concentration of Follicle-Stimulating Hormone in the blood, serving as a key physiological indicator of reproductive health and gonadal function in both men and women. Its levels inform understanding of fertility potential, onset of menopause, and potential hormonal imbalances, thereby influencing health management decisions and emotional states related to reproductive status.; Rubric: 1: Suppressed | 2: Adequate | 3: Optimal | 4: Elevated | 5: Depleted","The doctor said my FSH was surprisingly low, suggesting my brain might not be sending the right signals to my reproductive organs.",1
"Facet: FSH level; Definition: FSH level refers to the concentration of Follicle-Stimulating Hormone in the blood, serving as a key physiological indicator of reproductive health and gonadal function in both men and women. Its levels inform understanding of fertility potential, onset of menopause, and potential hormonal imbalances, thereby influencing health management decisions and emotional states related to reproductive status.; Rubric: 1: Suppressed | 2: Adequate | 3: Optimal | 4: Elevated | 5: Depleted","My recent FSH test came back in a good, adequate range, so we're still hopeful about our family planning.",2
"Facet: FSH level; Definition: FSH level refers to the concentration of Follicle-Stimulating Hormone in the blood, serving as a key physiological indicator of reproductive health and gonadal function in both men and women. Its levels inform understanding of fertility potential, onset of menopause, and potential hormonal imbalances, thereby influencing health management decisions and emotional states related to reproductive status.; Rubric: 1: Suppressed | 2: Adequate | 3: Optimal | 4: Elevated | 5: Depleted","My endocrinologist confirmed my FSH levels were perfectly optimal, which is great news for my overall hormonal balance.",3
"Facet: FSH level; Definition: FSH level refers to the concentration of Follicle-Stimulating Hormone in the blood, serving as a key physiological indicator of reproductive health and gonadal function in both men and women. Its levels inform understanding of fertility potential, onset of menopause, and potential hormonal imbalances, thereby influencing health management decisions and emotional states related to reproductive status.; Rubric: 1: Suppressed | 2: Adequate | 3: Optimal | 4: Elevated | 5: Depleted","My fertility specialist mentioned my FSH was a bit elevated for my age, which could indicate my ovarian reserve is starting to decline.",4
"Facet: FSH level; Definition: FSH level refers to the concentration of Follicle-Stimulating Hormone in the blood, serving as a key physiological indicator of reproductive health and gonadal function in both men and women. Its levels inform understanding of fertility potential, onset of menopause, and potential hormonal imbalances, thereby influencing health management decisions and emotional states related to reproductive status.; Rubric: 1: Suppressed | 2: Adequate | 3: Optimal | 4: Elevated | 5: Depleted","After getting my FSH results, it's pretty clear I'm in menopause; the numbers were very high, indicating my ovaries are no longer actively responding.",5
"Facet: Self Perspective; Definition: Self Perspective refers to an individual's internal view and understanding of themselves, encompassing their self-concept, self-esteem, self-efficacy, and how they perceive their identity, capabilities, and value in relation to others and the world.; Rubric: 1: Diminished | 2: Hesitant | 3: Balanced | 4: Confident | 5: Empowered",I just don't think I'm good enough to even try for that promotion; I'd probably mess it up anyway.,1
"Facet: Self Perspective; Definition: Self Perspective refers to an individual's internal view and understanding of themselves, encompassing their self-concept, self-esteem, self-efficacy, and how they perceive their identity, capabilities, and value in relation to others and the world.; Rubric: 1: Diminished | 2: Hesitant | 3: Balanced | 4: Confident | 5: Empowered","I'm not entirely sure I can handle this new project, but I guess I could give it a shot.",2
"Facet: Self Perspective; Definition: Self Perspective refers to an individual's internal view and understanding of themselves, encompassing their self-concept, self-esteem, self-efficacy, and how they perceive their identity, capabilities, and value in relation to others and the world.; Rubric: 1: Diminished | 2: Hesitant | 3: Balanced | 4: Confident | 5: Empowered","I recognize my strengths and weaknesses, and I believe I have the skills to contribute meaningfully to the team.",3
"Facet: Self Perspective; Definition: Self Perspective refers to an individual's internal view and understanding of themselves, encompassing their self-concept, self-esteem, self-efficacy, and how they perceive their identity, capabilities, and value in relation to others and the world.; Rubric: 1: Diminished | 2: Hesitant | 3: Balanced | 4: Confident | 5: Empowered",I'm confident in my abilities to tackle this challenge and I'm looking forward to proving what I can do.,4
"Facet: Self Perspective; Definition: Self Perspective refers to an individual's internal view and understanding of themselves, encompassing their self-concept, self-esteem, self-efficacy, and how they perceive their identity, capabilities, and value in relation to others and the world.; Rubric: 1: Diminished | 2: Hesitant | 3: Balanced | 4: Confident | 5: Empowered","I know my unique value and capabilities, and I'm absolutely ready to lead this initiative and make a significant impact.",5
"Facet: Desperation; Definition: Desperation is a state of mind characterized by an intense feeling of urgency, a loss of hope, and a willingness to take extreme or risky measures to escape a difficult, dangerous, or seemingly insurmountable situation. It often arises from a perception of having no other viable options.; Rubric: 1: Calm | 2: Concerned | 3: Anxious | 4: Panicked | 5: Reckless","Despite the setback, she remained calm and began systematically exploring new avenues to achieve her goal.",1
"Facet: Desperation; Definition: Desperation is a state of mind characterized by an intense feeling of urgency, a loss of hope, and a willingness to take extreme or risky measures to escape a difficult, dangerous, or seemingly insurmountable situation. It often arises from a perception of having no other viable options.; Rubric: 1: Calm | 2: Concerned | 3: Anxious | 4: Panicked | 5: Reckless","He's concerned about the dwindling resources, so he's proactively looking for sustainable alternatives.",2
"Facet: Desperation; Definition: Desperation is a state of mind characterized by an intense feeling of urgency, a loss of hope, and a willingness to take extreme or risky measures to escape a difficult, dangerous, or seemingly insurmountable situation. It often arises from a perception of having no other viable options.; Rubric: 1: Calm | 2: Concerned | 3: Anxious | 4: Panicked | 5: Reckless","With the deadline looming and few options left, she's feeling quite anxious about completing the project on time.",3
"Facet: Desperation; Definition: Desperation is a state of mind characterized by an intense feeling of urgency, a loss of hope, and a willingness to take extreme or risky measures to escape a difficult, dangerous, or seemingly insurmountable situation. It often arises from a perception of having no other viable options.; Rubric: 1: Calm | 2: Concerned | 3: Anxious | 4: Panicked | 5: Reckless","After all his efforts failed, he's now in a panicked state, considering highly risky investments as a last resort.",4
"Facet: Desperation; Definition: Desperation is a state of mind characterized by an intense feeling of urgency, a loss of hope, and a willingness to take extreme or risky measures to escape a difficult, dangerous, or seemingly insurmountable situation. It often arises from a perception of having no other viable options.; Rubric: 1: Calm | 2: Concerned | 3: Anxious | 4: Panicked | 5: Reckless","Feeling completely trapped and without any hope, he made a reckless decision to abandon everything and disappear.",5
"Facet: Affiliation Motivation; Definition: Affiliation motivation is the drive to establish, maintain, or restore positive affective relationships with others. It reflects an individual's desire for social connection, belonging, acceptance, and cooperation, often manifesting as a need to be part of a group or to form close interpersonal bonds.; Rubric: 1: Independent | 2: Selectively Social | 3: Group-Oriented | 4: Collaborative | 5: Community-Driven",I generally prefer to work on projects by myself; I find groups can sometimes complicate things unnecessarily.,1
"Facet: Affiliation Motivation; Definition: Affiliation motivation is the drive to establish, maintain, or restore positive affective relationships with others. It reflects an individual's desire for social connection, belonging, acceptance, and cooperation, often manifesting as a need to be part of a group or to form close interpersonal bonds.; Rubric: 1: Independent | 2: Selectively Social | 3: Group-Oriented | 4: Collaborative | 5: Community-Driven","I enjoy spending time with a close-knit group of friends, but I'm not really one for large parties or constant social engagements.",2
"Facet: Affiliation Motivation; Definition: Affiliation motivation is the drive to establish, maintain, or restore positive affective relationships with others. It reflects an individual's desire for social connection, belonging, acceptance, and cooperation, often manifesting as a need to be part of a group or to form close interpersonal bonds.; Rubric: 1: Independent | 2: Selectively Social | 3: Group-Oriented | 4: Collaborative | 5: Community-Driven","I like both working independently and collaborating with others, depending on what the task requires.",3
"Facet: Affiliation Motivation; Definition: Affiliation motivation is the drive to establish, maintain, or restore positive affective relationships with others. It reflects an individual's desire for social connection, belonging, acceptance, and cooperation, often manifesting as a need to be part of a group or to form close interpersonal bonds.; Rubric: 1: Independent | 2: Selectively Social | 3: Group-Oriented | 4: Collaborative | 5: Community-Driven",I always try to involve my team members and make sure everyone feels heard; I believe we achieve more when we work together.,4
"Facet: Affiliation Motivation; Definition: Affiliation motivation is the drive to establish, maintain, or restore positive affective relationships with others. It reflects an individual's desire for social connection, belonging, acceptance, and cooperation, often manifesting as a need to be part of a group or to form close interpersonal bonds.; Rubric: 1: Independent | 2: Selectively Social | 3: Group-Oriented | 4: Collaborative | 5: Community-Driven",My greatest satisfaction comes from building strong connections and fostering a sense of community wherever I go; I thrive on social interaction and belonging.,5
"Facet: Anatomy knowledge; Definition: Anatomy knowledge refers to the understanding and recall of the structure, location, and interrelationships of the various components of the human body, including organs, bones, muscles, tissues, and systems.; Rubric: 1: Unaware | 2: Basic awareness | 3: Functional recall | 4: Detailed understanding | 5: Expert comprehension","Honestly, I have no idea where my appendix is, let alone what it does.",1
"Facet: Anatomy knowledge; Definition: Anatomy knowledge refers to the understanding and recall of the structure, location, and interrelationships of the various components of the human body, including organs, bones, muscles, tissues, and systems.; Rubric: 1: Unaware | 2: Basic awareness | 3: Functional recall | 4: Detailed understanding | 5: Expert comprehension","I know the heart is in your chest and the brain is in your head, but I couldn't really tell you much more than that.",2
"Facet: Anatomy knowledge; Definition: Anatomy knowledge refers to the understanding and recall of the structure, location, and interrelationships of the various components of the human body, including organs, bones, muscles, tissues, and systems.; Rubric: 1: Unaware | 2: Basic awareness | 3: Functional recall | 4: Detailed understanding | 5: Expert comprehension","I can identify most of the major organs and bones, and I know the difference between the circulatory and digestive systems.",3
"Facet: Anatomy knowledge; Definition: Anatomy knowledge refers to the understanding and recall of the structure, location, and interrelationships of the various components of the human body, including organs, bones, muscles, tissues, and systems.; Rubric: 1: Unaware | 2: Basic awareness | 3: Functional recall | 4: Detailed understanding | 5: Expert comprehension","I'm pretty good at naming all the main muscles and bones, and I can explain the basic function of each part of the nervous system.",4
"Facet: Anatomy knowledge; Definition: Anatomy knowledge refers to the understanding and recall of the structure, location, and interrelationships of the various components of the human body, including organs, bones, muscles, tissues, and systems.; Rubric: 1: Unaware | 2: Basic awareness | 3: Functional recall | 4: Detailed understanding | 5: Expert comprehension",I can accurately label almost every anatomical structure on a detailed diagram and describe their intricate connections and functions.,5
"Facet: Passive-Aggressive; Definition: Passive-aggressive behavior is the indirect expression of hostility, resistance, or resentment, often disguised by outward compliance, politeness, or feigned forgetfulness. It involves a discrepancy between what a person says and what they do, or between their overt and covert actions.; Rubric: 1: Direct | 2: Mildly Indirect | 3: Occasional Resistance | 4: Frequent Covert Hostility | 5: Chronic Sabotage","I'm upset that you didn't help with the dishes, and I'd like to discuss it now.",1
"Facet: Passive-Aggressive; Definition: Passive-aggressive behavior is the indirect expression of hostility, resistance, or resentment, often disguised by outward compliance, politeness, or feigned forgetfulness. It involves a discrepancy between what a person says and what they do, or between their overt and covert actions.; Rubric: 1: Direct | 2: Mildly Indirect | 3: Occasional Resistance | 4: Frequent Covert Hostility | 5: Chronic Sabotage","Oh, don't worry about the dishes, I'll just get to them whenever I have a spare moment... no rush at all.",2
"Facet: Passive-Aggressive; Definition: Passive-aggressive behavior is the indirect expression of hostility, resistance, or resentment, often disguised by outward compliance, politeness, or feigned forgetfulness. It involves a discrepancy between what a person says and what they do, or between their overt and covert actions.; Rubric: 1: Direct | 2: Mildly Indirect | 3: Occasional Resistance | 4: Frequent Covert Hostility | 5: Chronic Sabotage","Sure, I can help with that report, but I'm really swamped, so it might take a while to get to it, maybe by next week.",3
"Facet: Passive-Aggressive; Definition: Passive-aggressive behavior is the indirect expression of hostility, resistance, or resentment, often disguised by outward compliance, politeness, or feigned forgetfulness. It involves a discrepancy between what a person says and what they do, or between their overt and covert actions.; Rubric: 1: Direct | 2: Mildly Indirect | 3: Occasional Resistance | 4: Frequent Covert Hostility | 5: Chronic Sabotage","I'd love to help with your project, but I'm just so busy with *my* tasks, unlike some people who seem to have all the free time in the world.",4
"Facet: Passive-Aggressive; Definition: Passive-aggressive behavior is the indirect expression of hostility, resistance, or resentment, often disguised by outward compliance, politeness, or feigned forgetfulness. It involves a discrepancy between what a person says and what they do, or between their overt and covert actions.; Rubric: 1: Direct | 2: Mildly Indirect | 3: Occasional Resistance | 4: Frequent Covert Hostility | 5: Chronic Sabotage","I completely forgot about that deadline you mentioned for the presentation. I guess it just slipped my mind with everything else going on. Oh well, what's done is done.",5
"Facet: Presence of Spiritual Pain; Definition: Spiritual pain refers to suffering experienced when an individual's spiritual or existential well-being is challenged, disrupted, or feels profoundly disconnected. This can manifest as a loss of meaning, purpose, hope, a sense of guilt or shame related to spiritual beliefs, or a feeling of abandonment by a higher power, community, or one's inner self. It is distinct from, but often intersects with, religious belief.; Rubric: 1: Serene/Connected | 2: Minor Unease | 3: Moderate Distress | 4: Significant Anguish | 5: Profound Despair","Even with all the challenges, I still feel a deep sense of peace and connection to what truly matters in my life.",1
"Facet: Presence of Spiritual Pain; Definition: Spiritual pain refers to suffering experienced when an individual's spiritual or existential well-being is challenged, disrupted, or feels profoundly disconnected. This can manifest as a loss of meaning, purpose, hope, a sense of guilt or shame related to spiritual beliefs, or a feeling of abandonment by a higher power, community, or one's inner self. It is distinct from, but often intersects with, religious belief.; Rubric: 1: Serene/Connected | 2: Minor Unease | 3: Moderate Distress | 4: Significant Anguish | 5: Profound Despair","I've been feeling a bit unsettled lately, like something's just a little off with my sense of purpose, but it's not overwhelming.",2
"Facet: Presence of Spiritual Pain; Definition: Spiritual pain refers to suffering experienced when an individual's spiritual or existential well-being is challenged, disrupted, or feels profoundly disconnected. This can manifest as a loss of meaning, purpose, hope, a sense of guilt or shame related to spiritual beliefs, or a feeling of abandonment by a higher power, community, or one's inner self. It is distinct from, but often intersects with, religious belief.; Rubric: 1: Serene/Connected | 2: Minor Unease | 3: Moderate Distress | 4: Significant Anguish | 5: Profound Despair","I'm really struggling to find meaning in my life right now, and it's making me question a lot of things I used to believe in.",3
"Facet: Presence of Spiritual Pain; Definition: Spiritual pain refers to suffering experienced when an individual's spiritual or existential well-being is challenged, disrupted, or feels profoundly disconnected. This can manifest as a loss of meaning, purpose, hope, a sense of guilt or shame related to spiritual beliefs, or a feeling of abandonment by a higher power, community, or one's inner self. It is distinct from, but often intersects with, religious belief.; Rubric: 1: Serene/Connected | 2: Minor Unease | 3: Moderate Distress | 4: Significant Anguish | 5: Profound Despair","I feel completely lost and abandoned, like my spirit is broken, and I'm overwhelmed by a sense of emptiness.",4
"Facet: Presence of Spiritual Pain; Definition: Spiritual pain refers to suffering experienced when an individual's spiritual or existential well-being is challenged, disrupted, or feels profoundly disconnected. This can manifest as a loss of meaning, purpose, hope, a sense of guilt or shame related to spiritual beliefs, or a feeling of abandonment by a higher power, community, or one's inner self. It is distinct from, but often intersects with, religious belief.; Rubric: 1: Serene/Connected | 2: Minor Unease | 3: Moderate Distress | 4: Significant Anguish | 5: Profound Despair","There's just no hope left for me; my faith is shattered, and I feel an unbearable, crushing emptiness that nothing can fill.",5
"Facet: Role of Spirituality in Community Involvement; Definition: The extent to which an individual's spiritual beliefs, practices, and sense of transcendent purpose motivate and shape their active participation, contribution, and engagement within their local or broader community, often manifesting as service, advocacy, or collective action.; Rubric: 1: Disengaged | 2: Peripherally Motivated | 3: Occasionally Influenced | 4: Regularly Integrated | 5: Core-Driven Engagement","Honestly, my spiritual path is pretty personal, and I don't really see it connecting to what's happening in the neighborhood.",1
"Facet: Role of Spirituality in Community Involvement; Definition: The extent to which an individual's spiritual beliefs, practices, and sense of transcendent purpose motivate and shape their active participation, contribution, and engagement within their local or broader community, often manifesting as service, advocacy, or collective action.; Rubric: 1: Disengaged | 2: Peripherally Motivated | 3: Occasionally Influenced | 4: Regularly Integrated | 5: Core-Driven Engagement","Sometimes I'll help out with a food drive if my spiritual group organizes it, but it's not a regular thing for me otherwise.",2
"Facet: Role of Spirituality in Community Involvement; Definition: The extent to which an individual's spiritual beliefs, practices, and sense of transcendent purpose motivate and shape their active participation, contribution, and engagement within their local or broader community, often manifesting as service, advocacy, or collective action.; Rubric: 1: Disengaged | 2: Peripherally Motivated | 3: Occasionally Influenced | 4: Regularly Integrated | 5: Core-Driven Engagement","My faith encourages service, so I try to volunteer a few times a year, especially for causes that resonate with my values.",3
"Facet: Role of Spirituality in Community Involvement; Definition: The extent to which an individual's spiritual beliefs, practices, and sense of transcendent purpose motivate and shape their active participation, contribution, and engagement within their local or broader community, often manifesting as service, advocacy, or collective action.; Rubric: 1: Disengaged | 2: Peripherally Motivated | 3: Occasionally Influenced | 4: Regularly Integrated | 5: Core-Driven Engagement",My spiritual practice deeply informs my commitment to community service; I'm regularly involved in local initiatives and advocacy through my congregation.,4
"Facet: Role of Spirituality in Community Involvement; Definition: The extent to which an individual's spiritual beliefs, practices, and sense of transcendent purpose motivate and shape their active participation, contribution, and engagement within their local or broader community, often manifesting as service, advocacy, or collective action.; Rubric: 1: Disengaged | 2: Peripherally Motivated | 3: Occasionally Influenced | 4: Regularly Integrated | 5: Core-Driven Engagement","For me, community involvement isn't just an activity; it's an intrinsic expression of my spiritual calling to foster justice and compassion in the world.",5
"Facet: Structure; Definition: Structure, in a behavioral context, refers to an individual's preference for, or reliance on, order, organization, predictability, and clearly defined rules, processes, or guidelines in their environment, tasks, or interactions. It reflects the degree to which one seeks or creates systematic arrangements versus preferring flexibility or ambiguity.; Rubric: 1: Unstructured | 2: Flexible | 3: Accommodates | 4: Organizes | 5: Systematizes",I really hate having a strict schedule; I prefer to just see where the day takes me.,1
"Facet: Structure; Definition: Structure, in a behavioral context, refers to an individual's preference for, or reliance on, order, organization, predictability, and clearly defined rules, processes, or guidelines in their environment, tasks, or interactions. It reflects the degree to which one seeks or creates systematic arrangements versus preferring flexibility or ambiguity.; Rubric: 1: Unstructured | 2: Flexible | 3: Accommodates | 4: Organizes | 5: Systematizes","I don't mind having a general plan, but I'm totally fine if things change last minute.",2
"Facet: Structure; Definition: Structure, in a behavioral context, refers to an individual's preference for, or reliance on, order, organization, predictability, and clearly defined rules, processes, or guidelines in their environment, tasks, or interactions. It reflects the degree to which one seeks or creates systematic arrangements versus preferring flexibility or ambiguity.; Rubric: 1: Unstructured | 2: Flexible | 3: Accommodates | 4: Organizes | 5: Systematizes","While I don't always create detailed plans myself, I can certainly work within a given framework.",3
"Facet: Structure; Definition: Structure, in a behavioral context, refers to an individual's preference for, or reliance on, order, organization, predictability, and clearly defined rules, processes, or guidelines in their environment, tasks, or interactions. It reflects the degree to which one seeks or creates systematic arrangements versus preferring flexibility or ambiguity.; Rubric: 1: Unstructured | 2: Flexible | 3: Accommodates | 4: Organizes | 5: Systematizes",I usually like to have a clear agenda for meetings so we stay on track and know what to expect.,4
"Facet: Structure; Definition: Structure, in a behavioral context, refers to an individual's preference for, or reliance on, order, organization, predictability, and clearly defined rules, processes, or guidelines in their environment, tasks, or interactions. It reflects the degree to which one seeks or creates systematic arrangements versus preferring flexibility or ambiguity.; Rubric: 1: Unstructured | 2: Flexible | 3: Accommodates | 4: Organizes | 5: Systematizes","Before starting any new project, I always map out every step and create a detailed timeline.",5
"Facet: Eco-tourism trips; Definition: Eco-tourism trips refer to responsible travel to natural areas that conserves the environment, sustains the well-being of the local people, and involves interpretation and education. It emphasizes minimizing negative impacts while maximizing positive social, economic, and environmental benefits.; Rubric: 1: Unaware | 2: Passive | 3: Mindful | 4: Engaged | 5: Dedicated","I've heard the term 'eco-tourism,' but I honestly just pick my travel destinations based on price and how good the beaches look.",1
"Facet: Eco-tourism trips; Definition: Eco-tourism trips refer to responsible travel to natural areas that conserves the environment, sustains the well-being of the local people, and involves interpretation and education. It emphasizes minimizing negative impacts while maximizing positive social, economic, and environmental benefits.; Rubric: 1: Unaware | 2: Passive | 3: Mindful | 4: Engaged | 5: Dedicated","When I travel, I try to remember to turn off the lights when I leave the hotel room, and if there's a recycling option, I'll use it.",2
"Facet: Eco-tourism trips; Definition: Eco-tourism trips refer to responsible travel to natural areas that conserves the environment, sustains the well-being of the local people, and involves interpretation and education. It emphasizes minimizing negative impacts while maximizing positive social, economic, and environmental benefits.; Rubric: 1: Unaware | 2: Passive | 3: Mindful | 4: Engaged | 5: Dedicated","For my last vacation, I specifically looked for a tour operator that mentioned supporting local communities and minimizing waste, even if it meant a slightly higher cost.",3
"Facet: Eco-tourism trips; Definition: Eco-tourism trips refer to responsible travel to natural areas that conserves the environment, sustains the well-being of the local people, and involves interpretation and education. It emphasizes minimizing negative impacts while maximizing positive social, economic, and environmental benefits.; Rubric: 1: Unaware | 2: Passive | 3: Mindful | 4: Engaged | 5: Dedicated","My family and I just returned from a trip where we stayed at an eco-lodge, participated in a coral reef restoration project, and learned about the local culture from indigenous guides.",4
"Facet: Eco-tourism trips; Definition: Eco-tourism trips refer to responsible travel to natural areas that conserves the environment, sustains the well-being of the local people, and involves interpretation and education. It emphasizes minimizing negative impacts while maximizing positive social, economic, and environmental benefits.; Rubric: 1: Unaware | 2: Passive | 3: Mindful | 4: Engaged | 5: Dedicated","I meticulously research the environmental and social impact of every component of my trips, exclusively using certified eco-tour operators and offsetting my carbon footprint, often volunteering for conservation efforts during my stay.",5
"Facet: Chivalrousness; Definition: Chivalrousness is a behavioral facet characterized by courtesy, honor, generosity, and a protective disposition, often directed towards others, particularly those perceived as vulnerable or in need, and typically involving a willingness to act for their benefit or defense.; Rubric: 1: Disregardful | 2: Perfunctory | 3: Situationally Polite | 4: Proactively Helpful | 5: Self-Sacrificing","He just walked right past the person struggling with their groceries without even a glance, completely focused on his phone.",1
"Facet: Chivalrousness; Definition: Chivalrousness is a behavioral facet characterized by courtesy, honor, generosity, and a protective disposition, often directed towards others, particularly those perceived as vulnerable or in need, and typically involving a willingness to act for their benefit or defense.; Rubric: 1: Disregardful | 2: Perfunctory | 3: Situationally Polite | 4: Proactively Helpful | 5: Self-Sacrificing","He held the door open, but only after someone else pointed out that it was about to close on the next person.",2
"Facet: Chivalrousness; Definition: Chivalrousness is a behavioral facet characterized by courtesy, honor, generosity, and a protective disposition, often directed towards others, particularly those perceived as vulnerable or in need, and typically involving a willingness to act for their benefit or defense.; Rubric: 1: Disregardful | 2: Perfunctory | 3: Situationally Polite | 4: Proactively Helpful | 5: Self-Sacrificing","When his date arrived, he stood up and pulled out her chair, as he usually does in formal settings.",3
"Facet: Chivalrousness; Definition: Chivalrousness is a behavioral facet characterized by courtesy, honor, generosity, and a protective disposition, often directed towards others, particularly those perceived as vulnerable or in need, and typically involving a willingness to act for their benefit or defense.; Rubric: 1: Disregardful | 2: Perfunctory | 3: Situationally Polite | 4: Proactively Helpful | 5: Self-Sacrificing","Seeing an elderly person trying to reach a high shelf, he immediately offered to help them get what they needed.",4
"Facet: Chivalrousness; Definition: Chivalrousness is a behavioral facet characterized by courtesy, honor, generosity, and a protective disposition, often directed towards others, particularly those perceived as vulnerable or in need, and typically involving a willingness to act for their benefit or defense.; Rubric: 1: Disregardful | 2: Perfunctory | 3: Situationally Polite | 4: Proactively Helpful | 5: Self-Sacrificing","Without a second thought, he stepped between the stranger and the aggressive dog, putting himself at risk to protect them.",5
"Facet: Pilgrimage participation count; Definition: The total number of distinct journeys an individual has undertaken to a sacred site or destination, typically for religious, spiritual, or personal transformative reasons, often involving a significant physical or spiritual effort.; Rubric: 1: None | 2: Seldom | 3: Moderate | 4: Regular | 5: Extensive","I've always been interested in pilgrimages, but I haven't had the opportunity to go on one myself yet.",1
"Facet: Pilgrimage participation count; Definition: The total number of distinct journeys an individual has undertaken to a sacred site or destination, typically for religious, spiritual, or personal transformative reasons, often involving a significant physical or spiritual effort.; Rubric: 1: None | 2: Seldom | 3: Moderate | 4: Regular | 5: Extensive","I participated in a pilgrimage to a local shrine once, many years ago, but it's been my only experience.",2
"Facet: Pilgrimage participation count; Definition: The total number of distinct journeys an individual has undertaken to a sacred site or destination, typically for religious, spiritual, or personal transformative reasons, often involving a significant physical or spiritual effort.; Rubric: 1: None | 2: Seldom | 3: Moderate | 4: Regular | 5: Extensive","Over the years, I've joined a few different pilgrimages, maybe three or four, often with my church group.",3
"Facet: Pilgrimage participation count; Definition: The total number of distinct journeys an individual has undertaken to a sacred site or destination, typically for religious, spiritual, or personal transformative reasons, often involving a significant physical or spiritual effort.; Rubric: 1: None | 2: Seldom | 3: Moderate | 4: Regular | 5: Extensive","I make an effort to go on a pilgrimage almost every other year, exploring different sacred sites around the world.",4
"Facet: Pilgrimage participation count; Definition: The total number of distinct journeys an individual has undertaken to a sacred site or destination, typically for religious, spiritual, or personal transformative reasons, often involving a significant physical or spiritual effort.; Rubric: 1: None | 2: Seldom | 3: Moderate | 4: Regular | 5: Extensive","Pilgrimages are central to my spiritual practice; I've completed dozens of them, including multiple long-distance routes and return visits to significant holy places.",5
"Facet: Mindfulness facet: Observing; Definition: The capacity to notice and attend to internal and external phenomena (e.g., thoughts, feelings, bodily sensations, sights, sounds) without judgment or immediate reaction, simply observing them as they unfold.; Rubric: 1: Unaware/Dismissive | 2: Rarely Noticing | 3: Sometimes Noticing | 4: Often Noticing | 5: Consistently Observing","Honestly, I don't really pay attention to how my body feels or what thoughts are running through my head; I just try to push through my day.",1
"Facet: Mindfulness facet: Observing; Definition: The capacity to notice and attend to internal and external phenomena (e.g., thoughts, feelings, bodily sensations, sights, sounds) without judgment or immediate reaction, simply observing them as they unfold.; Rubric: 1: Unaware/Dismissive | 2: Rarely Noticing | 3: Sometimes Noticing | 4: Often Noticing | 5: Consistently Observing","Sometimes I might notice my breath for a second, but then I quickly get distracted by my to-do list and forget about it.",2
"Facet: Mindfulness facet: Observing; Definition: The capacity to notice and attend to internal and external phenomena (e.g., thoughts, feelings, bodily sensations, sights, sounds) without judgment or immediate reaction, simply observing them as they unfold.; Rubric: 1: Unaware/Dismissive | 2: Rarely Noticing | 3: Sometimes Noticing | 4: Often Noticing | 5: Consistently Observing","I'm starting to notice my emotions more often, like when I feel stressed, but it's still hard to just watch them without getting caught up.",3
"Facet: Mindfulness facet: Observing; Definition: The capacity to notice and attend to internal and external phenomena (e.g., thoughts, feelings, bodily sensations, sights, sounds) without judgment or immediate reaction, simply observing them as they unfold.; Rubric: 1: Unaware/Dismissive | 2: Rarely Noticing | 3: Sometimes Noticing | 4: Often Noticing | 5: Consistently Observing","Lately, I've been pretty good at noticing my thoughts without immediately reacting; I can see them come and go more often now.",4
"Facet: Mindfulness facet: Observing; Definition: The capacity to notice and attend to internal and external phenomena (e.g., thoughts, feelings, bodily sensations, sights, sounds) without judgment or immediate reaction, simply observing them as they unfold.; Rubric: 1: Unaware/Dismissive | 2: Rarely Noticing | 3: Sometimes Noticing | 4: Often Noticing | 5: Consistently Observing","Even in really busy moments, I can consistently observe my sensations, thoughts, and the sounds around me without getting pulled into them, just watching.",5
"Facet: Submissiveness; Definition: Submissiveness is the tendency to yield to the will, authority, or control of others, often characterized by a lack of assertiveness, a readiness to comply, and a deference to the opinions or desires of others, even when it might be against one's own preferences. It can manifest as a preference for following rather than leading, or avoiding conflict by acquiescing.; Rubric: 1: Assertive, Independent | 2: Self-assured, Occasionally yielding | 3: Compliant, Cooperative | 4: Deferential, Readily acquiescent | 5: Passive, Obedient","I appreciate your suggestion, but I've already decided to go with my own plan for this project.",1
"Facet: Submissiveness; Definition: Submissiveness is the tendency to yield to the will, authority, or control of others, often characterized by a lack of assertiveness, a readiness to comply, and a deference to the opinions or desires of others, even when it might be against one's own preferences. It can manifest as a preference for following rather than leading, or avoiding conflict by acquiescing.; Rubric: 1: Assertive, Independent | 2: Self-assured, Occasionally yielding | 3: Compliant, Cooperative | 4: Deferential, Readily acquiescent | 5: Passive, Obedient","I'm usually pretty firm in my opinions, but I can see your point, so I'll go along with it this time.",2
"Facet: Submissiveness; Definition: Submissiveness is the tendency to yield to the will, authority, or control of others, often characterized by a lack of assertiveness, a readiness to comply, and a deference to the opinions or desires of others, even when it might be against one's own preferences. It can manifest as a preference for following rather than leading, or avoiding conflict by acquiescing.; Rubric: 1: Assertive, Independent | 2: Self-assured, Occasionally yielding | 3: Compliant, Cooperative | 4: Deferential, Readily acquiescent | 5: Passive, Obedient","Whatever the group decides, I'm happy to help out and make it work.",3
"Facet: Submissiveness; Definition: Submissiveness is the tendency to yield to the will, authority, or control of others, often characterized by a lack of assertiveness, a readiness to comply, and a deference to the opinions or desires of others, even when it might be against one's own preferences. It can manifest as a preference for following rather than leading, or avoiding conflict by acquiescing.; Rubric: 1: Assertive, Independent | 2: Self-assured, Occasionally yielding | 3: Compliant, Cooperative | 4: Deferential, Readily acquiescent | 5: Passive, Obedient","If you think that's the best approach, then I'll definitely follow your lead on this, no questions asked.",4
"Facet: Submissiveness; Definition: Submissiveness is the tendency to yield to the will, authority, or control of others, often characterized by a lack of assertiveness, a readiness to comply, and a deference to the opinions or desires of others, even when it might be against one's own preferences. It can manifest as a preference for following rather than leading, or avoiding conflict by acquiescing.; Rubric: 1: Assertive, Independent | 2: Self-assured, Occasionally yielding | 3: Compliant, Cooperative | 4: Deferential, Readily acquiescent | 5: Passive, Obedient","Just tell me exactly what you want me to do, and I'll do it without hesitation, even if it's not what I'd prefer.",5
"Facet: Training-cycle length; Definition: Training-cycle length refers to the typical duration or periodicity of a structured learning, practice, or development phase, from its initiation to its completion or review, before the next cycle begins or the acquired skills are fully deployed. It reflects the time investment in a single, focused period of skill acquisition or performance enhancement.; Rubric: 1: Minimal/Ad-hoc | 2: Short/Irregular | 3: Moderate/Standard | 4: Extended/Structured | 5: Continuous/Deep","Honestly, we barely even have a training cycle; it's more like a quick, ad-hoc demo if we get one.",1
"Facet: Training-cycle length; Definition: Training-cycle length refers to the typical duration or periodicity of a structured learning, practice, or development phase, from its initiation to its completion or review, before the next cycle begins or the acquired skills are fully deployed. It reflects the time investment in a single, focused period of skill acquisition or performance enhancement.; Rubric: 1: Minimal/Ad-hoc | 2: Short/Irregular | 3: Moderate/Standard | 4: Extended/Structured | 5: Continuous/Deep","Our training cycles are pretty short, usually just a day or two, so we don't get much deep practice before moving on.",2
"Facet: Training-cycle length; Definition: Training-cycle length refers to the typical duration or periodicity of a structured learning, practice, or development phase, from its initiation to its completion or review, before the next cycle begins or the acquired skills are fully deployed. It reflects the time investment in a single, focused period of skill acquisition or performance enhancement.; Rubric: 1: Minimal/Ad-hoc | 2: Short/Irregular | 3: Moderate/Standard | 4: Extended/Structured | 5: Continuous/Deep","We typically run a two-week training cycle for new hires, which seems to cover the basics fairly well.",3
"Facet: Training-cycle length; Definition: Training-cycle length refers to the typical duration or periodicity of a structured learning, practice, or development phase, from its initiation to its completion or review, before the next cycle begins or the acquired skills are fully deployed. It reflects the time investment in a single, focused period of skill acquisition or performance enhancement.; Rubric: 1: Minimal/Ad-hoc | 2: Short/Irregular | 3: Moderate/Standard | 4: Extended/Structured | 5: Continuous/Deep","The new program incorporates a month-long training cycle, allowing for thorough skill development and practical application.",4
"Facet: Training-cycle length; Definition: Training-cycle length refers to the typical duration or periodicity of a structured learning, practice, or development phase, from its initiation to its completion or review, before the next cycle begins or the acquired skills are fully deployed. It reflects the time investment in a single, focused period of skill acquisition or performance enhancement.; Rubric: 1: Minimal/Ad-hoc | 2: Short/Irregular | 3: Moderate/Standard | 4: Extended/Structured | 5: Continuous/Deep","For critical roles, our training cycle is practically continuous, involving ongoing mentorship and advanced modules spanning several months, ensuring deep mastery.",5
"Facet: Sensitiveness; Definition: Sensitiveness refers to the degree to which an individual is susceptible to emotional or sensory stimuli, often manifesting as a strong emotional response, an acute awareness of subtle cues, or being easily affected by the feelings or actions of others.; Rubric: 1: Unresponsive | 2: Resilient | 3: Perceptive | 4: Empathetic | 5: Overwhelmed",He's really not bothered by criticism; it just rolls right off his back.,1
"Facet: Sensitiveness; Definition: Sensitiveness refers to the degree to which an individual is susceptible to emotional or sensory stimuli, often manifesting as a strong emotional response, an acute awareness of subtle cues, or being easily affected by the feelings or actions of others.; Rubric: 1: Unresponsive | 2: Resilient | 3: Perceptive | 4: Empathetic | 5: Overwhelmed",She takes feedback well and doesn't let minor setbacks get to her too much.,2
"Facet: Sensitiveness; Definition: Sensitiveness refers to the degree to which an individual is susceptible to emotional or sensory stimuli, often manifesting as a strong emotional response, an acute awareness of subtle cues, or being easily affected by the feelings or actions of others.; Rubric: 1: Unresponsive | 2: Resilient | 3: Perceptive | 4: Empathetic | 5: Overwhelmed","He's pretty good at picking up on people's moods, but he usually keeps his cool.",3
"Facet: Sensitiveness; Definition: Sensitiveness refers to the degree to which an individual is susceptible to emotional or sensory stimuli, often manifesting as a strong emotional response, an acute awareness of subtle cues, or being easily affected by the feelings or actions of others.; Rubric: 1: Unresponsive | 2: Resilient | 3: Perceptive | 4: Empathetic | 5: Overwhelmed",She's so sensitive; you can tell she really feels what others are going through.,4
"Facet: Sensitiveness; Definition: Sensitiveness refers to the degree to which an individual is susceptible to emotional or sensory stimuli, often manifesting as a strong emotional response, an acute awareness of subtle cues, or being easily affected by the feelings or actions of others.; Rubric: 1: Unresponsive | 2: Resilient | 3: Perceptive | 4: Empathetic | 5: Overwhelmed","He gets incredibly upset by the smallest negative comment, sometimes it's hard to talk to him.",5
"Facet: Negative Affect Frequency; Definition: Negative Affect Frequency refers to the typical rate or regularity with which an individual experiences negative emotions such as sadness, anger, anxiety, guilt, or disgust. It quantifies how often these unpleasant emotional states occur, rather than their intensity or duration.; Rubric: 1: Rarely | 2: Infrequently | 3: Sometimes | 4: Frequently | 5: Almost Constantly","Honestly, I can't remember the last time I felt genuinely upset or worried about something; it's just not how I usually feel.",1
"Facet: Negative Affect Frequency; Definition: Negative Affect Frequency refers to the typical rate or regularity with which an individual experiences negative emotions such as sadness, anger, anxiety, guilt, or disgust. It quantifies how often these unpleasant emotional states occur, rather than their intensity or duration.; Rubric: 1: Rarely | 2: Infrequently | 3: Sometimes | 4: Frequently | 5: Almost Constantly","I get a bit annoyed or down every now and then, but it's pretty rare for me to dwell on negative feelings.",2
"Facet: Negative Affect Frequency; Definition: Negative Affect Frequency refers to the typical rate or regularity with which an individual experiences negative emotions such as sadness, anger, anxiety, guilt, or disgust. It quantifies how often these unpleasant emotional states occur, rather than their intensity or duration.; Rubric: 1: Rarely | 2: Infrequently | 3: Sometimes | 4: Frequently | 5: Almost Constantly","Yeah, I have my days where I feel a bit stressed or frustrated, maybe a couple of times a week, but it passes.",3
"Facet: Negative Affect Frequency; Definition: Negative Affect Frequency refers to the typical rate or regularity with which an individual experiences negative emotions such as sadness, anger, anxiety, guilt, or disgust. It quantifies how often these unpleasant emotional states occur, rather than their intensity or duration.; Rubric: 1: Rarely | 2: Infrequently | 3: Sometimes | 4: Frequently | 5: Almost Constantly","It feels like I'm often battling some kind of negative emotion, whether it's anxiety about work or just general irritation.",4
"Facet: Negative Affect Frequency; Definition: Negative Affect Frequency refers to the typical rate or regularity with which an individual experiences negative emotions such as sadness, anger, anxiety, guilt, or disgust. It quantifies how often these unpleasant emotional states occur, rather than their intensity or duration.; Rubric: 1: Rarely | 2: Infrequently | 3: Sometimes | 4: Frequently | 5: Almost Constantly","I pretty much wake up feeling anxious or sad, and it just seems to follow me through the whole day, every day.",5
"Facet: Innovation and Creativity Components; Definition: The capacity to generate novel, useful, and original ideas, solutions, or approaches, coupled with the ability to implement them effectively to create value or solve problems. It encompasses divergent thinking, convergent thinking, problem identification, and a willingness to challenge existing paradigms.; Rubric: 1: Conventional | 2: Derivative | 3: Adaptive | 4: Inventive | 5: Transformative","When faced with a challenge, Sarah always sticks to the tried-and-true methods; she rarely suggests anything new.",1
"Facet: Innovation and Creativity Components; Definition: The capacity to generate novel, useful, and original ideas, solutions, or approaches, coupled with the ability to implement them effectively to create value or solve problems. It encompasses divergent thinking, convergent thinking, problem identification, and a willingness to challenge existing paradigms.; Rubric: 1: Conventional | 2: Derivative | 3: Adaptive | 4: Inventive | 5: Transformative","While Tom's proposal had a few fresh elements, it largely felt like a rehash of what other teams have done before.",2
"Facet: Innovation and Creativity Components; Definition: The capacity to generate novel, useful, and original ideas, solutions, or approaches, coupled with the ability to implement them effectively to create value or solve problems. It encompasses divergent thinking, convergent thinking, problem identification, and a willingness to challenge existing paradigms.; Rubric: 1: Conventional | 2: Derivative | 3: Adaptive | 4: Inventive | 5: Transformative","Maria is quite good at brainstorming new ways to approach a task, though her ideas usually build upon existing frameworks rather than creating entirely new ones.",3
"Facet: Innovation and Creativity Components; Definition: The capacity to generate novel, useful, and original ideas, solutions, or approaches, coupled with the ability to implement them effectively to create value or solve problems. It encompasses divergent thinking, convergent thinking, problem identification, and a willingness to challenge existing paradigms.; Rubric: 1: Conventional | 2: Derivative | 3: Adaptive | 4: Inventive | 5: Transformative","David consistently comes up with ingenious solutions that significantly improve our processes, often seeing connections others miss.",4
"Facet: Innovation and Creativity Components; Definition: The capacity to generate novel, useful, and original ideas, solutions, or approaches, coupled with the ability to implement them effectively to create value or solve problems. It encompasses divergent thinking, convergent thinking, problem identification, and a willingness to challenge existing paradigms.; Rubric: 1: Conventional | 2: Derivative | 3: Adaptive | 4: Inventive | 5: Transformative",Dr. Anya's research not only introduced a completely new theoretical model but also provided a groundbreaking methodology that revolutionized the entire field.,5
"Facet: Achievement Motivation; Definition: Achievement motivation is an individual's intrinsic drive to excel, overcome challenges, and achieve high standards of performance. It involves a strong desire for mastery, success, and a willingness to persist through difficulties to reach ambitious goals.; Rubric: 1: Apathetic | 2: Complacent | 3: Competent | 4: Ambitious | 5: Relentless","Honestly, I'm pretty happy just doing enough to get by; I don't really see the point in pushing myself beyond what's required.",1
"Facet: Achievement Motivation; Definition: Achievement motivation is an individual's intrinsic drive to excel, overcome challenges, and achieve high standards of performance. It involves a strong desire for mastery, success, and a willingness to persist through difficulties to reach ambitious goals.; Rubric: 1: Apathetic | 2: Complacent | 3: Competent | 4: Ambitious | 5: Relentless","I'll do the work, and I don't mind doing a decent job, but if it gets too challenging, I'm usually content with just an average outcome.",2
"Facet: Achievement Motivation; Definition: Achievement motivation is an individual's intrinsic drive to excel, overcome challenges, and achieve high standards of performance. It involves a strong desire for mastery, success, and a willingness to persist through difficulties to reach ambitious goals.; Rubric: 1: Apathetic | 2: Complacent | 3: Competent | 4: Ambitious | 5: Relentless","I like to do a good job and feel competent in what I do, and I'll take initiative when needed, but I don't always feel the need to be the absolute best.",3
"Facet: Achievement Motivation; Definition: Achievement motivation is an individual's intrinsic drive to excel, overcome challenges, and achieve high standards of performance. It involves a strong desire for mastery, success, and a willingness to persist through difficulties to reach ambitious goals.; Rubric: 1: Apathetic | 2: Complacent | 3: Competent | 4: Ambitious | 5: Relentless","I'm always looking for ways to improve and challenge myself, even if it means putting in extra effort to truly excel and set new standards.",4
"Facet: Achievement Motivation; Definition: Achievement motivation is an individual's intrinsic drive to excel, overcome challenges, and achieve high standards of performance. It involves a strong desire for mastery, success, and a willingness to persist through difficulties to reach ambitious goals.; Rubric: 1: Apathetic | 2: Complacent | 3: Competent | 4: Ambitious | 5: Relentless","I'm constantly setting very ambitious goals and I won't stop until I've not only met but surpassed them, no matter how difficult or time-consuming it gets.",5
"Facet: Feedback-giving frequency; Definition: Feedback-giving frequency refers to the rate or regularity at which an individual provides information, observations, or evaluations to others regarding their performance, behavior, or outcomes, with the intention of guiding, reinforcing, or correcting their actions.; Rubric: 1: Rarely | 2: Infrequently | 3: Occasionally | 4: Regularly | 5: Constantly","Honestly, I almost never tell people what I think about their work unless they specifically ask, and even then, I might just nod.",1
"Facet: Feedback-giving frequency; Definition: Feedback-giving frequency refers to the rate or regularity at which an individual provides information, observations, or evaluations to others regarding their performance, behavior, or outcomes, with the intention of guiding, reinforcing, or correcting their actions.; Rubric: 1: Rarely | 2: Infrequently | 3: Occasionally | 4: Regularly | 5: Constantly","I try to give feedback when I see something major, but it's not something I do very often, maybe once a month or so.",2
"Facet: Feedback-giving frequency; Definition: Feedback-giving frequency refers to the rate or regularity at which an individual provides information, observations, or evaluations to others regarding their performance, behavior, or outcomes, with the intention of guiding, reinforcing, or correcting their actions.; Rubric: 1: Rarely | 2: Infrequently | 3: Occasionally | 4: Regularly | 5: Constantly","I usually give feedback when a project milestone is hit or if I notice a specific area that needs improvement, so it's on an as-needed basis.",3
"Facet: Feedback-giving frequency; Definition: Feedback-giving frequency refers to the rate or regularity at which an individual provides information, observations, or evaluations to others regarding their performance, behavior, or outcomes, with the intention of guiding, reinforcing, or correcting their actions.; Rubric: 1: Rarely | 2: Infrequently | 3: Occasionally | 4: Regularly | 5: Constantly",I make an effort to check in with my team members weekly to give them constructive feedback on their progress and contributions.,4
"Facet: Feedback-giving frequency; Definition: Feedback-giving frequency refers to the rate or regularity at which an individual provides information, observations, or evaluations to others regarding their performance, behavior, or outcomes, with the intention of guiding, reinforcing, or correcting their actions.; Rubric: 1: Rarely | 2: Infrequently | 3: Occasionally | 4: Regularly | 5: Constantly","I'm always sharing my thoughts and observations with colleagues, whether it's a quick 'great job' on a small task or a detailed suggestion after a meeting.",5
"Facet: Dance-cardio sessions; Definition: Dance-cardio sessions refer to structured physical activity classes or personal workouts that combine dance movements with aerobic exercise principles to elevate heart rate, improve cardiovascular fitness, and burn calories, often set to upbeat music.; Rubric: 1: Rarely/Never | 2: Infrequent/Low | 3: Occasional/Moderate | 4: Regular/Engaged | 5: Frequent/High-intensity","Honestly, I've never really tried a dance-cardio class; it just doesn't seem like my kind of workout.",1
"Facet: Dance-cardio sessions; Definition: Dance-cardio sessions refer to structured physical activity classes or personal workouts that combine dance movements with aerobic exercise principles to elevate heart rate, improve cardiovascular fitness, and burn calories, often set to upbeat music.; Rubric: 1: Rarely/Never | 2: Infrequent/Low | 3: Occasional/Moderate | 4: Regular/Engaged | 5: Frequent/High-intensity","I went to a Zumba class once last year, but I haven't really gotten into dance-cardio sessions consistently.",2
"Facet: Dance-cardio sessions; Definition: Dance-cardio sessions refer to structured physical activity classes or personal workouts that combine dance movements with aerobic exercise principles to elevate heart rate, improve cardiovascular fitness, and burn calories, often set to upbeat music.; Rubric: 1: Rarely/Never | 2: Infrequent/Low | 3: Occasional/Moderate | 4: Regular/Engaged | 5: Frequent/High-intensity","I try to squeeze in a dance-cardio session maybe once every couple of weeks when my schedule allows, usually an online class.",3
"Facet: Dance-cardio sessions; Definition: Dance-cardio sessions refer to structured physical activity classes or personal workouts that combine dance movements with aerobic exercise principles to elevate heart rate, improve cardiovascular fitness, and burn calories, often set to upbeat music.; Rubric: 1: Rarely/Never | 2: Infrequent/Low | 3: Occasional/Moderate | 4: Regular/Engaged | 5: Frequent/High-intensity","I've been going to a dance-cardio class at the gym pretty regularly, about twice a week, and I really enjoy the energy.",4
"Facet: Dance-cardio sessions; Definition: Dance-cardio sessions refer to structured physical activity classes or personal workouts that combine dance movements with aerobic exercise principles to elevate heart rate, improve cardiovascular fitness, and burn calories, often set to upbeat music.; Rubric: 1: Rarely/Never | 2: Infrequent/Low | 3: Occasional/Moderate | 4: Regular/Engaged | 5: Frequent/High-intensity","Dance-cardio is my go-to! I hit the studio at least three times a week for an intense session, and I'm always looking for new choreography.",5
"Facet: Enthusiasm; Definition: Enthusiasm is a behavioral facet characterized by intense and eager enjoyment, interest, or approval, often manifested through high energy, positive affect, and active engagement towards a particular activity, idea, or goal.; Rubric: 1: Apathetic | 2: Indifferent | 3: Engaged | 4: Eager | 5: Passionate","Honestly, I don't really care much about the new project; I'll participate if I absolutely have to.",1
"Facet: Enthusiasm; Definition: Enthusiasm is a behavioral facet characterized by intense and eager enjoyment, interest, or approval, often manifested through high energy, positive affect, and active engagement towards a particular activity, idea, or goal.; Rubric: 1: Apathetic | 2: Indifferent | 3: Engaged | 4: Eager | 5: Passionate","It's fine, I guess. Whatever the team decides for the new initiative, I'm pretty neutral on it.",2
"Facet: Enthusiasm; Definition: Enthusiasm is a behavioral facet characterized by intense and eager enjoyment, interest, or approval, often manifested through high energy, positive affect, and active engagement towards a particular activity, idea, or goal.; Rubric: 1: Apathetic | 2: Indifferent | 3: Engaged | 4: Eager | 5: Passionate","That sounds like an interesting plan, and I'm ready to contribute my part to it.",3
"Facet: Enthusiasm; Definition: Enthusiasm is a behavioral facet characterized by intense and eager enjoyment, interest, or approval, often manifested through high energy, positive affect, and active engagement towards a particular activity, idea, or goal.; Rubric: 1: Apathetic | 2: Indifferent | 3: Engaged | 4: Eager | 5: Passionate","Oh, I'm really looking forward to getting started on this! When's our first meeting?",4
"Facet: Enthusiasm; Definition: Enthusiasm is a behavioral facet characterized by intense and eager enjoyment, interest, or approval, often manifested through high energy, positive affect, and active engagement towards a particular activity, idea, or goal.; Rubric: 1: Apathetic | 2: Indifferent | 3: Engaged | 4: Eager | 5: Passionate","Absolutely! This is an incredible opportunity, and I'm so excited to throw all my energy into it!",5
"Facet: Psychological construct: Social Desirability tendency; Definition: Social desirability tendency refers to the propensity of individuals to present themselves in a favorable light, often by responding to questions or behaving in ways they believe will be viewed positively by others or are socially acceptable, rather than reflecting their true thoughts, feelings, or behaviors.; Rubric: 1: Unfiltered | 2: Mostly Direct | 3: Context-Aware | 4: Image-Conscious | 5: Highly Idealized","Honestly, sometimes I just blurt out whatever I'm thinking, even if it's a bit unconventional.",1
"Facet: Psychological construct: Social Desirability tendency; Definition: Social desirability tendency refers to the propensity of individuals to present themselves in a favorable light, often by responding to questions or behaving in ways they believe will be viewed positively by others or are socially acceptable, rather than reflecting their true thoughts, feelings, or behaviors.; Rubric: 1: Unfiltered | 2: Mostly Direct | 3: Context-Aware | 4: Image-Conscious | 5: Highly Idealized","I usually try to be pretty direct with my answers, even if they're not always what people want to hear.",2
"Facet: Psychological construct: Social Desirability tendency; Definition: Social desirability tendency refers to the propensity of individuals to present themselves in a favorable light, often by responding to questions or behaving in ways they believe will be viewed positively by others or are socially acceptable, rather than reflecting their true thoughts, feelings, or behaviors.; Rubric: 1: Unfiltered | 2: Mostly Direct | 3: Context-Aware | 4: Image-Conscious | 5: Highly Idealized",I tend to adjust how much I share based on who I'm talking to and the specific situation.,3
"Facet: Psychological construct: Social Desirability tendency; Definition: Social desirability tendency refers to the propensity of individuals to present themselves in a favorable light, often by responding to questions or behaving in ways they believe will be viewed positively by others or are socially acceptable, rather than reflecting their true thoughts, feelings, or behaviors.; Rubric: 1: Unfiltered | 2: Mostly Direct | 3: Context-Aware | 4: Image-Conscious | 5: Highly Idealized","Before I say anything important, I usually take a moment to consider how it might be interpreted by others.",4
"Facet: Psychological construct: Social Desirability tendency; Definition: Social desirability tendency refers to the propensity of individuals to present themselves in a favorable light, often by responding to questions or behaving in ways they believe will be viewed positively by others or are socially acceptable, rather than reflecting their true thoughts, feelings, or behaviors.; Rubric: 1: Unfiltered | 2: Mostly Direct | 3: Context-Aware | 4: Image-Conscious | 5: Highly Idealized",I always make an effort to present myself as positively and appropriately as possible in every interaction.,5
"Facet: Inattentiveness; Definition: Inattentiveness refers to a state or trait characterized by difficulty sustaining focus, easily being distracted, making careless mistakes, or failing to attend to details, often resulting in an inability to complete tasks or follow instructions effectively.; Rubric: 1: Highly focused | 2: Generally attentive | 3: Occasionally distracted | 4: Frequently distracted | 5: Severely inattentive","When she's working on a project, you can barely get her attention; she just tunes everything else out.",1
"Facet: Inattentiveness; Definition: Inattentiveness refers to a state or trait characterized by difficulty sustaining focus, easily being distracted, making careless mistakes, or failing to attend to details, often resulting in an inability to complete tasks or follow instructions effectively.; Rubric: 1: Highly focused | 2: Generally attentive | 3: Occasionally distracted | 4: Frequently distracted | 5: Severely inattentive","He usually pays good attention in meetings, though sometimes his mind wanders for a moment.",2
"Facet: Inattentiveness; Definition: Inattentiveness refers to a state or trait characterized by difficulty sustaining focus, easily being distracted, making careless mistakes, or failing to attend to details, often resulting in an inability to complete tasks or follow instructions effectively.; Rubric: 1: Highly focused | 2: Generally attentive | 3: Occasionally distracted | 4: Frequently distracted | 5: Severely inattentive","I find myself getting sidetracked by my phone or a passing thought a few times throughout the day, but I can usually get back on track.",3
"Facet: Inattentiveness; Definition: Inattentiveness refers to a state or trait characterized by difficulty sustaining focus, easily being distracted, making careless mistakes, or failing to attend to details, often resulting in an inability to complete tasks or follow instructions effectively.; Rubric: 1: Highly focused | 2: Generally attentive | 3: Occasionally distracted | 4: Frequently distracted | 5: Severely inattentive","It's hard for me to finish anything without getting pulled in a different direction, whether it's a notification or just a new idea popping into my head.",4
"Facet: Inattentiveness; Definition: Inattentiveness refers to a state or trait characterized by difficulty sustaining focus, easily being distracted, making careless mistakes, or failing to attend to details, often resulting in an inability to complete tasks or follow instructions effectively.; Rubric: 1: Highly focused | 2: Generally attentive | 3: Occasionally distracted | 4: Frequently distracted | 5: Severely inattentive","I constantly lose my train of thought, miss important details, and struggle to follow even simple conversations; my mind is always somewhere else.",5
"Facet: Unassertiveness; Definition: Unassertiveness is a behavioral pattern characterized by a reluctance or inability to express one's own needs, thoughts, feelings, or rights directly and openly. It often involves prioritizing the needs or desires of others, avoiding conflict, difficulty setting boundaries, and a tendency to yield to others' demands, potentially leading to feelings of being exploited or unheard.; Rubric: 1: Assertive | 2: Mostly Assertive | 3: Hesitant | 4: Submissive | 5: Passive","When my colleague tried to assign me extra work on a tight deadline, I politely but firmly explained that my current project load wouldn't allow it and suggested we discuss prioritizing tasks.",1
"Facet: Unassertiveness; Definition: Unassertiveness is a behavioral pattern characterized by a reluctance or inability to express one's own needs, thoughts, feelings, or rights directly and openly. It often involves prioritizing the needs or desires of others, avoiding conflict, difficulty setting boundaries, and a tendency to yield to others' demands, potentially leading to feelings of being exploited or unheard.; Rubric: 1: Assertive | 2: Mostly Assertive | 3: Hesitant | 4: Submissive | 5: Passive","I usually speak up in meetings, but sometimes if I'm not entirely sure of my point, I might hold back from challenging a senior colleague.",2
"Facet: Unassertiveness; Definition: Unassertiveness is a behavioral pattern characterized by a reluctance or inability to express one's own needs, thoughts, feelings, or rights directly and openly. It often involves prioritizing the needs or desires of others, avoiding conflict, difficulty setting boundaries, and a tendency to yield to others' demands, potentially leading to feelings of being exploited or unheard.; Rubric: 1: Assertive | 2: Mostly Assertive | 3: Hesitant | 4: Submissive | 5: Passive","I really wanted to suggest a different restaurant, but everyone else seemed excited about Italian, so I just went along with it even though I wasn't in the mood.",3
"Facet: Unassertiveness; Definition: Unassertiveness is a behavioral pattern characterized by a reluctance or inability to express one's own needs, thoughts, feelings, or rights directly and openly. It often involves prioritizing the needs or desires of others, avoiding conflict, difficulty setting boundaries, and a tendency to yield to others' demands, potentially leading to feelings of being exploited or unheard.; Rubric: 1: Assertive | 2: Mostly Assertive | 3: Hesitant | 4: Submissive | 5: Passive","My friend constantly borrows money and rarely pays me back, but I feel too awkward to bring it up, so I just keep lending it when they ask.",4
"Facet: Unassertiveness; Definition: Unassertiveness is a behavioral pattern characterized by a reluctance or inability to express one's own needs, thoughts, feelings, or rights directly and openly. It often involves prioritizing the needs or desires of others, avoiding conflict, difficulty setting boundaries, and a tendency to yield to others' demands, potentially leading to feelings of being exploited or unheard.; Rubric: 1: Assertive | 2: Mostly Assertive | 3: Hesitant | 4: Submissive | 5: Passive","Even though I was clearly overworked and overwhelmed, when my boss asked if I could take on another major project, I just nodded and said 'no problem' because I couldn't imagine saying no.",5
"Facet: Decision-making decisiveness; Definition: Decision-making decisiveness refers to the ability to make timely and confident choices, commit to a course of action, and move forward without undue hesitation, procrastination, or excessive post-decision regret.; Rubric: 1: Indecisive | 2: Hesitant | 3: Deliberate | 4: Prompt | 5: Resolute","I spent an hour just trying to pick out a shirt this morning, and I'm still not sure if I made the right choice.",1
"Facet: Decision-making decisiveness; Definition: Decision-making decisiveness refers to the ability to make timely and confident choices, commit to a course of action, and move forward without undue hesitation, procrastination, or excessive post-decision regret.; Rubric: 1: Indecisive | 2: Hesitant | 3: Deliberate | 4: Prompt | 5: Resolute","Even after weighing all the pros and cons for days, I still felt a lot of anxiety making that final call on the project.",2
"Facet: Decision-making decisiveness; Definition: Decision-making decisiveness refers to the ability to make timely and confident choices, commit to a course of action, and move forward without undue hesitation, procrastination, or excessive post-decision regret.; Rubric: 1: Indecisive | 2: Hesitant | 3: Deliberate | 4: Prompt | 5: Resolute","After carefully reviewing all the options for about an hour, I've decided to go with the second proposal; it seems the most balanced.",3
"Facet: Decision-making decisiveness; Definition: Decision-making decisiveness refers to the ability to make timely and confident choices, commit to a course of action, and move forward without undue hesitation, procrastination, or excessive post-decision regret.; Rubric: 1: Indecisive | 2: Hesitant | 3: Deliberate | 4: Prompt | 5: Resolute","Once I had the key information, I quickly assessed the situation and confidently chose the best path forward for the team.",4
"Facet: Decision-making decisiveness; Definition: Decision-making decisiveness refers to the ability to make timely and confident choices, commit to a course of action, and move forward without undue hesitation, procrastination, or excessive post-decision regret.; Rubric: 1: Indecisive | 2: Hesitant | 3: Deliberate | 4: Prompt | 5: Resolute","The moment the crisis hit, she immediately took charge, making several critical decisions that steered us clear of disaster without a second thought.",5
"Facet: Sense-of-coherence score; Definition: The 'Sense-of-Coherence' (SOC) score measures an individual's global orientation towards life, reflecting the extent to which they perceive life as comprehensible (structured and predictable), manageable (having resources to meet demands), and meaningful (feeling that life's challenges are worth engaging with). A higher score indicates a stronger, more robust sense of coherence, contributing to resilience and well-being.; Rubric: 1: Disintegrated | 2: Fragmented | 3: Moderate | 4: Coherent | 5: Resilient","Honestly, I just feel like everything's a chaotic mess, nothing makes sense, and I don't even know where to begin with anything.",1
"Facet: Sense-of-coherence score; Definition: The 'Sense-of-Coherence' (SOC) score measures an individual's global orientation towards life, reflecting the extent to which they perceive life as comprehensible (structured and predictable), manageable (having resources to meet demands), and meaningful (feeling that life's challenges are worth engaging with). A higher score indicates a stronger, more robust sense of coherence, contributing to resilience and well-being.; Rubric: 1: Disintegrated | 2: Fragmented | 3: Moderate | 4: Coherent | 5: Resilient","Things often feel overwhelming and disconnected, like I can grasp bits and pieces, but it's hard to put it all together or feel like I have control.",2
"Facet: Sense-of-coherence score; Definition: The 'Sense-of-Coherence' (SOC) score measures an individual's global orientation towards life, reflecting the extent to which they perceive life as comprehensible (structured and predictable), manageable (having resources to meet demands), and meaningful (feeling that life's challenges are worth engaging with). A higher score indicates a stronger, more robust sense of coherence, contributing to resilience and well-being.; Rubric: 1: Disintegrated | 2: Fragmented | 3: Moderate | 4: Coherent | 5: Resilient","Sometimes I get it, sometimes I don't; I manage to get by most days, and while some things feel meaningful, others just feel like a grind.",3
"Facet: Sense-of-coherence score; Definition: The 'Sense-of-Coherence' (SOC) score measures an individual's global orientation towards life, reflecting the extent to which they perceive life as comprehensible (structured and predictable), manageable (having resources to meet demands), and meaningful (feeling that life's challenges are worth engaging with). A higher score indicates a stronger, more robust sense of coherence, contributing to resilience and well-being.; Rubric: 1: Disintegrated | 2: Fragmented | 3: Moderate | 4: Coherent | 5: Resilient","I generally have a good handle on what's happening and feel pretty capable of dealing with challenges, plus I usually see the point in what I'm doing.",4
"Facet: Sense-of-coherence score; Definition: The 'Sense-of-Coherence' (SOC) score measures an individual's global orientation towards life, reflecting the extent to which they perceive life as comprehensible (structured and predictable), manageable (having resources to meet demands), and meaningful (feeling that life's challenges are worth engaging with). A higher score indicates a stronger, more robust sense of coherence, contributing to resilience and well-being.; Rubric: 1: Disintegrated | 2: Fragmented | 3: Moderate | 4: Coherent | 5: Resilient","Even when things get tough, I always feel like I understand the situation, I know I have the inner strength to handle it, and I'm deeply committed to my purpose.",5
"Facet: Justice-mindedness; Definition: Justice-mindedness refers to an individual's consistent inclination to perceive, evaluate, and act in accordance with principles of fairness, equity, and moral rightness. It encompasses a strong concern for the rights and well-being of others, a desire to correct wrongs, and an adherence to impartial standards in social interactions and societal structures, often extending beyond personal benefit to broader societal issues.; Rubric: 1: Indifferent | 2: Apathetic | 3: Aware | 4: Advocating | 5: Zealous","Honestly, I don't really care how the new policy affects others as long as my own work isn't impacted negatively.",1
"Facet: Justice-mindedness; Definition: Justice-mindedness refers to an individual's consistent inclination to perceive, evaluate, and act in accordance with principles of fairness, equity, and moral rightness. It encompasses a strong concern for the rights and well-being of others, a desire to correct wrongs, and an adherence to impartial standards in social interactions and societal structures, often extending beyond personal benefit to broader societal issues.; Rubric: 1: Indifferent | 2: Apathetic | 3: Aware | 4: Advocating | 5: Zealous","Yeah, it's a shame some people get a raw deal, but that's just how life is sometimes, I suppose.",2
"Facet: Justice-mindedness; Definition: Justice-mindedness refers to an individual's consistent inclination to perceive, evaluate, and act in accordance with principles of fairness, equity, and moral rightness. It encompasses a strong concern for the rights and well-being of others, a desire to correct wrongs, and an adherence to impartial standards in social interactions and societal structures, often extending beyond personal benefit to broader societal issues.; Rubric: 1: Indifferent | 2: Apathetic | 3: Aware | 4: Advocating | 5: Zealous","I think it's important to consider if this decision feels fair to everyone involved, even if it's not perfect for me.",3
"Facet: Justice-mindedness; Definition: Justice-mindedness refers to an individual's consistent inclination to perceive, evaluate, and act in accordance with principles of fairness, equity, and moral rightness. It encompasses a strong concern for the rights and well-being of others, a desire to correct wrongs, and an adherence to impartial standards in social interactions and societal structures, often extending beyond personal benefit to broader societal issues.; Rubric: 1: Indifferent | 2: Apathetic | 3: Aware | 4: Advocating | 5: Zealous",We need to speak up and ensure that the new hiring practices are truly equitable and unbiased for all candidates.,4
"Facet: Justice-mindedness; Definition: Justice-mindedness refers to an individual's consistent inclination to perceive, evaluate, and act in accordance with principles of fairness, equity, and moral rightness. It encompasses a strong concern for the rights and well-being of others, a desire to correct wrongs, and an adherence to impartial standards in social interactions and societal structures, often extending beyond personal benefit to broader societal issues.; Rubric: 1: Indifferent | 2: Apathetic | 3: Aware | 4: Advocating | 5: Zealous","I'm organizing a community meeting because systemic injustices demand immediate and radical change, and I won't rest until we see it.",5
"Facet: Subscription count; Definition: The total number of recurring services, memberships, or content access points an individual has committed to, which can reflect their perceived needs, engagement patterns, financial commitments, and potential for 'subscription fatigue' or 'overchoice'.; Rubric: 1: Minimal, Essential | 2: Few, Selective | 3: Moderate, Balanced | 4: Numerous, Diverse | 5: Excessive, Overwhelmed",I really only have two subscriptions: my gym membership and a single news site. I like to keep things as simple and essential as possible.,1
"Facet: Subscription count; Definition: The total number of recurring services, memberships, or content access points an individual has committed to, which can reflect their perceived needs, engagement patterns, financial commitments, and potential for 'subscription fatigue' or 'overchoice'.; Rubric: 1: Minimal, Essential | 2: Few, Selective | 3: Moderate, Balanced | 4: Numerous, Diverse | 5: Excessive, Overwhelmed","I've got Netflix, Spotify, and my internet provider. I try to be pretty selective about what I pay for monthly, focusing on just a few key services.",2
"Facet: Subscription count; Definition: The total number of recurring services, memberships, or content access points an individual has committed to, which can reflect their perceived needs, engagement patterns, financial commitments, and potential for 'subscription fatigue' or 'overchoice'.; Rubric: 1: Minimal, Essential | 2: Few, Selective | 3: Moderate, Balanced | 4: Numerous, Diverse | 5: Excessive, Overwhelmed","Between a couple of streaming services, my cloud storage, and a productivity app, I guess I have a pretty average number of subscriptions, nothing too wild.",3
"Facet: Subscription count; Definition: The total number of recurring services, memberships, or content access points an individual has committed to, which can reflect their perceived needs, engagement patterns, financial commitments, and potential for 'subscription fatigue' or 'overchoice'.; Rubric: 1: Minimal, Essential | 2: Few, Selective | 3: Moderate, Balanced | 4: Numerous, Diverse | 5: Excessive, Overwhelmed","Let's see... I've got three streaming platforms, a few gaming passes, a couple of productivity apps, and a monthly curated box. It adds up, but I find value in the diversity.",4
"Facet: Subscription count; Definition: The total number of recurring services, memberships, or content access points an individual has committed to, which can reflect their perceived needs, engagement patterns, financial commitments, and potential for 'subscription fatigue' or 'overchoice'.; Rubric: 1: Minimal, Essential | 2: Few, Selective | 3: Moderate, Balanced | 4: Numerous, Diverse | 5: Excessive, Overwhelmed","Honestly, I've completely lost count of all my subscriptions. I know I have way too many streaming services, a bunch of apps, and probably some I've forgotten about; I really need to cancel some!",5
"Facet: Depression Symptoms; Definition: Depression symptoms refer to a range of persistent emotional, cognitive, and physical signs that indicate a significant alteration in mood, energy levels, and overall functioning, often characterized by pervasive sadness, loss of interest or pleasure, and changes in sleep, appetite, or concentration.; Rubric: 1: None | 2: Mild | 3: Moderate | 4: Severe | 5: Extreme","Honestly, I feel pretty good most days; I don't really experience any of those persistent low feelings people talk about.",1
"Facet: Depression Symptoms; Definition: Depression symptoms refer to a range of persistent emotional, cognitive, and physical signs that indicate a significant alteration in mood, energy levels, and overall functioning, often characterized by pervasive sadness, loss of interest or pleasure, and changes in sleep, appetite, or concentration.; Rubric: 1: None | 2: Mild | 3: Moderate | 4: Severe | 5: Extreme","Sometimes I feel a bit down for a day or two, especially when stressed, but I usually bounce back quickly and it doesn't really affect my routine.",2
"Facet: Depression Symptoms; Definition: Depression symptoms refer to a range of persistent emotional, cognitive, and physical signs that indicate a significant alteration in mood, energy levels, and overall functioning, often characterized by pervasive sadness, loss of interest or pleasure, and changes in sleep, appetite, or concentration.; Rubric: 1: None | 2: Mild | 3: Moderate | 4: Severe | 5: Extreme","Lately, I've noticed I'm not enjoying things as much as I used to, and it's hard to get motivated for work some mornings, but I still manage to get things done.",3
"Facet: Depression Symptoms; Definition: Depression symptoms refer to a range of persistent emotional, cognitive, and physical signs that indicate a significant alteration in mood, energy levels, and overall functioning, often characterized by pervasive sadness, loss of interest or pleasure, and changes in sleep, appetite, or concentration.; Rubric: 1: None | 2: Mild | 3: Moderate | 4: Severe | 5: Extreme","It's a struggle to get out of bed most days; I've lost interest in almost everything, and I just feel tired and sad all the time, making it hard to focus at work or socialize.",4
"Facet: Depression Symptoms; Definition: Depression symptoms refer to a range of persistent emotional, cognitive, and physical signs that indicate a significant alteration in mood, energy levels, and overall functioning, often characterized by pervasive sadness, loss of interest or pleasure, and changes in sleep, appetite, or concentration.; Rubric: 1: None | 2: Mild | 3: Moderate | 4: Severe | 5: Extreme","I can barely function; I cry constantly, can't eat or sleep properly, and I just wish I could disappear, as the emotional pain is overwhelming and constant.",5
"Facet: Spatial perception; Definition: Spatial perception refers to the ability to understand and interpret visual information about the relationships between objects in space, including their location, distance, size, and orientation. It involves mentally manipulating objects, navigating environments, and understanding spatial layouts.; Rubric: 1: Disoriented | 2: Basic | 3: Adequate | 4: Proficient | 5: Exceptional","Honestly, I get completely turned around in new places; even with a map, I struggle to figure out which way is north.",1
"Facet: Spatial perception; Definition: Spatial perception refers to the ability to understand and interpret visual information about the relationships between objects in space, including their location, distance, size, and orientation. It involves mentally manipulating objects, navigating environments, and understanding spatial layouts.; Rubric: 1: Disoriented | 2: Basic | 3: Adequate | 4: Proficient | 5: Exceptional","I can usually follow directions if they're very specific, but if you just tell me to 'go past the big tree,' I might get a bit lost.",2
"Facet: Spatial perception; Definition: Spatial perception refers to the ability to understand and interpret visual information about the relationships between objects in space, including their location, distance, size, and orientation. It involves mentally manipulating objects, navigating environments, and understanding spatial layouts.; Rubric: 1: Disoriented | 2: Basic | 3: Adequate | 4: Proficient | 5: Exceptional","I'm pretty decent at parking, and I can usually visualize how furniture will fit in a room, though sometimes I misjudge the space.",3
"Facet: Spatial perception; Definition: Spatial perception refers to the ability to understand and interpret visual information about the relationships between objects in space, including their location, distance, size, and orientation. It involves mentally manipulating objects, navigating environments, and understanding spatial layouts.; Rubric: 1: Disoriented | 2: Basic | 3: Adequate | 4: Proficient | 5: Exceptional","I rarely get lost, and I'm good at estimating distances and fitting things into tight spaces; I can almost always tell if something will fit.",4
"Facet: Spatial perception; Definition: Spatial perception refers to the ability to understand and interpret visual information about the relationships between objects in space, including their location, distance, size, and orientation. It involves mentally manipulating objects, navigating environments, and understanding spatial layouts.; Rubric: 1: Disoriented | 2: Basic | 3: Adequate | 4: Proficient | 5: Exceptional","I have an incredible knack for navigating complex environments without a map, and I can mentally rotate objects and visualize spatial relationships with ease, like a natural architect.",5
"Facet: Brevity; Definition: Brevity, in a behavioral context, refers to the quality of being concise and economical in communication or action, effectively conveying information or achieving a goal with the fewest necessary words, movements, or duration, thereby avoiding redundancy or excessive elaboration.; Rubric: 1: Excessive | 2: Lengthy | 3: Clear | 4: Succinct | 5: Minimalist","When asked about his weekend, he launched into a twenty-minute monologue detailing every single minor event, including what he ate for breakfast each day.",1
"Facet: Brevity; Definition: Brevity, in a behavioral context, refers to the quality of being concise and economical in communication or action, effectively conveying information or achieving a goal with the fewest necessary words, movements, or duration, thereby avoiding redundancy or excessive elaboration.; Rubric: 1: Excessive | 2: Lengthy | 3: Clear | 4: Succinct | 5: Minimalist","She gave a pretty long explanation for why the project was delayed, touching on several different factors without really getting to the core issue quickly.",2
"Facet: Brevity; Definition: Brevity, in a behavioral context, refers to the quality of being concise and economical in communication or action, effectively conveying information or achieving a goal with the fewest necessary words, movements, or duration, thereby avoiding redundancy or excessive elaboration.; Rubric: 1: Excessive | 2: Lengthy | 3: Clear | 4: Succinct | 5: Minimalist","He explained the new policy clearly and directly, covering all the necessary points without any extra fluff.",3
"Facet: Brevity; Definition: Brevity, in a behavioral context, refers to the quality of being concise and economical in communication or action, effectively conveying information or achieving a goal with the fewest necessary words, movements, or duration, thereby avoiding redundancy or excessive elaboration.; Rubric: 1: Excessive | 2: Lengthy | 3: Clear | 4: Succinct | 5: Minimalist","When I asked for an update, she just said, 'Project is on track, minor adjustment to the timeline, details in your inbox,' which was perfect.",4
"Facet: Brevity; Definition: Brevity, in a behavioral context, refers to the quality of being concise and economical in communication or action, effectively conveying information or achieving a goal with the fewest necessary words, movements, or duration, thereby avoiding redundancy or excessive elaboration.; Rubric: 1: Excessive | 2: Lengthy | 3: Clear | 4: Succinct | 5: Minimalist","His presentation consisted of three slides with only bullet points and finished in under five minutes, conveying the essential information perfectly.",5
"Facet: Orderliness; Definition: Orderliness refers to an individual's preference for neatness, tidiness, and systematic organization in their environment, possessions, and routines. It encompasses a desire for structure, cleanliness, and precision, and an aversion to clutter and disarray.; Rubric: 1: Disorganized | 2: Untidy | 3: Generally Neat | 4: Tidy & Systematic | 5: Meticulous & Highly Organized","Honestly, my desk usually looks like a bomb went off, and I rarely bother putting things back where they 'belong'.",1
"Facet: Orderliness; Definition: Orderliness refers to an individual's preference for neatness, tidiness, and systematic organization in their environment, possessions, and routines. It encompasses a desire for structure, cleanliness, and precision, and an aversion to clutter and disarray.; Rubric: 1: Disorganized | 2: Untidy | 3: Generally Neat | 4: Tidy & Systematic | 5: Meticulous & Highly Organized","My closet is a bit of a mess, but I can usually find what I'm looking for eventually, even if it takes a minute.",2
"Facet: Orderliness; Definition: Orderliness refers to an individual's preference for neatness, tidiness, and systematic organization in their environment, possessions, and routines. It encompasses a desire for structure, cleanliness, and precision, and an aversion to clutter and disarray.; Rubric: 1: Disorganized | 2: Untidy | 3: Generally Neat | 4: Tidy & Systematic | 5: Meticulous & Highly Organized","I try to keep my living room presentable, but I don't stress too much if there are a few things out of place.",3
"Facet: Orderliness; Definition: Orderliness refers to an individual's preference for neatness, tidiness, and systematic organization in their environment, possessions, and routines. It encompasses a desire for structure, cleanliness, and precision, and an aversion to clutter and disarray.; Rubric: 1: Disorganized | 2: Untidy | 3: Generally Neat | 4: Tidy & Systematic | 5: Meticulous & Highly Organized","Before I leave for work, I always make sure my bed is made and the kitchen counter is clear.",4
"Facet: Orderliness; Definition: Orderliness refers to an individual's preference for neatness, tidiness, and systematic organization in their environment, possessions, and routines. It encompasses a desire for structure, cleanliness, and precision, and an aversion to clutter and disarray.; Rubric: 1: Disorganized | 2: Untidy | 3: Generally Neat | 4: Tidy & Systematic | 5: Meticulous & Highly Organized",I color-code my books and have a specific place for every single item in my apartment; clutter genuinely makes me anxious.,5
"Facet: Multiculturalism; Definition: Multiculturalism, in a behavioral context, refers to the degree to which an individual or group recognizes, values, and actively engages with diverse cultural traditions, beliefs, and practices, promoting equitable coexistence and mutual respect among different cultural identities.; Rubric: 1: Monocultural | 2: Tolerant | 3: Aware | 4: Engaged | 5: Integrated",I prefer to stick to what I know; all these different traditions just make things complicated and I don't see the point.,1
"Facet: Multiculturalism; Definition: Multiculturalism, in a behavioral context, refers to the degree to which an individual or group recognizes, values, and actively engages with diverse cultural traditions, beliefs, and practices, promoting equitable coexistence and mutual respect among different cultural identities.; Rubric: 1: Monocultural | 2: Tolerant | 3: Aware | 4: Engaged | 5: Integrated","I don't really mind if people have different customs and languages, as long as it doesn't affect me or cause any issues.",2
"Facet: Multiculturalism; Definition: Multiculturalism, in a behavioral context, refers to the degree to which an individual or group recognizes, values, and actively engages with diverse cultural traditions, beliefs, and practices, promoting equitable coexistence and mutual respect among different cultural identities.; Rubric: 1: Monocultural | 2: Tolerant | 3: Aware | 4: Engaged | 5: Integrated","It's interesting to learn about other cultures sometimes, and I try to be respectful of their ways when I encounter them.",3
"Facet: Multiculturalism; Definition: Multiculturalism, in a behavioral context, refers to the degree to which an individual or group recognizes, values, and actively engages with diverse cultural traditions, beliefs, and practices, promoting equitable coexistence and mutual respect among different cultural identities.; Rubric: 1: Monocultural | 2: Tolerant | 3: Aware | 4: Engaged | 5: Integrated",I actively seek out opportunities to experience different cultures and believe it significantly enriches our community and my own understanding.,4
"Facet: Multiculturalism; Definition: Multiculturalism, in a behavioral context, refers to the degree to which an individual or group recognizes, values, and actively engages with diverse cultural traditions, beliefs, and practices, promoting equitable coexistence and mutual respect among different cultural identities.; Rubric: 1: Monocultural | 2: Tolerant | 3: Aware | 4: Engaged | 5: Integrated","I consistently advocate for policies and practices that ensure all cultural groups are equally represented, celebrated, and have their voices heard in our society.",5
"Facet: Creative risk-taking tendency; Definition: Creative risk-taking tendency is the inclination to pursue novel, unconventional, or untested ideas, methods, or solutions despite potential for failure, criticism, or negative outcomes, in the service of achieving innovative results.; Rubric: 1: Avoids novelty | 2: Hesitates, safe | 3: Open, cautious | 4: Explores, bold | 5: Venturesome, fearless",I usually stick to what's been proven to work; I don't really see the point in trying something completely different if the old way is fine.,1
"Facet: Creative risk-taking tendency; Definition: Creative risk-taking tendency is the inclination to pursue novel, unconventional, or untested ideas, methods, or solutions despite potential for failure, criticism, or negative outcomes, in the service of achieving innovative results.; Rubric: 1: Avoids novelty | 2: Hesitates, safe | 3: Open, cautious | 4: Explores, bold | 5: Venturesome, fearless","I might consider a new approach, but I'd really need to see a very low chance of failure before I'd commit to it.",2
"Facet: Creative risk-taking tendency; Definition: Creative risk-taking tendency is the inclination to pursue novel, unconventional, or untested ideas, methods, or solutions despite potential for failure, criticism, or negative outcomes, in the service of achieving innovative results.; Rubric: 1: Avoids novelty | 2: Hesitates, safe | 3: Open, cautious | 4: Explores, bold | 5: Venturesome, fearless","I'm open to trying new things, especially if there's a good chance it could lead to something better, but I still like to have a backup plan.",3
"Facet: Creative risk-taking tendency; Definition: Creative risk-taking tendency is the inclination to pursue novel, unconventional, or untested ideas, methods, or solutions despite potential for failure, criticism, or negative outcomes, in the service of achieving innovative results.; Rubric: 1: Avoids novelty | 2: Hesitates, safe | 3: Open, cautious | 4: Explores, bold | 5: Venturesome, fearless","I enjoy experimenting with fresh ideas, even if they don't always pan out; it's how you discover what truly works.",4
"Facet: Creative risk-taking tendency; Definition: Creative risk-taking tendency is the inclination to pursue novel, unconventional, or untested ideas, methods, or solutions despite potential for failure, criticism, or negative outcomes, in the service of achieving innovative results.; Rubric: 1: Avoids novelty | 2: Hesitates, safe | 3: Open, cautious | 4: Explores, bold | 5: Venturesome, fearless","I love pushing boundaries and challenging the status quo; the bigger the creative leap, the more excited I am to try it, even if it might fail spectacularly.",5
"Facet: Inefficiency; Definition: Inefficiency, from a behavioral perspective, refers to the tendency to expend more resources (time, effort, cognitive load, or materials) than optimally required to achieve a desired outcome, often resulting in suboptimal productivity, delayed progress, or diminished quality.; Rubric: 1: Optimized | 2: Streamlined | 3: Adequate | 4: Disjointed | 5: Counterproductive",Sarah always seems to find the quickest and smartest way to complete her projects; she's incredibly efficient.,1
"Facet: Inefficiency; Definition: Inefficiency, from a behavioral perspective, refers to the tendency to expend more resources (time, effort, cognitive load, or materials) than optimally required to achieve a desired outcome, often resulting in suboptimal productivity, delayed progress, or diminished quality.; Rubric: 1: Optimized | 2: Streamlined | 3: Adequate | 4: Disjointed | 5: Counterproductive","He usually plans his day well, so he rarely wastes time and gets most of his tasks done smoothly.",2
"Facet: Inefficiency; Definition: Inefficiency, from a behavioral perspective, refers to the tendency to expend more resources (time, effort, cognitive load, or materials) than optimally required to achieve a desired outcome, often resulting in suboptimal productivity, delayed progress, or diminished quality.; Rubric: 1: Optimized | 2: Streamlined | 3: Adequate | 4: Disjointed | 5: Counterproductive","I usually get my work done, but sometimes I realize halfway through I could have done it a simpler way, which is a bit frustrating.",3
"Facet: Inefficiency; Definition: Inefficiency, from a behavioral perspective, refers to the tendency to expend more resources (time, effort, cognitive load, or materials) than optimally required to achieve a desired outcome, often resulting in suboptimal productivity, delayed progress, or diminished quality.; Rubric: 1: Optimized | 2: Streamlined | 3: Adequate | 4: Disjointed | 5: Counterproductive","I often find myself jumping between tasks without finishing any, or doing things the long way, and then I run out of time.",4
"Facet: Inefficiency; Definition: Inefficiency, from a behavioral perspective, refers to the tendency to expend more resources (time, effort, cognitive load, or materials) than optimally required to achieve a desired outcome, often resulting in suboptimal productivity, delayed progress, or diminished quality.; Rubric: 1: Optimized | 2: Streamlined | 3: Adequate | 4: Disjointed | 5: Counterproductive","My workflow is a mess; I'm constantly redoing things, getting sidetracked, and spending hours on tasks that should take minutes.",5
"Facet: Network basics; Definition: Network basics refers to an individual's fundamental understanding of how social and professional networks function, their awareness of the value of connections, and their basic ability to initiate and maintain relationships for mutual benefit, information exchange, or support. It encompasses recognizing the structure of relationships (nodes and ties), the concept of weak vs. strong ties, and the initial steps involved in building and leveraging a personal network.; Rubric: 1: Unaware, Isolated | 2: Passive, Limited View | 3: Basic Engagement, Emerging Awareness | 4: Proactive, Strategic View | 5: Skilled Connector, Network Leverager",I mostly keep to myself; I don't really see the point in meeting lots of new people for work or anything.,1
"Facet: Network basics; Definition: Network basics refers to an individual's fundamental understanding of how social and professional networks function, their awareness of the value of connections, and their basic ability to initiate and maintain relationships for mutual benefit, information exchange, or support. It encompasses recognizing the structure of relationships (nodes and ties), the concept of weak vs. strong ties, and the initial steps involved in building and leveraging a personal network.; Rubric: 1: Unaware, Isolated | 2: Passive, Limited View | 3: Basic Engagement, Emerging Awareness | 4: Proactive, Strategic View | 5: Skilled Connector, Network Leverager","I've got a few friends, but I don't really think about how they might help my career or anything beyond just hanging out.",2
"Facet: Network basics; Definition: Network basics refers to an individual's fundamental understanding of how social and professional networks function, their awareness of the value of connections, and their basic ability to initiate and maintain relationships for mutual benefit, information exchange, or support. It encompasses recognizing the structure of relationships (nodes and ties), the concept of weak vs. strong ties, and the initial steps involved in building and leveraging a personal network.; Rubric: 1: Unaware, Isolated | 2: Passive, Limited View | 3: Basic Engagement, Emerging Awareness | 4: Proactive, Strategic View | 5: Skilled Connector, Network Leverager","I'm starting to realize it's good to know people, so I try to introduce myself at events sometimes, even if I'm not sure what to say next.",3
"Facet: Network basics; Definition: Network basics refers to an individual's fundamental understanding of how social and professional networks function, their awareness of the value of connections, and their basic ability to initiate and maintain relationships for mutual benefit, information exchange, or support. It encompasses recognizing the structure of relationships (nodes and ties), the concept of weak vs. strong ties, and the initial steps involved in building and leveraging a personal network.; Rubric: 1: Unaware, Isolated | 2: Passive, Limited View | 3: Basic Engagement, Emerging Awareness | 4: Proactive, Strategic View | 5: Skilled Connector, Network Leverager","I make an effort to connect with new people in my field and keep in touch, because you never know when those connections might lead to opportunities or valuable insights.",4
"Facet: Network basics; Definition: Network basics refers to an individual's fundamental understanding of how social and professional networks function, their awareness of the value of connections, and their basic ability to initiate and maintain relationships for mutual benefit, information exchange, or support. It encompasses recognizing the structure of relationships (nodes and ties), the concept of weak vs. strong ties, and the initial steps involved in building and leveraging a personal network.; Rubric: 1: Unaware, Isolated | 2: Passive, Limited View | 3: Basic Engagement, Emerging Awareness | 4: Proactive, Strategic View | 5: Skilled Connector, Network Leverager","I regularly introduce people who could benefit from knowing each other, and I've found that maintaining a diverse network is incredibly helpful for problem-solving and finding new resources.",5
"Facet: Alphabetical filing skills; Definition: Alphabetical filing skills refer to the cognitive and practical ability to organize, arrange, and retrieve information (e.g., documents, names, data) strictly according to alphabetical order, including an understanding of common filing conventions and exceptions (e.g., 'Mc' vs. 'Mac', ignoring articles).; Rubric: 1: Disorganized | 2: Basic & Slow | 3: Competent & Accurate | 4: Efficient & Systematic | 5: Expert & Rapid","When I asked him to file those customer records alphabetically, he just stacked them randomly, saying he couldn't figure out where 'Schmidt' should go relative to 'Smith'.",1
"Facet: Alphabetical filing skills; Definition: Alphabetical filing skills refer to the cognitive and practical ability to organize, arrange, and retrieve information (e.g., documents, names, data) strictly according to alphabetical order, including an understanding of common filing conventions and exceptions (e.g., 'Mc' vs. 'Mac', ignoring articles).; Rubric: 1: Disorganized | 2: Basic & Slow | 3: Competent & Accurate | 4: Efficient & Systematic | 5: Expert & Rapid","She eventually gets things filed correctly, but it takes her a really long time to sort through even a small stack of papers, constantly double-checking.",2
"Facet: Alphabetical filing skills; Definition: Alphabetical filing skills refer to the cognitive and practical ability to organize, arrange, and retrieve information (e.g., documents, names, data) strictly according to alphabetical order, including an understanding of common filing conventions and exceptions (e.g., 'Mc' vs. 'Mac', ignoring articles).; Rubric: 1: Disorganized | 2: Basic & Slow | 3: Competent & Accurate | 4: Efficient & Systematic | 5: Expert & Rapid","He can file documents accurately and generally finds what he needs without much trouble, though he's not the fastest at processing large volumes.",3
"Facet: Alphabetical filing skills; Definition: Alphabetical filing skills refer to the cognitive and practical ability to organize, arrange, and retrieve information (e.g., documents, names, data) strictly according to alphabetical order, including an understanding of common filing conventions and exceptions (e.g., 'Mc' vs. 'Mac', ignoring articles).; Rubric: 1: Disorganized | 2: Basic & Slow | 3: Competent & Accurate | 4: Efficient & Systematic | 5: Expert & Rapid","Give her a stack of files, and she'll have them perfectly organized and easily retrievable in no time, even with tricky names or complex categories.",4
"Facet: Alphabetical filing skills; Definition: Alphabetical filing skills refer to the cognitive and practical ability to organize, arrange, and retrieve information (e.g., documents, names, data) strictly according to alphabetical order, including an understanding of common filing conventions and exceptions (e.g., 'Mc' vs. 'Mac', ignoring articles).; Rubric: 1: Disorganized | 2: Basic & Slow | 3: Competent & Accurate | 4: Efficient & Systematic | 5: Expert & Rapid","She's incredibly fast and precise with alphabetical filing; she intuitively handles complex names, prefixes, and numbers, making document retrieval instantaneous for anyone.",5
"Facet: Work Styles; Definition: Work Styles refer to the characteristic approaches individuals take to perform their tasks, manage time, interact with colleagues, and respond to workplace demands. This encompasses preferences for structure, collaboration, autonomy, pace, and problem-solving methods.; Rubric: 1: Disorganized, Unfocused | 2: Inconsistent, Flexible | 3: Adaptable, Balanced | 4: Structured, Proactive | 5: Systematic, Optimized","Honestly, I just tackle whatever comes up first; my desk is a mess, and I rarely plan my day.",1
"Facet: Work Styles; Definition: Work Styles refer to the characteristic approaches individuals take to perform their tasks, manage time, interact with colleagues, and respond to workplace demands. This encompasses preferences for structure, collaboration, autonomy, pace, and problem-solving methods.; Rubric: 1: Disorganized, Unfocused | 2: Inconsistent, Flexible | 3: Adaptable, Balanced | 4: Structured, Proactive | 5: Systematic, Optimized","I try to keep a schedule, but I'm pretty flexible and often jump between tasks if something more interesting pops up.",2
"Facet: Work Styles; Definition: Work Styles refer to the characteristic approaches individuals take to perform their tasks, manage time, interact with colleagues, and respond to workplace demands. This encompasses preferences for structure, collaboration, autonomy, pace, and problem-solving methods.; Rubric: 1: Disorganized, Unfocused | 2: Inconsistent, Flexible | 3: Adaptable, Balanced | 4: Structured, Proactive | 5: Systematic, Optimized","I like having a plan, but I'm totally fine adjusting it on the fly if priorities shift, and I can work well alone or with a team.",3
"Facet: Work Styles; Definition: Work Styles refer to the characteristic approaches individuals take to perform their tasks, manage time, interact with colleagues, and respond to workplace demands. This encompasses preferences for structure, collaboration, autonomy, pace, and problem-solving methods.; Rubric: 1: Disorganized, Unfocused | 2: Inconsistent, Flexible | 3: Adaptable, Balanced | 4: Structured, Proactive | 5: Systematic, Optimized","I usually plan my week on Monday morning, prioritize tasks, and prefer to get a head start on projects rather than waiting until the last minute.",4
"Facet: Work Styles; Definition: Work Styles refer to the characteristic approaches individuals take to perform their tasks, manage time, interact with colleagues, and respond to workplace demands. This encompasses preferences for structure, collaboration, autonomy, pace, and problem-solving methods.; Rubric: 1: Disorganized, Unfocused | 2: Inconsistent, Flexible | 3: Adaptable, Balanced | 4: Structured, Proactive | 5: Systematic, Optimized","My workflow is highly systematized with specific tools for task management and collaboration, and I'm always looking for ways to streamline processes for peak efficiency.",5
"Facet: Character strength: Perseverance; Definition: Perseverance is the character strength involving the sustained effort toward a goal despite obstacles, difficulties, or discouragement. It reflects the ability to stick with a task or commitment over time, showing diligence and a refusal to give up.; Rubric: 1: Gives up easily | 2: Easily discouraged | 3: Moderate effort | 4: Persistent, resilient | 5: Unwavering resolve","I tried to learn guitar for a week, but it was too hard, so I just stopped playing altogether.",1
"Facet: Character strength: Perseverance; Definition: Perseverance is the character strength involving the sustained effort toward a goal despite obstacles, difficulties, or discouragement. It reflects the ability to stick with a task or commitment over time, showing diligence and a refusal to give up.; Rubric: 1: Gives up easily | 2: Easily discouraged | 3: Moderate effort | 4: Persistent, resilient | 5: Unwavering resolve","I was really excited about starting that new online course, but after the first challenging module, I just lost all motivation to continue.",2
"Facet: Character strength: Perseverance; Definition: Perseverance is the character strength involving the sustained effort toward a goal despite obstacles, difficulties, or discouragement. It reflects the ability to stick with a task or commitment over time, showing diligence and a refusal to give up.; Rubric: 1: Gives up easily | 2: Easily discouraged | 3: Moderate effort | 4: Persistent, resilient | 5: Unwavering resolve","I'll keep working on this report for a while, but if I hit a major roadblock or it takes too long, I might just move on to something else.",3
"Facet: Character strength: Perseverance; Definition: Perseverance is the character strength involving the sustained effort toward a goal despite obstacles, difficulties, or discouragement. It reflects the ability to stick with a task or commitment over time, showing diligence and a refusal to give up.; Rubric: 1: Gives up easily | 2: Easily discouraged | 3: Moderate effort | 4: Persistent, resilient | 5: Unwavering resolve","Even though the coding was really challenging and I faced multiple errors, I kept at it for hours, trying different solutions until I finally got it to compile.",4
"Facet: Character strength: Perseverance; Definition: Perseverance is the character strength involving the sustained effort toward a goal despite obstacles, difficulties, or discouragement. It reflects the ability to stick with a task or commitment over time, showing diligence and a refusal to give up.; Rubric: 1: Gives up easily | 2: Easily discouraged | 3: Moderate effort | 4: Persistent, resilient | 5: Unwavering resolve","Despite countless rejections from publishers, she continued to refine her manuscript and submit it, never giving up on her dream of becoming a published author.",5
"Facet: Competition; Definition: Competition is a behavioral facet characterized by an individual's drive to achieve a goal, often involving a comparison of performance or outcomes against others, with a desire to win, outperform, or secure a limited resource or status.; Rubric: 1: Averse | 2: Passive | 3: Selective | 4: Engaged | 5: Intense","Honestly, I just don't like competitive games; I'd rather collaborate and avoid the stress of trying to beat someone.",1
"Facet: Competition; Definition: Competition is a behavioral facet characterized by an individual's drive to achieve a goal, often involving a comparison of performance or outcomes against others, with a desire to win, outperform, or secure a limited resource or status.; Rubric: 1: Averse | 2: Passive | 3: Selective | 4: Engaged | 5: Intense","I'll participate in the office challenge if I have to, but I'm not really trying to win, just doing my part.",2
"Facet: Competition; Definition: Competition is a behavioral facet characterized by an individual's drive to achieve a goal, often involving a comparison of performance or outcomes against others, with a desire to win, outperform, or secure a limited resource or status.; Rubric: 1: Averse | 2: Passive | 3: Selective | 4: Engaged | 5: Intense","I enjoy a good competition when it's something I'm passionate about, but otherwise, I'm pretty indifferent to winning.",3
"Facet: Competition; Definition: Competition is a behavioral facet characterized by an individual's drive to achieve a goal, often involving a comparison of performance or outcomes against others, with a desire to win, outperform, or secure a limited resource or status.; Rubric: 1: Averse | 2: Passive | 3: Selective | 4: Engaged | 5: Intense",I always try my best in any competition; it's fun to push myself and see how I stack up against others.,4
"Facet: Competition; Definition: Competition is a behavioral facet characterized by an individual's drive to achieve a goal, often involving a comparison of performance or outcomes against others, with a desire to win, outperform, or secure a limited resource or status.; Rubric: 1: Averse | 2: Passive | 3: Selective | 4: Engaged | 5: Intense",I live for the thrill of competition; nothing motivates me more than the chance to prove I'm the best and claim victory.,5
"Facet: Logical Sequence Identification; Definition: The ability to accurately perceive, understand, and reconstruct the correct order of events, steps, or ideas based on inherent causality, temporal progression, or logical necessity.; Rubric: 1: Disorganized, Random | 2: Basic, Inconsistent | 3: Functional, Standard | 4: Clear, Coherent | 5: Optimal, Insightful","I tried to follow the recipe, but everything felt out of order, and I ended up adding the spices after baking.",1
"Facet: Logical Sequence Identification; Definition: The ability to accurately perceive, understand, and reconstruct the correct order of events, steps, or ideas based on inherent causality, temporal progression, or logical necessity.; Rubric: 1: Disorganized, Random | 2: Basic, Inconsistent | 3: Functional, Standard | 4: Clear, Coherent | 5: Optimal, Insightful","I can usually figure out the main steps of a process, but sometimes I get confused with the exact timing or the less obvious connections between them.",2
"Facet: Logical Sequence Identification; Definition: The ability to accurately perceive, understand, and reconstruct the correct order of events, steps, or ideas based on inherent causality, temporal progression, or logical necessity.; Rubric: 1: Disorganized, Random | 2: Basic, Inconsistent | 3: Functional, Standard | 4: Clear, Coherent | 5: Optimal, Insightful","If you give me a set of instructions, I can generally follow them from start to finish without much trouble.",3
"Facet: Logical Sequence Identification; Definition: The ability to accurately perceive, understand, and reconstruct the correct order of events, steps, or ideas based on inherent causality, temporal progression, or logical necessity.; Rubric: 1: Disorganized, Random | 2: Basic, Inconsistent | 3: Functional, Standard | 4: Clear, Coherent | 5: Optimal, Insightful","I can easily explain the step-by-step process for onboarding new employees, making sure everyone understands the flow and why each part is important.",4
"Facet: Logical Sequence Identification; Definition: The ability to accurately perceive, understand, and reconstruct the correct order of events, steps, or ideas based on inherent causality, temporal progression, or logical necessity.; Rubric: 1: Disorganized, Random | 2: Basic, Inconsistent | 3: Functional, Standard | 4: Clear, Coherent | 5: Optimal, Insightful","After reviewing the project timeline, I realized we could reorder two key tasks to significantly reduce bottlenecks and improve overall efficiency, which nobody else had spotted.",5
"Facet: Sustainable-transport usage; Definition: Sustainable-transport usage refers to the frequency and consistency with which an individual chooses environmentally friendly modes of transportation (e.g., walking, cycling, public transit, carpooling, electric vehicles) over private fossil-fuel-powered vehicles, thereby reducing environmental impact.; Rubric: 1: Exclusively private car | 2: Rarely sustainable | 3: Mixed usage | 4: Often sustainable | 5: Primarily sustainable","Honestly, I drive everywhere; public transport just isn't convenient for my daily commute.",1
"Facet: Sustainable-transport usage; Definition: Sustainable-transport usage refers to the frequency and consistency with which an individual chooses environmentally friendly modes of transportation (e.g., walking, cycling, public transit, carpooling, electric vehicles) over private fossil-fuel-powered vehicles, thereby reducing environmental impact.; Rubric: 1: Exclusively private car | 2: Rarely sustainable | 3: Mixed usage | 4: Often sustainable | 5: Primarily sustainable","I'll take the bus if my car's in the shop, but otherwise, I prefer driving myself.",2
"Facet: Sustainable-transport usage; Definition: Sustainable-transport usage refers to the frequency and consistency with which an individual chooses environmentally friendly modes of transportation (e.g., walking, cycling, public transit, carpooling, electric vehicles) over private fossil-fuel-powered vehicles, thereby reducing environmental impact.; Rubric: 1: Exclusively private car | 2: Rarely sustainable | 3: Mixed usage | 4: Often sustainable | 5: Primarily sustainable","I usually bike to work when the weather's nice, but for errands or bad weather, I'll hop in the car.",3
"Facet: Sustainable-transport usage; Definition: Sustainable-transport usage refers to the frequency and consistency with which an individual chooses environmentally friendly modes of transportation (e.g., walking, cycling, public transit, carpooling, electric vehicles) over private fossil-fuel-powered vehicles, thereby reducing environmental impact.; Rubric: 1: Exclusively private car | 2: Rarely sustainable | 3: Mixed usage | 4: Often sustainable | 5: Primarily sustainable","Most of the time, I use my e-bike or take the train, only using my car for longer trips or when absolutely necessary.",4
"Facet: Sustainable-transport usage; Definition: Sustainable-transport usage refers to the frequency and consistency with which an individual chooses environmentally friendly modes of transportation (e.g., walking, cycling, public transit, carpooling, electric vehicles) over private fossil-fuel-powered vehicles, thereby reducing environmental impact.; Rubric: 1: Exclusively private car | 2: Rarely sustainable | 3: Mixed usage | 4: Often sustainable | 5: Primarily sustainable","I don't even own a car; I rely entirely on cycling, walking, and public transit for all my travel needs.",5
"Facet: Hardworking; Definition: Hardworking refers to the consistent and diligent application of effort towards tasks, goals, or responsibilities, often characterized by persistence, dedication, and a willingness to expend significant energy and time to achieve desired outcomes.; Rubric: 1: Avoids Effort | 2: Inconsistent Effort | 3: Consistent Effort | 4: Proactive Effort | 5: Exceptional Dedication","He usually just waits for others to pick up the slack, barely doing anything unless he absolutely has to.",1
"Facet: Hardworking; Definition: Hardworking refers to the consistent and diligent application of effort towards tasks, goals, or responsibilities, often characterized by persistence, dedication, and a willingness to expend significant energy and time to achieve desired outcomes.; Rubric: 1: Avoids Effort | 2: Inconsistent Effort | 3: Consistent Effort | 4: Proactive Effort | 5: Exceptional Dedication","She'll put in some effort if she's interested, but it's really hit or miss depending on her mood.",2
"Facet: Hardworking; Definition: Hardworking refers to the consistent and diligent application of effort towards tasks, goals, or responsibilities, often characterized by persistence, dedication, and a willingness to expend significant energy and time to achieve desired outcomes.; Rubric: 1: Avoids Effort | 2: Inconsistent Effort | 3: Consistent Effort | 4: Proactive Effort | 5: Exceptional Dedication","He reliably gets his work done on time and puts in a solid day, meeting all the expectations.",3
"Facet: Hardworking; Definition: Hardworking refers to the consistent and diligent application of effort towards tasks, goals, or responsibilities, often characterized by persistence, dedication, and a willingness to expend significant energy and time to achieve desired outcomes.; Rubric: 1: Avoids Effort | 2: Inconsistent Effort | 3: Consistent Effort | 4: Proactive Effort | 5: Exceptional Dedication",She's always looking for ways to improve things and often takes on extra tasks without being asked.,4
"Facet: Hardworking; Definition: Hardworking refers to the consistent and diligent application of effort towards tasks, goals, or responsibilities, often characterized by persistence, dedication, and a willingness to expend significant energy and time to achieve desired outcomes.; Rubric: 1: Avoids Effort | 2: Inconsistent Effort | 3: Consistent Effort | 4: Proactive Effort | 5: Exceptional Dedication","He's the first one in and the last one out, consistently pouring his heart into every project, no matter how challenging.",5
"Facet: Emotional-intelligence measure: Impulsiveness; Definition: Impulsiveness, within emotional intelligence, refers to the tendency to act on sudden urges, desires, or emotions without sufficient forethought or consideration of potential consequences. It reflects an individual's ability to inhibit immediate reactions and engage in reflective decision-making. A lower score indicates greater self-control and deliberate action, while a higher score signifies a greater propensity for immediate, often unconsidered, responses.; Rubric: 1: Controlled | 2: Thoughtful | 3: Balanced | 4: Hasty | 5: Reckless","Before making any big decisions, I always take a step back to weigh all the pros and cons carefully.",1
"Facet: Emotional-intelligence measure: Impulsiveness; Definition: Impulsiveness, within emotional intelligence, refers to the tendency to act on sudden urges, desires, or emotions without sufficient forethought or consideration of potential consequences. It reflects an individual's ability to inhibit immediate reactions and engage in reflective decision-making. A lower score indicates greater self-control and deliberate action, while a higher score signifies a greater propensity for immediate, often unconsidered, responses.; Rubric: 1: Controlled | 2: Thoughtful | 3: Balanced | 4: Hasty | 5: Reckless","I generally think things through, but sometimes I might make a quick decision if it feels right after a brief consideration.",2
"Facet: Emotional-intelligence measure: Impulsiveness; Definition: Impulsiveness, within emotional intelligence, refers to the tendency to act on sudden urges, desires, or emotions without sufficient forethought or consideration of potential consequences. It reflects an individual's ability to inhibit immediate reactions and engage in reflective decision-making. A lower score indicates greater self-control and deliberate action, while a higher score signifies a greater propensity for immediate, often unconsidered, responses.; Rubric: 1: Controlled | 2: Thoughtful | 3: Balanced | 4: Hasty | 5: Reckless","I try to be thoughtful, but I'm also open to spontaneous opportunities when the situation calls for it.",3
"Facet: Emotional-intelligence measure: Impulsiveness; Definition: Impulsiveness, within emotional intelligence, refers to the tendency to act on sudden urges, desires, or emotions without sufficient forethought or consideration of potential consequences. It reflects an individual's ability to inhibit immediate reactions and engage in reflective decision-making. A lower score indicates greater self-control and deliberate action, while a higher score signifies a greater propensity for immediate, often unconsidered, responses.; Rubric: 1: Controlled | 2: Thoughtful | 3: Balanced | 4: Hasty | 5: Reckless",I often jump into things without too much planning; I prefer to just go for it and figure it out along the way.,4
"Facet: Emotional-intelligence measure: Impulsiveness; Definition: Impulsiveness, within emotional intelligence, refers to the tendency to act on sudden urges, desires, or emotions without sufficient forethought or consideration of potential consequences. It reflects an individual's ability to inhibit immediate reactions and engage in reflective decision-making. A lower score indicates greater self-control and deliberate action, while a higher score signifies a greater propensity for immediate, often unconsidered, responses.; Rubric: 1: Controlled | 2: Thoughtful | 3: Balanced | 4: Hasty | 5: Reckless","I frequently act on my first instinct, even if it means buying something expensive on a whim or saying whatever comes to mind without thinking.",5
"Facet: Dishonesty; Definition: Dishonesty refers to the act of deceiving, misleading, or acting without integrity, often involving a deliberate deviation from truth, ethical principles, or expected fairness, typically for personal gain, to avoid negative consequences, or to manipulate others.; Rubric: 1: Transparent | 2: Minor Omission | 3: Misleading | 4: Direct Lie | 5: Deceptive Scheme","I told my friend honestly that I couldn't make it to the party because I had other plans, even though it was a bit awkward.",1
"Facet: Dishonesty; Definition: Dishonesty refers to the act of deceiving, misleading, or acting without integrity, often involving a deliberate deviation from truth, ethical principles, or expected fairness, typically for personal gain, to avoid negative consequences, or to manipulate others.; Rubric: 1: Transparent | 2: Minor Omission | 3: Misleading | 4: Direct Lie | 5: Deceptive Scheme","When my mom asked if I finished my chores, I said 'most of them' but didn't mention I hadn't cleaned my room yet.",2
"Facet: Dishonesty; Definition: Dishonesty refers to the act of deceiving, misleading, or acting without integrity, often involving a deliberate deviation from truth, ethical principles, or expected fairness, typically for personal gain, to avoid negative consequences, or to manipulate others.; Rubric: 1: Transparent | 2: Minor Omission | 3: Misleading | 4: Direct Lie | 5: Deceptive Scheme","I told the client that the project was 'progressing well' which implied it was nearly done, even though we were still facing significant delays.",3
"Facet: Dishonesty; Definition: Dishonesty refers to the act of deceiving, misleading, or acting without integrity, often involving a deliberate deviation from truth, ethical principles, or expected fairness, typically for personal gain, to avoid negative consequences, or to manipulate others.; Rubric: 1: Transparent | 2: Minor Omission | 3: Misleading | 4: Direct Lie | 5: Deceptive Scheme","No, I didn't see who broke the vase; I was in another room at the time.",4
"Facet: Dishonesty; Definition: Dishonesty refers to the act of deceiving, misleading, or acting without integrity, often involving a deliberate deviation from truth, ethical principles, or expected fairness, typically for personal gain, to avoid negative consequences, or to manipulate others.; Rubric: 1: Transparent | 2: Minor Omission | 3: Misleading | 4: Direct Lie | 5: Deceptive Scheme",He systematically falsified financial records and created fake invoices for months to embezzle funds from the company.,5
"Facet: Preferred epistemology; Definition: Preferred epistemology refers to an individual's characteristic way of acquiring, validating, and understanding knowledge. It reflects their default approach to determining what is true, credible, and justifiable, encompassing their reliance on sources like personal experience, intuition, authority, logic, or empirical evidence.; Rubric: 1: Intuition/Belief | 2: Personal/Authority | 3: Practical/Consensus | 4: Evidence/Logic | 5: Scientific/Systematic","I just *know* it's true in my gut, I don't really need to look up studies or anything.",1
"Facet: Preferred epistemology; Definition: Preferred epistemology refers to an individual's characteristic way of acquiring, validating, and understanding knowledge. It reflects their default approach to determining what is true, credible, and justifiable, encompassing their reliance on sources like personal experience, intuition, authority, logic, or empirical evidence.; Rubric: 1: Intuition/Belief | 2: Personal/Authority | 3: Practical/Consensus | 4: Evidence/Logic | 5: Scientific/Systematic","My uncle always says that's how things work, and he's been around forever, so I trust him on it.",2
"Facet: Preferred epistemology; Definition: Preferred epistemology refers to an individual's characteristic way of acquiring, validating, and understanding knowledge. It reflects their default approach to determining what is true, credible, and justifiable, encompassing their reliance on sources like personal experience, intuition, authority, logic, or empirical evidence.; Rubric: 1: Intuition/Belief | 2: Personal/Authority | 3: Practical/Consensus | 4: Evidence/Logic | 5: Scientific/Systematic","Well, most people seem to agree, and it makes sense from what I've seen, so I'll go with that.",3
"Facet: Preferred epistemology; Definition: Preferred epistemology refers to an individual's characteristic way of acquiring, validating, and understanding knowledge. It reflects their default approach to determining what is true, credible, and justifiable, encompassing their reliance on sources like personal experience, intuition, authority, logic, or empirical evidence.; Rubric: 1: Intuition/Belief | 2: Personal/Authority | 3: Practical/Consensus | 4: Evidence/Logic | 5: Scientific/Systematic","I've checked a few reputable sources and the data seems to support it, which makes me confident in that conclusion.",4
"Facet: Preferred epistemology; Definition: Preferred epistemology refers to an individual's characteristic way of acquiring, validating, and understanding knowledge. It reflects their default approach to determining what is true, credible, and justifiable, encompassing their reliance on sources like personal experience, intuition, authority, logic, or empirical evidence.; Rubric: 1: Intuition/Belief | 2: Personal/Authority | 3: Practical/Consensus | 4: Evidence/Logic | 5: Scientific/Systematic",I need to see the peer-reviewed research and understand the methodology before I can accept that as a valid finding.,5
"Facet: Memory for Sounds; Definition: The cognitive ability to encode, store, and retrieve auditory information, encompassing the memory for speech, music, environmental sounds, and their specific characteristics (e.g., pitch, timbre, rhythm, semantic content). This includes both short-term (echoic memory, auditory working memory) and long-term retention of sound-related experiences.; Rubric: 1: Poor Recall | 2: Limited Recognition | 3: Moderate Retention | 4: Good Detail Recall | 5: Exceptional Auditory Memory","I can't even remember what that new song sounded like, let alone the lyrics.",1
"Facet: Memory for Sounds; Definition: The cognitive ability to encode, store, and retrieve auditory information, encompassing the memory for speech, music, environmental sounds, and their specific characteristics (e.g., pitch, timbre, rhythm, semantic content). This includes both short-term (echoic memory, auditory working memory) and long-term retention of sound-related experiences.; Rubric: 1: Poor Recall | 2: Limited Recognition | 3: Moderate Retention | 4: Good Detail Recall | 5: Exceptional Auditory Memory","I recognize that melody, but I can't quite place the song or who sings it.",2
"Facet: Memory for Sounds; Definition: The cognitive ability to encode, store, and retrieve auditory information, encompassing the memory for speech, music, environmental sounds, and their specific characteristics (e.g., pitch, timbre, rhythm, semantic content). This includes both short-term (echoic memory, auditory working memory) and long-term retention of sound-related experiences.; Rubric: 1: Poor Recall | 2: Limited Recognition | 3: Moderate Retention | 4: Good Detail Recall | 5: Exceptional Auditory Memory","I can hum the main tune of that commercial jingle, but I forget the specific words.",3
"Facet: Memory for Sounds; Definition: The cognitive ability to encode, store, and retrieve auditory information, encompassing the memory for speech, music, environmental sounds, and their specific characteristics (e.g., pitch, timbre, rhythm, semantic content). This includes both short-term (echoic memory, auditory working memory) and long-term retention of sound-related experiences.; Rubric: 1: Poor Recall | 2: Limited Recognition | 3: Moderate Retention | 4: Good Detail Recall | 5: Exceptional Auditory Memory",I clearly remember the exact tone of voice my friend used when they told me the exciting news yesterday.,4
"Facet: Memory for Sounds; Definition: The cognitive ability to encode, store, and retrieve auditory information, encompassing the memory for speech, music, environmental sounds, and their specific characteristics (e.g., pitch, timbre, rhythm, semantic content). This includes both short-term (echoic memory, auditory working memory) and long-term retention of sound-related experiences.; Rubric: 1: Poor Recall | 2: Limited Recognition | 3: Moderate Retention | 4: Good Detail Recall | 5: Exceptional Auditory Memory","I can recall entire symphonies note for note after hearing them just a few times, and even identify subtle changes in instrumentation.",5
"Facet: Sportsmanship rating; Definition: Sportsmanship rating refers to an individual's demonstration of fair play, respect for opponents and officials, adherence to rules, and graciousness in both victory and defeat within a competitive context.; Rubric: 1: Disruptive | 2: Inconsistent | 3: Acceptable | 4: Respectful | 5: Exemplary","Despite losing by only a point, Alex threw his racket and refused to shake his opponent's hand, earning him a low sportsmanship rating.",1
"Facet: Sportsmanship rating; Definition: Sportsmanship rating refers to an individual's demonstration of fair play, respect for opponents and officials, adherence to rules, and graciousness in both victory and defeat within a competitive context.; Rubric: 1: Disruptive | 2: Inconsistent | 3: Acceptable | 4: Respectful | 5: Exemplary","While usually fair, Sarah tends to argue with the referee's calls when the game is close, showing inconsistent sportsmanship.",2
"Facet: Sportsmanship rating; Definition: Sportsmanship rating refers to an individual's demonstration of fair play, respect for opponents and officials, adherence to rules, and graciousness in both victory and defeat within a competitive context.; Rubric: 1: Disruptive | 2: Inconsistent | 3: Acceptable | 4: Respectful | 5: Exemplary","Mark always follows the rules and congratulates his opponents, displaying an acceptable level of sportsmanship.",3
"Facet: Sportsmanship rating; Definition: Sportsmanship rating refers to an individual's demonstration of fair play, respect for opponents and officials, adherence to rules, and graciousness in both victory and defeat within a competitive context.; Rubric: 1: Disruptive | 2: Inconsistent | 3: Acceptable | 4: Respectful | 5: Exemplary","Even after a tough loss, Emily sought out her opponent to compliment their strong performance, reflecting her respectful sportsmanship.",4
"Facet: Sportsmanship rating; Definition: Sportsmanship rating refers to an individual's demonstration of fair play, respect for opponents and officials, adherence to rules, and graciousness in both victory and defeat within a competitive context.; Rubric: 1: Disruptive | 2: Inconsistent | 3: Acceptable | 4: Respectful | 5: Exemplary","During the match, Chris helped an opponent who stumbled and then praised their excellent shot, showcasing truly exemplary sportsmanship.",5
"Facet: Immaturity; Definition: Immaturity refers to a state or pattern of behavior characterized by a lack of emotional, cognitive, or social development typically expected for one's chronological age. It often manifests as impulsivity, poor judgment, difficulty with self-regulation, avoidance of responsibility, and an egocentric perspective.; Rubric: 1: Mature, Self-Regulated | 2: Mostly Mature, Developing Responsibility | 3: Contextual, Variable Judgment | 4: Frequently Immature, Impulsive | 5: Highly Childish, Irresponsible","Even under pressure, Sarah always handles things with such a calm and responsible demeanor; you'd never call her immature.",1
"Facet: Immaturity; Definition: Immaturity refers to a state or pattern of behavior characterized by a lack of emotional, cognitive, or social development typically expected for one's chronological age. It often manifests as impulsivity, poor judgment, difficulty with self-regulation, avoidance of responsibility, and an egocentric perspective.; Rubric: 1: Mature, Self-Regulated | 2: Mostly Mature, Developing Responsibility | 3: Contextual, Variable Judgment | 4: Frequently Immature, Impulsive | 5: Highly Childish, Irresponsible","He's usually pretty mature for his age, but sometimes he still struggles to take criticism without getting defensive.",2
"Facet: Immaturity; Definition: Immaturity refers to a state or pattern of behavior characterized by a lack of emotional, cognitive, or social development typically expected for one's chronological age. It often manifests as impulsivity, poor judgment, difficulty with self-regulation, avoidance of responsibility, and an egocentric perspective.; Rubric: 1: Mature, Self-Regulated | 2: Mostly Mature, Developing Responsibility | 3: Contextual, Variable Judgment | 4: Frequently Immature, Impulsive | 5: Highly Childish, Irresponsible","While Mark is perfectly capable in his professional life, he can act surprisingly immature when he's with his old high school friends.",3
"Facet: Immaturity; Definition: Immaturity refers to a state or pattern of behavior characterized by a lack of emotional, cognitive, or social development typically expected for one's chronological age. It often manifests as impulsivity, poor judgment, difficulty with self-regulation, avoidance of responsibility, and an egocentric perspective.; Rubric: 1: Mature, Self-Regulated | 2: Mostly Mature, Developing Responsibility | 3: Contextual, Variable Judgment | 4: Frequently Immature, Impulsive | 5: Highly Childish, Irresponsible","It's frustrating because he constantly makes impulsive decisions without thinking of the consequences, which just screams immaturity.",4
"Facet: Immaturity; Definition: Immaturity refers to a state or pattern of behavior characterized by a lack of emotional, cognitive, or social development typically expected for one's chronological age. It often manifests as impulsivity, poor judgment, difficulty with self-regulation, avoidance of responsibility, and an egocentric perspective.; Rubric: 1: Mature, Self-Regulated | 2: Mostly Mature, Developing Responsibility | 3: Contextual, Variable Judgment | 4: Frequently Immature, Impulsive | 5: Highly Childish, Irresponsible","Honestly, his constant tantrums and refusal to take any personal responsibility make him seem like he's still a toddler.",5
"Facet: Health-literacy level; Definition: Health literacy is the degree to which individuals have the capacity to obtain, process, and understand basic health information and services needed to make appropriate health decisions. It encompasses a range of skills, including reading, listening, analytical thinking, decision-making, and the ability to navigate complex healthcare systems and communicate effectively with health professionals.; Rubric: 1: Minimal understanding | 2: Limited comprehension | 3: Basic grasp | 4: Good understanding | 5: Proficient application","My doctor told me to take this medication, but I don't really get what 'twice daily' means or why I need it, so I just guess.",1
"Facet: Health-literacy level; Definition: Health literacy is the degree to which individuals have the capacity to obtain, process, and understand basic health information and services needed to make appropriate health decisions. It encompasses a range of skills, including reading, listening, analytical thinking, decision-making, and the ability to navigate complex healthcare systems and communicate effectively with health professionals.; Rubric: 1: Minimal understanding | 2: Limited comprehension | 3: Basic grasp | 4: Good understanding | 5: Proficient application","I can usually follow the basic directions on a medicine bottle, but understanding all those side effects listed in the pamphlet is really hard for me.",2
"Facet: Health-literacy level; Definition: Health literacy is the degree to which individuals have the capacity to obtain, process, and understand basic health information and services needed to make appropriate health decisions. It encompasses a range of skills, including reading, listening, analytical thinking, decision-making, and the ability to navigate complex healthcare systems and communicate effectively with health professionals.; Rubric: 1: Minimal understanding | 2: Limited comprehension | 3: Basic grasp | 4: Good understanding | 5: Proficient application","I understand the importance of healthy eating and exercise, and I can ask my doctor questions, but I'd struggle to interpret detailed lab results on my own.",3
"Facet: Health-literacy level; Definition: Health literacy is the degree to which individuals have the capacity to obtain, process, and understand basic health information and services needed to make appropriate health decisions. It encompasses a range of skills, including reading, listening, analytical thinking, decision-making, and the ability to navigate complex healthcare systems and communicate effectively with health professionals.; Rubric: 1: Minimal understanding | 2: Limited comprehension | 3: Basic grasp | 4: Good understanding | 5: Proficient application","I always research my conditions online before appointments so I can ask informed questions, and I feel comfortable discussing treatment options with my doctor.",4
"Facet: Health-literacy level; Definition: Health literacy is the degree to which individuals have the capacity to obtain, process, and understand basic health information and services needed to make appropriate health decisions. It encompasses a range of skills, including reading, listening, analytical thinking, decision-making, and the ability to navigate complex healthcare systems and communicate effectively with health professionals.; Rubric: 1: Minimal understanding | 2: Limited comprehension | 3: Basic grasp | 4: Good understanding | 5: Proficient application","I routinely compare different health plans, understand complex medical jargon, and feel confident challenging a diagnosis or seeking a second opinion if something doesn't feel right.",5
"Facet: Estimating Calculations; Definition: The cognitive ability to quickly and approximately determine a numerical value, quantity, or outcome without performing precise calculations. It involves using mental shortcuts, prior knowledge, and contextual cues to form a reasonable 'ballpark' figure.; Rubric: 1: Wild Guesses | 2: Often Off | 3: Sometimes Close | 4: Generally Accurate | 5: Highly Precise","When asked to estimate the crowd size, he just blurted out 'a million' for what was clearly a few hundred people.",1
"Facet: Estimating Calculations; Definition: The cognitive ability to quickly and approximately determine a numerical value, quantity, or outcome without performing precise calculations. It involves using mental shortcuts, prior knowledge, and contextual cues to form a reasonable 'ballpark' figure.; Rubric: 1: Wild Guesses | 2: Often Off | 3: Sometimes Close | 4: Generally Accurate | 5: Highly Precise","She tried to estimate the grocery bill, but her guess of $50 was way below the actual $120 total.",2
"Facet: Estimating Calculations; Definition: The cognitive ability to quickly and approximately determine a numerical value, quantity, or outcome without performing precise calculations. It involves using mental shortcuts, prior knowledge, and contextual cues to form a reasonable 'ballpark' figure.; Rubric: 1: Wild Guesses | 2: Often Off | 3: Sometimes Close | 4: Generally Accurate | 5: Highly Precise","He can usually get a rough idea of how long a task will take, though sometimes his estimates are a bit off.",3
"Facet: Estimating Calculations; Definition: The cognitive ability to quickly and approximately determine a numerical value, quantity, or outcome without performing precise calculations. It involves using mental shortcuts, prior knowledge, and contextual cues to form a reasonable 'ballpark' figure.; Rubric: 1: Wild Guesses | 2: Often Off | 3: Sometimes Close | 4: Generally Accurate | 5: Highly Precise","Before checking, she quickly estimated the project would cost around $15,000, and it turned out to be $15,250.",4
"Facet: Estimating Calculations; Definition: The cognitive ability to quickly and approximately determine a numerical value, quantity, or outcome without performing precise calculations. It involves using mental shortcuts, prior knowledge, and contextual cues to form a reasonable 'ballpark' figure.; Rubric: 1: Wild Guesses | 2: Often Off | 3: Sometimes Close | 4: Generally Accurate | 5: Highly Precise","Give him any number of items, and he'll instantly give you an incredibly close estimate of the total without a calculator.",5
"Facet: Depression: Feelings of sadness and hopelessness; Definition: A pervasive emotional state characterized by persistent feelings of profound sorrow, dejection, and a sense of futility or despair regarding the future or one's circumstances.; Rubric: 1: Absent/Rare | 2: Occasional/Mild | 3: Frequent/Moderate | 4: Persistent/Strong | 5: Constant/Severe","Honestly, I haven't really felt sad or hopeless lately; things are pretty good and I'm generally optimistic.",1
"Facet: Depression: Feelings of sadness and hopelessness; Definition: A pervasive emotional state characterized by persistent feelings of profound sorrow, dejection, and a sense of futility or despair regarding the future or one's circumstances.; Rubric: 1: Absent/Rare | 2: Occasional/Mild | 3: Frequent/Moderate | 4: Persistent/Strong | 5: Constant/Severe","Sometimes I feel a bit down for an hour or so, and things seem bleak, but it usually passes quickly and doesn't last.",2
"Facet: Depression: Feelings of sadness and hopelessness; Definition: A pervasive emotional state characterized by persistent feelings of profound sorrow, dejection, and a sense of futility or despair regarding the future or one's circumstances.; Rubric: 1: Absent/Rare | 2: Occasional/Mild | 3: Frequent/Moderate | 4: Persistent/Strong | 5: Constant/Severe","I've been feeling sad and a little hopeless several times a week, and it's starting to affect my motivation to do things I usually enjoy.",3
"Facet: Depression: Feelings of sadness and hopelessness; Definition: A pervasive emotional state characterized by persistent feelings of profound sorrow, dejection, and a sense of futility or despair regarding the future or one's circumstances.; Rubric: 1: Absent/Rare | 2: Occasional/Mild | 3: Frequent/Moderate | 4: Persistent/Strong | 5: Constant/Severe","Most days, I just feel this heavy sadness and a strong sense that nothing will ever truly get better, making it hard to focus on anything positive.",4
"Facet: Depression: Feelings of sadness and hopelessness; Definition: A pervasive emotional state characterized by persistent feelings of profound sorrow, dejection, and a sense of futility or despair regarding the future or one's circumstances.; Rubric: 1: Absent/Rare | 2: Occasional/Mild | 3: Frequent/Moderate | 4: Persistent/Strong | 5: Constant/Severe","The sadness and hopelessness are constant, overwhelming everything; it feels like there's no way out and absolutely no point in trying to change anything.",5
"Facet: Synthesis of information; Definition: The cognitive process of integrating disparate pieces of information, observations, or ideas into a coherent, comprehensive, and often novel understanding, identifying patterns, relationships, and implications that were not immediately apparent from individual components.; Rubric: 1: Isolated facts | 2: Simple connections | 3: Emerging themes | 4: Integrated understanding | 5: Novel insights","Even after reviewing all the reports, he just listed the facts without seeing how they related to each other or the bigger picture.",1
"Facet: Synthesis of information; Definition: The cognitive process of integrating disparate pieces of information, observations, or ideas into a coherent, comprehensive, and often novel understanding, identifying patterns, relationships, and implications that were not immediately apparent from individual components.; Rubric: 1: Isolated facts | 2: Simple connections | 3: Emerging themes | 4: Integrated understanding | 5: Novel insights","She could describe each team's role individually, but struggled to explain how their work connected or impacted the overall project timeline.",2
"Facet: Synthesis of information; Definition: The cognitive process of integrating disparate pieces of information, observations, or ideas into a coherent, comprehensive, and often novel understanding, identifying patterns, relationships, and implications that were not immediately apparent from individual components.; Rubric: 1: Isolated facts | 2: Simple connections | 3: Emerging themes | 4: Integrated understanding | 5: Novel insights","After looking at the customer feedback and sales data, she started to see a pattern suggesting we needed to adjust our pricing strategy for younger demographics.",3
"Facet: Synthesis of information; Definition: The cognitive process of integrating disparate pieces of information, observations, or ideas into a coherent, comprehensive, and often novel understanding, identifying patterns, relationships, and implications that were not immediately apparent from individual components.; Rubric: 1: Isolated facts | 2: Simple connections | 3: Emerging themes | 4: Integrated understanding | 5: Novel insights","He took the market research, competitor analysis, and internal performance metrics, and wove them into a clear, actionable strategic recommendation for the next quarter.",4
"Facet: Synthesis of information; Definition: The cognitive process of integrating disparate pieces of information, observations, or ideas into a coherent, comprehensive, and often novel understanding, identifying patterns, relationships, and implications that were not immediately apparent from individual components.; Rubric: 1: Isolated facts | 2: Simple connections | 3: Emerging themes | 4: Integrated understanding | 5: Novel insights","By synthesizing all the qualitative and quantitative data, she not only identified the root cause of the problem but also proposed an innovative, cross-departmental solution that no one else had considered.",5
"Facet: Leadership Potential; Definition: Leadership Potential refers to an individual's inherent capacity and developing capabilities to effectively guide, inspire, and manage others towards achieving common goals, demonstrating qualities such as influence, strategic thinking, decision-making, and the ability to foster team development.; Rubric: 1: Unengaged | 2: Developing | 3: Competent | 4: Influential | 5: Transformative","Even when given the chance to lead a small task, Alex tends to wait for others to tell him exactly what to do and rarely offers suggestions.",1
"Facet: Leadership Potential; Definition: Leadership Potential refers to an individual's inherent capacity and developing capabilities to effectively guide, inspire, and manage others towards achieving common goals, demonstrating qualities such as influence, strategic thinking, decision-making, and the ability to foster team development.; Rubric: 1: Unengaged | 2: Developing | 3: Competent | 4: Influential | 5: Transformative","Maria is starting to show interest in taking on more responsibility, but she still looks for a lot of reassurance and guidance when making decisions for the team.",2
"Facet: Leadership Potential; Definition: Leadership Potential refers to an individual's inherent capacity and developing capabilities to effectively guide, inspire, and manage others towards achieving common goals, demonstrating qualities such as influence, strategic thinking, decision-making, and the ability to foster team development.; Rubric: 1: Unengaged | 2: Developing | 3: Competent | 4: Influential | 5: Transformative","While not always the first to step up, David competently manages his project team, ensuring tasks are completed and offering solutions when issues arise.",3
"Facet: Leadership Potential; Definition: Leadership Potential refers to an individual's inherent capacity and developing capabilities to effectively guide, inspire, and manage others towards achieving common goals, demonstrating qualities such as influence, strategic thinking, decision-making, and the ability to foster team development.; Rubric: 1: Unengaged | 2: Developing | 3: Competent | 4: Influential | 5: Transformative","Sarah consistently motivates her colleagues, effectively delegates tasks, and often proposes innovative strategies that significantly improve team performance.",4
"Facet: Leadership Potential; Definition: Leadership Potential refers to an individual's inherent capacity and developing capabilities to effectively guide, inspire, and manage others towards achieving common goals, demonstrating qualities such as influence, strategic thinking, decision-making, and the ability to foster team development.; Rubric: 1: Unengaged | 2: Developing | 3: Competent | 4: Influential | 5: Transformative","Liam not only inspires his entire department to excel but also mentors junior staff, shaping future leaders and driving significant organizational change.",5
"Facet: Ethical standards; Definition: Ethical standards refer to the principles and values that guide an individual's or group's conduct, dictating what is considered morally right or wrong, and influencing decision-making in situations with moral implications.; Rubric: 1: Unethical/Self-serving | 2: Opportunistic/Flexible | 3: Compliant/Situational | 4: Principled/Proactive | 5: Exemplary/Integrity","I heard he often cuts corners and even outright lies to clients if it means closing a deal faster, without any regard for the consequences.",1
"Facet: Ethical standards; Definition: Ethical standards refer to the principles and values that guide an individual's or group's conduct, dictating what is considered morally right or wrong, and influencing decision-making in situations with moral implications.; Rubric: 1: Unethical/Self-serving | 2: Opportunistic/Flexible | 3: Compliant/Situational | 4: Principled/Proactive | 5: Exemplary/Integrity","She'll usually follow the rules, but if there's an easy way to get ahead without anyone noticing, like fudging expense reports a little, she might take it.",2
"Facet: Ethical standards; Definition: Ethical standards refer to the principles and values that guide an individual's or group's conduct, dictating what is considered morally right or wrong, and influencing decision-making in situations with moral implications.; Rubric: 1: Unethical/Self-serving | 2: Opportunistic/Flexible | 3: Compliant/Situational | 4: Principled/Proactive | 5: Exemplary/Integrity","He always follows company policy and wouldn't intentionally do anything wrong, but he doesn't really speak up or challenge others' questionable behavior either.",3
"Facet: Ethical standards; Definition: Ethical standards refer to the principles and values that guide an individual's or group's conduct, dictating what is considered morally right or wrong, and influencing decision-making in situations with moral implications.; Rubric: 1: Unethical/Self-serving | 2: Opportunistic/Flexible | 3: Compliant/Situational | 4: Principled/Proactive | 5: Exemplary/Integrity",She's very clear about what's right and wrong; I've seen her call out colleagues for even small ethical oversights and ensure things are handled properly.,4
"Facet: Ethical standards; Definition: Ethical standards refer to the principles and values that guide an individual's or group's conduct, dictating what is considered morally right or wrong, and influencing decision-making in situations with moral implications.; Rubric: 1: Unethical/Self-serving | 2: Opportunistic/Flexible | 3: Compliant/Situational | 4: Principled/Proactive | 5: Exemplary/Integrity","Everyone looks up to him because he consistently makes the tough, ethical choices, even when it's unpopular or costly, setting a true example for us all.",5
"Facet: High-spiritedness; Definition: High-spiritedness refers to a disposition characterized by liveliness, enthusiasm, cheerfulness, and a generally optimistic and energetic approach to life and activities. Individuals high in this facet often display a buoyant, joyful, and resilient nature, readily engaging with others and finding pleasure in experiences.; Rubric: 1: Reserved | 2: Calm | 3: Content | 4: Lively | 5: Exuberant","He tends to be quite reserved at social gatherings, preferring to observe rather than actively participate in the boisterous activities.",1
"Facet: High-spiritedness; Definition: High-spiritedness refers to a disposition characterized by liveliness, enthusiasm, cheerfulness, and a generally optimistic and energetic approach to life and activities. Individuals high in this facet often display a buoyant, joyful, and resilient nature, readily engaging with others and finding pleasure in experiences.; Rubric: 1: Reserved | 2: Calm | 3: Content | 4: Lively | 5: Exuberant","She's generally a calm and steady presence, not one to get overly excited but always pleasant to be around.",2
"Facet: High-spiritedness; Definition: High-spiritedness refers to a disposition characterized by liveliness, enthusiasm, cheerfulness, and a generally optimistic and energetic approach to life and activities. Individuals high in this facet often display a buoyant, joyful, and resilient nature, readily engaging with others and finding pleasure in experiences.; Rubric: 1: Reserved | 2: Calm | 3: Content | 4: Lively | 5: Exuberant",He's usually quite content with his routine; he enjoys his quiet evenings and doesn't seek out high-energy adventures.,3
"Facet: High-spiritedness; Definition: High-spiritedness refers to a disposition characterized by liveliness, enthusiasm, cheerfulness, and a generally optimistic and energetic approach to life and activities. Individuals high in this facet often display a buoyant, joyful, and resilient nature, readily engaging with others and finding pleasure in experiences.; Rubric: 1: Reserved | 2: Calm | 3: Content | 4: Lively | 5: Exuberant",You can tell she's really looking forward to the hike; she's been so lively and eager to get started all morning.,4
"Facet: High-spiritedness; Definition: High-spiritedness refers to a disposition characterized by liveliness, enthusiasm, cheerfulness, and a generally optimistic and energetic approach to life and activities. Individuals high in this facet often display a buoyant, joyful, and resilient nature, readily engaging with others and finding pleasure in experiences.; Rubric: 1: Reserved | 2: Calm | 3: Content | 4: Lively | 5: Exuberant","The moment the music started, she was on her feet, dancing with an exuberant joy that was infectious to everyone around her.",5
"Facet: Critical reasoning; Definition: Critical reasoning is the objective analysis and evaluation of information, arguments, and situations to form a sound judgment. It involves identifying biases, weighing evidence, recognizing logical fallacies, and considering alternative perspectives to reach a well-justified conclusion.; Rubric: 1: Unquestioning | 2: Superficial | 3: Developing | 4: Analytical | 5: Synthesizing",I just believe whatever I see on social media; it must be true if so many people are sharing it.,1
"Facet: Critical reasoning; Definition: Critical reasoning is the objective analysis and evaluation of information, arguments, and situations to form a sound judgment. It involves identifying biases, weighing evidence, recognizing logical fallacies, and considering alternative perspectives to reach a well-justified conclusion.; Rubric: 1: Unquestioning | 2: Superficial | 3: Developing | 4: Analytical | 5: Synthesizing","I heard both sides of the argument, but I'm not sure which one is right; they both made some good points, I guess.",2
"Facet: Critical reasoning; Definition: Critical reasoning is the objective analysis and evaluation of information, arguments, and situations to form a sound judgment. It involves identifying biases, weighing evidence, recognizing logical fallacies, and considering alternative perspectives to reach a well-justified conclusion.; Rubric: 1: Unquestioning | 2: Superficial | 3: Developing | 4: Analytical | 5: Synthesizing","After looking at the data, I can see why some people support the new policy and others don't, but I need more time to decide what I think.",3
"Facet: Critical reasoning; Definition: Critical reasoning is the objective analysis and evaluation of information, arguments, and situations to form a sound judgment. It involves identifying biases, weighing evidence, recognizing logical fallacies, and considering alternative perspectives to reach a well-justified conclusion.; Rubric: 1: Unquestioning | 2: Superficial | 3: Developing | 4: Analytical | 5: Synthesizing","Before making a decision, I always try to break down the problem, identify the core assumptions, and evaluate the evidence presented by all parties.",4
"Facet: Critical reasoning; Definition: Critical reasoning is the objective analysis and evaluation of information, arguments, and situations to form a sound judgment. It involves identifying biases, weighing evidence, recognizing logical fallacies, and considering alternative perspectives to reach a well-justified conclusion.; Rubric: 1: Unquestioning | 2: Superficial | 3: Developing | 4: Analytical | 5: Synthesizing","She not only dissects complex arguments, pinpointing fallacies and biases, but also integrates diverse information to construct robust, well-justified conclusions that anticipate counter-arguments.",5
"Facet: Sleep-disorder diagnosis; Definition: The systematic process of identifying and classifying specific sleep disorders (e.g., insomnia, sleep apnea, restless legs syndrome, narcolepsy) based on a comprehensive evaluation of reported symptoms, sleep patterns, medical history, and often objective diagnostic tests like polysomnography or actigraphy.; Rubric: 1: No awareness | 2: Self-concern | 3: Initial consultation | 4: Diagnostic testing | 5: Confirmed diagnosis","I just feel tired all the time, but I haven't really thought about why or if it's a medical issue.",1
"Facet: Sleep-disorder diagnosis; Definition: The systematic process of identifying and classifying specific sleep disorders (e.g., insomnia, sleep apnea, restless legs syndrome, narcolepsy) based on a comprehensive evaluation of reported symptoms, sleep patterns, medical history, and often objective diagnostic tests like polysomnography or actigraphy.; Rubric: 1: No awareness | 2: Self-concern | 3: Initial consultation | 4: Diagnostic testing | 5: Confirmed diagnosis","My partner keeps telling me I stop breathing in my sleep, and I'm starting to worry it might be something serious like sleep apnea.",2
"Facet: Sleep-disorder diagnosis; Definition: The systematic process of identifying and classifying specific sleep disorders (e.g., insomnia, sleep apnea, restless legs syndrome, narcolepsy) based on a comprehensive evaluation of reported symptoms, sleep patterns, medical history, and often objective diagnostic tests like polysomnography or actigraphy.; Rubric: 1: No awareness | 2: Self-concern | 3: Initial consultation | 4: Diagnostic testing | 5: Confirmed diagnosis",I finally talked to my doctor about my chronic insomnia and she recommended I see a sleep specialist for an evaluation.,3
"Facet: Sleep-disorder diagnosis; Definition: The systematic process of identifying and classifying specific sleep disorders (e.g., insomnia, sleep apnea, restless legs syndrome, narcolepsy) based on a comprehensive evaluation of reported symptoms, sleep patterns, medical history, and often objective diagnostic tests like polysomnography or actigraphy.; Rubric: 1: No awareness | 2: Self-concern | 3: Initial consultation | 4: Diagnostic testing | 5: Confirmed diagnosis",I'm scheduled for a sleep study next month to figure out if my daytime sleepiness is due to narcolepsy or something else.,4
"Facet: Sleep-disorder diagnosis; Definition: The systematic process of identifying and classifying specific sleep disorders (e.g., insomnia, sleep apnea, restless legs syndrome, narcolepsy) based on a comprehensive evaluation of reported symptoms, sleep patterns, medical history, and often objective diagnostic tests like polysomnography or actigraphy.; Rubric: 1: No awareness | 2: Self-concern | 3: Initial consultation | 4: Diagnostic testing | 5: Confirmed diagnosis","After reviewing my polysomnography results, the sleep doctor officially diagnosed me with moderate obstructive sleep apnea and prescribed a CPAP.",5
"Facet: Listening Skills Subcomponents; Definition: This facet refers to the distinct, measurable cognitive and behavioral elements that collectively constitute effective active listening, extending beyond mere hearing to include processes like attending, comprehending, interpreting, evaluating, and appropriately responding to a speaker's verbal and non-verbal messages, thereby facilitating understanding and connection.; Rubric: 1: Distracted | 2: Passive | 3: Attentive | 4: Engaged | 5: Empathetic","During the team meeting, he kept checking his phone and staring out the window, completely missing the critical project updates.",1
"Facet: Listening Skills Subcomponents; Definition: This facet refers to the distinct, measurable cognitive and behavioral elements that collectively constitute effective active listening, extending beyond mere hearing to include processes like attending, comprehending, interpreting, evaluating, and appropriately responding to a speaker's verbal and non-verbal messages, thereby facilitating understanding and connection.; Rubric: 1: Distracted | 2: Passive | 3: Attentive | 4: Engaged | 5: Empathetic","She sat quietly and nodded occasionally as I spoke, but offered no questions or feedback, making it unclear if she truly absorbed the information.",2
"Facet: Listening Skills Subcomponents; Definition: This facet refers to the distinct, measurable cognitive and behavioral elements that collectively constitute effective active listening, extending beyond mere hearing to include processes like attending, comprehending, interpreting, evaluating, and appropriately responding to a speaker's verbal and non-verbal messages, thereby facilitating understanding and connection.; Rubric: 1: Distracted | 2: Passive | 3: Attentive | 4: Engaged | 5: Empathetic","He maintained good eye contact and occasionally offered a 'mm-hmm' or 'I see' as I explained the new policy, indicating he was following along.",3
"Facet: Listening Skills Subcomponents; Definition: This facet refers to the distinct, measurable cognitive and behavioral elements that collectively constitute effective active listening, extending beyond mere hearing to include processes like attending, comprehending, interpreting, evaluating, and appropriately responding to a speaker's verbal and non-verbal messages, thereby facilitating understanding and connection.; Rubric: 1: Distracted | 2: Passive | 3: Attentive | 4: Engaged | 5: Empathetic","She not only listened intently, but also asked insightful clarifying questions and summarized my main points to ensure she understood completely.",4
"Facet: Listening Skills Subcomponents; Definition: This facet refers to the distinct, measurable cognitive and behavioral elements that collectively constitute effective active listening, extending beyond mere hearing to include processes like attending, comprehending, interpreting, evaluating, and appropriately responding to a speaker's verbal and non-verbal messages, thereby facilitating understanding and connection.; Rubric: 1: Distracted | 2: Passive | 3: Attentive | 4: Engaged | 5: Empathetic","After I finished sharing my struggles, he reflected on my feelings, validated my experience, and offered thoughtful, supportive insights that showed he truly understood my perspective and emotional state.",5
"Facet: Collaboration; Definition: Collaboration is the process of individuals or groups working together towards a common goal, sharing ideas, resources, and responsibilities, often leveraging diverse skills and perspectives to achieve a synergistic outcome.; Rubric: 1: Avoids/Resists | 2: Passive/Reluctant | 3: Participates/Cooperative | 4: Proactive/Integrative | 5: Synergistic/Leadership","Honestly, I'd rather just work on my part alone; I find group projects slow things down and prefer to manage my own tasks.",1
"Facet: Collaboration; Definition: Collaboration is the process of individuals or groups working together towards a common goal, sharing ideas, resources, and responsibilities, often leveraging diverse skills and perspectives to achieve a synergistic outcome.; Rubric: 1: Avoids/Resists | 2: Passive/Reluctant | 3: Participates/Cooperative | 4: Proactive/Integrative | 5: Synergistic/Leadership","I'll contribute if I'm specifically asked, but I usually wait for others to take the lead in group discussions.",2
"Facet: Collaboration; Definition: Collaboration is the process of individuals or groups working together towards a common goal, sharing ideas, resources, and responsibilities, often leveraging diverse skills and perspectives to achieve a synergistic outcome.; Rubric: 1: Avoids/Resists | 2: Passive/Reluctant | 3: Participates/Cooperative | 4: Proactive/Integrative | 5: Synergistic/Leadership",I'm happy to contribute my section and discuss how it fits with everyone else's work to ensure we're aligned.,3
"Facet: Collaboration; Definition: Collaboration is the process of individuals or groups working together towards a common goal, sharing ideas, resources, and responsibilities, often leveraging diverse skills and perspectives to achieve a synergistic outcome.; Rubric: 1: Avoids/Resists | 2: Passive/Reluctant | 3: Participates/Cooperative | 4: Proactive/Integrative | 5: Synergistic/Leadership",I think we should combine our ideas on this; I've got a few thoughts on how we can integrate them effectively to strengthen our proposal.,4
"Facet: Collaboration; Definition: Collaboration is the process of individuals or groups working together towards a common goal, sharing ideas, resources, and responsibilities, often leveraging diverse skills and perspectives to achieve a synergistic outcome.; Rubric: 1: Avoids/Resists | 2: Passive/Reluctant | 3: Participates/Cooperative | 4: Proactive/Integrative | 5: Synergistic/Leadership","Let's brainstorm together, leveraging everyone's unique strengths and perspectives to build something truly innovative that's better than any of us could achieve alone.",5
"Facet: Precision of Movements; Definition: The ability to execute motor actions with accuracy, control, and minimal deviation from the intended target or path, often involving fine motor skills and coordination.; Rubric: 1: Clumsy | 2: Inconsistent | 3: Adequate | 4: Controlled | 5: Flawless","When I try to thread a needle, my hands shake so much I usually just give up.",1
"Facet: Precision of Movements; Definition: The ability to execute motor actions with accuracy, control, and minimal deviation from the intended target or path, often involving fine motor skills and coordination.; Rubric: 1: Clumsy | 2: Inconsistent | 3: Adequate | 4: Controlled | 5: Flawless","My handwriting is usually pretty messy, but sometimes I can make it look decent if I really concentrate.",2
"Facet: Precision of Movements; Definition: The ability to execute motor actions with accuracy, control, and minimal deviation from the intended target or path, often involving fine motor skills and coordination.; Rubric: 1: Clumsy | 2: Inconsistent | 3: Adequate | 4: Controlled | 5: Flawless","I can generally hit the buttons on my phone without too much trouble, though I sometimes mistype if I'm rushing.",3
"Facet: Precision of Movements; Definition: The ability to execute motor actions with accuracy, control, and minimal deviation from the intended target or path, often involving fine motor skills and coordination.; Rubric: 1: Clumsy | 2: Inconsistent | 3: Adequate | 4: Controlled | 5: Flawless",She's quite good at drawing fine lines; her pen strokes are always so steady and precise.,4
"Facet: Precision of Movements; Definition: The ability to execute motor actions with accuracy, control, and minimal deviation from the intended target or path, often involving fine motor skills and coordination.; Rubric: 1: Clumsy | 2: Inconsistent | 3: Adequate | 4: Controlled | 5: Flawless",Watch the surgeon's hands; every single movement is incredibly exact and perfectly placed.,5
"Facet: Social Boldness; Definition: Social Boldness refers to the degree to which an individual is assertive, confident, and uninhibited in social situations, willing to take social risks, and comfortable expressing themselves openly, even in the face of potential criticism or opposition. It reflects a lack of shyness or timidity in social interactions.; Rubric: 1: Very shy | 2: Reserved | 3: Socially comfortable | 4: Confident | 5: Fearlessly assertive",I usually just listen in group discussions; I'm not really one to speak up unless I absolutely have to.,1
"Facet: Social Boldness; Definition: Social Boldness refers to the degree to which an individual is assertive, confident, and uninhibited in social situations, willing to take social risks, and comfortable expressing themselves openly, even in the face of potential criticism or opposition. It reflects a lack of shyness or timidity in social interactions.; Rubric: 1: Very shy | 2: Reserved | 3: Socially comfortable | 4: Confident | 5: Fearlessly assertive","I'll share my ideas if asked directly, but I prefer to let others initiate the conversation.",2
"Facet: Social Boldness; Definition: Social Boldness refers to the degree to which an individual is assertive, confident, and uninhibited in social situations, willing to take social risks, and comfortable expressing themselves openly, even in the face of potential criticism or opposition. It reflects a lack of shyness or timidity in social interactions.; Rubric: 1: Very shy | 2: Reserved | 3: Socially comfortable | 4: Confident | 5: Fearlessly assertive","I enjoy chatting with people at parties, and I don't mind introducing myself to new faces.",3
"Facet: Social Boldness; Definition: Social Boldness refers to the degree to which an individual is assertive, confident, and uninhibited in social situations, willing to take social risks, and comfortable expressing themselves openly, even in the face of potential criticism or opposition. It reflects a lack of shyness or timidity in social interactions.; Rubric: 1: Very shy | 2: Reserved | 3: Socially comfortable | 4: Confident | 5: Fearlessly assertive","When I have a strong opinion, I'm not afraid to voice it, even if it goes against the popular view.",4
"Facet: Social Boldness; Definition: Social Boldness refers to the degree to which an individual is assertive, confident, and uninhibited in social situations, willing to take social risks, and comfortable expressing themselves openly, even in the face of potential criticism or opposition. It reflects a lack of shyness or timidity in social interactions.; Rubric: 1: Very shy | 2: Reserved | 3: Socially comfortable | 4: Confident | 5: Fearlessly assertive",I love taking charge of group projects and leading discussions; I never shy away from a challenge or a debate.,5
"Facet: Auditory memory; Definition: Auditory memory is the cognitive ability to encode, store, and retrieve information perceived through the sense of hearing. It encompasses both the short-term retention of sounds (e.g., remembering a phone number just heard) and the long-term recall of spoken words, melodies, or environmental sounds.; Rubric: 1: Minimal Recall | 2: Limited Retention | 3: Moderate Retention | 4: Strong Recall | 5: Exceptional Recall","I just can't remember the last two things you said, even though you literally just told me.",1
"Facet: Auditory memory; Definition: Auditory memory is the cognitive ability to encode, store, and retrieve information perceived through the sense of hearing. It encompasses both the short-term retention of sounds (e.g., remembering a phone number just heard) and the long-term recall of spoken words, melodies, or environmental sounds.; Rubric: 1: Minimal Recall | 2: Limited Retention | 3: Moderate Retention | 4: Strong Recall | 5: Exceptional Recall",Could you repeat that address? I got the street name but the number slipped my mind.,2
"Facet: Auditory memory; Definition: Auditory memory is the cognitive ability to encode, store, and retrieve information perceived through the sense of hearing. It encompasses both the short-term retention of sounds (e.g., remembering a phone number just heard) and the long-term recall of spoken words, melodies, or environmental sounds.; Rubric: 1: Minimal Recall | 2: Limited Retention | 3: Moderate Retention | 4: Strong Recall | 5: Exceptional Recall","I think I remember the main points from the meeting, but I might need to check my notes for the exact details.",3
"Facet: Auditory memory; Definition: Auditory memory is the cognitive ability to encode, store, and retrieve information perceived through the sense of hearing. It encompasses both the short-term retention of sounds (e.g., remembering a phone number just heard) and the long-term recall of spoken words, melodies, or environmental sounds.; Rubric: 1: Minimal Recall | 2: Limited Retention | 3: Moderate Retention | 4: Strong Recall | 5: Exceptional Recall",I can still hum that entire song after only hearing it a couple of times on the radio.,4
"Facet: Auditory memory; Definition: Auditory memory is the cognitive ability to encode, store, and retrieve information perceived through the sense of hearing. It encompasses both the short-term retention of sounds (e.g., remembering a phone number just heard) and the long-term recall of spoken words, melodies, or environmental sounds.; Rubric: 1: Minimal Recall | 2: Limited Retention | 3: Moderate Retention | 4: Strong Recall | 5: Exceptional Recall","After listening to that hour-long lecture once, I can practically recite the key arguments and supporting examples verbatim.",5
"Facet: Psychomotor Ability Subcomponents; Definition: Psychomotor Ability Subcomponents refers to the distinct, measurable cognitive and motor processes that integrate to enable purposeful, coordinated physical actions. These subcomponents include, but are not limited to, reaction time, manual dexterity, eye-hand coordination, precision, and control, all contributing to the efficiency and effectiveness of movement.; Rubric: 1: Disjointed | 2: Basic | 3: Functional | 4: Proficient | 5: Masterful","When she tried to assemble the IKEA furniture, her movements were so clumsy and uncoordinated that it took her hours just to get the first few pieces together.",1
"Facet: Psychomotor Ability Subcomponents; Definition: Psychomotor Ability Subcomponents refers to the distinct, measurable cognitive and motor processes that integrate to enable purposeful, coordinated physical actions. These subcomponents include, but are not limited to, reaction time, manual dexterity, eye-hand coordination, precision, and control, all contributing to the efficiency and effectiveness of movement.; Rubric: 1: Disjointed | 2: Basic | 3: Functional | 4: Proficient | 5: Masterful","He can definitely ride a bike and catch a ball, but don't expect him to juggle or perform any delicate tasks with consistent success.",2
"Facet: Psychomotor Ability Subcomponents; Definition: Psychomotor Ability Subcomponents refers to the distinct, measurable cognitive and motor processes that integrate to enable purposeful, coordinated physical actions. These subcomponents include, but are not limited to, reaction time, manual dexterity, eye-hand coordination, precision, and control, all contributing to the efficiency and effectiveness of movement.; Rubric: 1: Disjointed | 2: Basic | 3: Functional | 4: Proficient | 5: Masterful","She's perfectly capable of driving, typing, and cooking a meal, handling everyday tasks without much trouble, though not with exceptional speed or grace.",3
"Facet: Psychomotor Ability Subcomponents; Definition: Psychomotor Ability Subcomponents refers to the distinct, measurable cognitive and motor processes that integrate to enable purposeful, coordinated physical actions. These subcomponents include, but are not limited to, reaction time, manual dexterity, eye-hand coordination, precision, and control, all contributing to the efficiency and effectiveness of movement.; Rubric: 1: Disjointed | 2: Basic | 3: Functional | 4: Proficient | 5: Masterful","Watch him play the piano; his fingers fly across the keys with impressive speed and accuracy, rarely missing a note even during complex pieces.",4
"Facet: Psychomotor Ability Subcomponents; Definition: Psychomotor Ability Subcomponents refers to the distinct, measurable cognitive and motor processes that integrate to enable purposeful, coordinated physical actions. These subcomponents include, but are not limited to, reaction time, manual dexterity, eye-hand coordination, precision, and control, all contributing to the efficiency and effectiveness of movement.; Rubric: 1: Disjointed | 2: Basic | 3: Functional | 4: Proficient | 5: Masterful","The surgeon's hands moved with such incredible precision and fluid control during the delicate microsurgery, it was almost like watching a perfectly choreographed dance.",5
"Facet: Organized lifestyle; Definition: An organized lifestyle refers to the systematic approach an individual takes to manage their time, tasks, possessions, and environment, characterized by planning, orderliness, efficiency, and adherence to routines, leading to reduced stress and increased productivity.; Rubric: 1: Chaotic | 2: Sporadic | 3: Functional | 4: Structured | 5: Systematic","My desk is always buried under piles of papers, and I can never find anything I need when I'm looking for it, which makes starting any project a nightmare.",1
"Facet: Organized lifestyle; Definition: An organized lifestyle refers to the systematic approach an individual takes to manage their time, tasks, possessions, and environment, characterized by planning, orderliness, efficiency, and adherence to routines, leading to reduced stress and increased productivity.; Rubric: 1: Chaotic | 2: Sporadic | 3: Functional | 4: Structured | 5: Systematic","I try to keep my apartment tidy and use a planner, but I often fall behind on chores, miss appointments, or forget about deadlines until the last minute.",2
"Facet: Organized lifestyle; Definition: An organized lifestyle refers to the systematic approach an individual takes to manage their time, tasks, possessions, and environment, characterized by planning, orderliness, efficiency, and adherence to routines, leading to reduced stress and increased productivity.; Rubric: 1: Chaotic | 2: Sporadic | 3: Functional | 4: Structured | 5: Systematic","I usually manage to keep my life in order and get things done, though there are definitely times when my schedule gets a bit messy, or I have to scramble to catch up.",3
"Facet: Organized lifestyle; Definition: An organized lifestyle refers to the systematic approach an individual takes to manage their time, tasks, possessions, and environment, characterized by planning, orderliness, efficiency, and adherence to routines, leading to reduced stress and increased productivity.; Rubric: 1: Chaotic | 2: Sporadic | 3: Functional | 4: Structured | 5: Systematic","I plan my week every Sunday, maintain a clean workspace, and generally stick to my routines, which helps me stay on top of most of my responsibilities without too much stress.",4
"Facet: Organized lifestyle; Definition: An organized lifestyle refers to the systematic approach an individual takes to manage their time, tasks, possessions, and environment, characterized by planning, orderliness, efficiency, and adherence to routines, leading to reduced stress and increased productivity.; Rubric: 1: Chaotic | 2: Sporadic | 3: Functional | 4: Structured | 5: Systematic","Every aspect of my life, from my daily schedule to my finances and home maintenance, is meticulously planned and optimized, ensuring maximum efficiency and minimal unexpected disruptions.",5
"Facet: Skill-endorsements count; Definition: The total number of public acknowledgments or validations an individual has received from others for specific skills they possess, typically on professional networking platforms. It serves as a form of social proof, indicating the perceived competence and recognition of those skills within their network.; Rubric: 1: None/Very Few | 2: Few/Limited | 3: Moderate/Average | 4: Many/Strong | 5: Extensive/Expert","I've just started updating my professional profile, so I haven't received any endorsements for my 'market research' skills yet.",1
"Facet: Skill-endorsements count; Definition: The total number of public acknowledgments or validations an individual has received from others for specific skills they possess, typically on professional networking platforms. It serves as a form of social proof, indicating the perceived competence and recognition of those skills within their network.; Rubric: 1: None/Very Few | 2: Few/Limited | 3: Moderate/Average | 4: Many/Strong | 5: Extensive/Expert","My 'content writing' skill has a few endorsements, mostly from my current team, but it's still quite a limited number overall.",2
"Facet: Skill-endorsements count; Definition: The total number of public acknowledgments or validations an individual has received from others for specific skills they possess, typically on professional networking platforms. It serves as a form of social proof, indicating the perceived competence and recognition of those skills within their network.; Rubric: 1: None/Very Few | 2: Few/Limited | 3: Moderate/Average | 4: Many/Strong | 5: Extensive/Expert","For 'project management,' I've got a pretty moderate count of endorsements, which feels about average for someone in my role.",3
"Facet: Skill-endorsements count; Definition: The total number of public acknowledgments or validations an individual has received from others for specific skills they possess, typically on professional networking platforms. It serves as a form of social proof, indicating the perceived competence and recognition of those skills within their network.; Rubric: 1: None/Very Few | 2: Few/Limited | 3: Moderate/Average | 4: Many/Strong | 5: Extensive/Expert",My 'leadership' skill has really taken off; I've accumulated a strong number of endorsements from various colleagues and supervisors.,4
"Facet: Skill-endorsements count; Definition: The total number of public acknowledgments or validations an individual has received from others for specific skills they possess, typically on professional networking platforms. It serves as a form of social proof, indicating the perceived competence and recognition of those skills within their network.; Rubric: 1: None/Very Few | 2: Few/Limited | 3: Moderate/Average | 4: Many/Strong | 5: Extensive/Expert","Regarding 'full-stack development,' my endorsement count is incredibly extensive, clearly signaling my expert status in the field.",5
"Facet: Mysteriousness; Definition: The quality of being difficult to understand, explain, or identify, often evoking curiosity, wonder, or a sense of the unknown due to a perceived lack of information or clarity.; Rubric: 1: Transparent | 2: Straightforward | 3: Unclear | 4: Puzzling | 5: Inscrutable",You always know exactly what she's thinking; there's nothing mysterious about her at all.,1
"Facet: Mysteriousness; Definition: The quality of being difficult to understand, explain, or identify, often evoking curiosity, wonder, or a sense of the unknown due to a perceived lack of information or clarity.; Rubric: 1: Transparent | 2: Straightforward | 3: Unclear | 4: Puzzling | 5: Inscrutable","He's pretty straightforward, you can usually predict how he'll react to things.",2
"Facet: Mysteriousness; Definition: The quality of being difficult to understand, explain, or identify, often evoking curiosity, wonder, or a sense of the unknown due to a perceived lack of information or clarity.; Rubric: 1: Transparent | 2: Straightforward | 3: Unclear | 4: Puzzling | 5: Inscrutable",I can't quite get a full read on what he meant by that comment; it was a little unclear.,3
"Facet: Mysteriousness; Definition: The quality of being difficult to understand, explain, or identify, often evoking curiosity, wonder, or a sense of the unknown due to a perceived lack of information or clarity.; Rubric: 1: Transparent | 2: Straightforward | 3: Unclear | 4: Puzzling | 5: Inscrutable",Her sudden departure and vague note left everyone puzzled; it was quite mysterious.,4
"Facet: Mysteriousness; Definition: The quality of being difficult to understand, explain, or identify, often evoking curiosity, wonder, or a sense of the unknown due to a perceived lack of information or clarity.; Rubric: 1: Transparent | 2: Straightforward | 3: Unclear | 4: Puzzling | 5: Inscrutable","The ancient text was written in an unknown language and depicted symbols no one recognized, making it utterly inscrutable.",5
"Facet: Cultural Identity; Definition: Cultural identity refers to an individual's sense of belonging to a particular culture or ethnic group, encompassing shared values, beliefs, customs, language, and heritage. It is a dynamic process of self-identification and affiliation, influenced by social, historical, and personal experiences.; Rubric: 1: Disconnected | 2: Peripheral | 3: Exploring | 4: Identified | 5: Integrated","Honestly, I don't really think about my cultural background much; it just doesn't feel relevant to my everyday life.",1
"Facet: Cultural Identity; Definition: Cultural identity refers to an individual's sense of belonging to a particular culture or ethnic group, encompassing shared values, beliefs, customs, language, and heritage. It is a dynamic process of self-identification and affiliation, influenced by social, historical, and personal experiences.; Rubric: 1: Disconnected | 2: Peripheral | 3: Exploring | 4: Identified | 5: Integrated","I know a few traditions from my family's culture, but I don't actively participate in them or feel a strong personal connection.",2
"Facet: Cultural Identity; Definition: Cultural identity refers to an individual's sense of belonging to a particular culture or ethnic group, encompassing shared values, beliefs, customs, language, and heritage. It is a dynamic process of self-identification and affiliation, influenced by social, historical, and personal experiences.; Rubric: 1: Disconnected | 2: Peripheral | 3: Exploring | 4: Identified | 5: Integrated","Lately, I've been trying to learn more about my heritage, reading books and asking my grandparents about their experiences to see where I fit in.",3
"Facet: Cultural Identity; Definition: Cultural identity refers to an individual's sense of belonging to a particular culture or ethnic group, encompassing shared values, beliefs, customs, language, and heritage. It is a dynamic process of self-identification and affiliation, influenced by social, historical, and personal experiences.; Rubric: 1: Disconnected | 2: Peripheral | 3: Exploring | 4: Identified | 5: Integrated","I really embrace my cultural roots; I celebrate all the holidays, speak the language when I can, and feel a strong sense of pride in my community.",4
"Facet: Cultural Identity; Definition: Cultural identity refers to an individual's sense of belonging to a particular culture or ethnic group, encompassing shared values, beliefs, customs, language, and heritage. It is a dynamic process of self-identification and affiliation, influenced by social, historical, and personal experiences.; Rubric: 1: Disconnected | 2: Peripheral | 3: Exploring | 4: Identified | 5: Integrated","My cultural identity isn't just a part of who I am; it shapes my worldview, influences my career choices, and I'm always looking for ways to share and preserve it.",5
"Facet: Intrinsic Motivation; Definition: Intrinsic motivation refers to engaging in an activity for its inherent satisfaction and enjoyment, rather than for external rewards or pressures. It stems from internal drives like curiosity, interest, personal challenge, or the pleasure of mastery.; Rubric: 1: Apathetic | 2: Obligated | 3: Compliant | 4: Engaged | 5: Passionate","I'm only doing this because I absolutely have to, and I find it incredibly boring.",1
"Facet: Intrinsic Motivation; Definition: Intrinsic motivation refers to engaging in an activity for its inherent satisfaction and enjoyment, rather than for external rewards or pressures. It stems from internal drives like curiosity, interest, personal challenge, or the pleasure of mastery.; Rubric: 1: Apathetic | 2: Obligated | 3: Compliant | 4: Engaged | 5: Passionate","If there wasn't a strict deadline or a manager looking over my shoulder, I'd probably put this off indefinitely.",2
"Facet: Intrinsic Motivation; Definition: Intrinsic motivation refers to engaging in an activity for its inherent satisfaction and enjoyment, rather than for external rewards or pressures. It stems from internal drives like curiosity, interest, personal challenge, or the pleasure of mastery.; Rubric: 1: Apathetic | 2: Obligated | 3: Compliant | 4: Engaged | 5: Passionate","It's just another task on my list, so I'll get it done as expected.",3
"Facet: Intrinsic Motivation; Definition: Intrinsic motivation refers to engaging in an activity for its inherent satisfaction and enjoyment, rather than for external rewards or pressures. It stems from internal drives like curiosity, interest, personal challenge, or the pleasure of mastery.; Rubric: 1: Apathetic | 2: Obligated | 3: Compliant | 4: Engaged | 5: Passionate",I actually find this project quite interesting and I'm enjoying the process of figuring things out.,4
"Facet: Intrinsic Motivation; Definition: Intrinsic motivation refers to engaging in an activity for its inherent satisfaction and enjoyment, rather than for external rewards or pressures. It stems from internal drives like curiosity, interest, personal challenge, or the pleasure of mastery.; Rubric: 1: Apathetic | 2: Obligated | 3: Compliant | 4: Engaged | 5: Passionate",I completely lose track of time when I'm working on this; it feels incredibly fulfilling and I love the challenge.,5
"Facet: Impartial-mindedness; Definition: Impartial-mindedness refers to the cognitive and emotional capacity to evaluate information, situations, and individuals without bias, prejudice, or personal investment, striving for objectivity and fairness in judgment and decision-making. It involves the willingness to consider all sides of an issue, even those contrary to one's own beliefs, and to update one's views based on new evidence.; Rubric: 1: Strongly Biased | 2: Partially Biased | 3: Open to Consideration | 4: Objective & Fair | 5: Unbiased & Neutral","Honestly, I don't even need to hear their side; I already know they're wrong about this, it's just how they always are.",1
"Facet: Impartial-mindedness; Definition: Impartial-mindedness refers to the cognitive and emotional capacity to evaluate information, situations, and individuals without bias, prejudice, or personal investment, striving for objectivity and fairness in judgment and decision-making. It involves the willingness to consider all sides of an issue, even those contrary to one's own beliefs, and to update one's views based on new evidence.; Rubric: 1: Strongly Biased | 2: Partially Biased | 3: Open to Consideration | 4: Objective & Fair | 5: Unbiased & Neutral","I'll listen to what they have to say, but I'm pretty sure my initial impression is correct, and it's going to take a lot to change my mind.",2
"Facet: Impartial-mindedness; Definition: Impartial-mindedness refers to the cognitive and emotional capacity to evaluate information, situations, and individuals without bias, prejudice, or personal investment, striving for objectivity and fairness in judgment and decision-making. It involves the willingness to consider all sides of an issue, even those contrary to one's own beliefs, and to update one's views based on new evidence.; Rubric: 1: Strongly Biased | 2: Partially Biased | 3: Open to Consideration | 4: Objective & Fair | 5: Unbiased & Neutral",I'm trying to understand both perspectives on this issue and weigh the arguments before forming a final opinion.,3
"Facet: Impartial-mindedness; Definition: Impartial-mindedness refers to the cognitive and emotional capacity to evaluate information, situations, and individuals without bias, prejudice, or personal investment, striving for objectivity and fairness in judgment and decision-making. It involves the willingness to consider all sides of an issue, even those contrary to one's own beliefs, and to update one's views based on new evidence.; Rubric: 1: Strongly Biased | 2: Partially Biased | 3: Open to Consideration | 4: Objective & Fair | 5: Unbiased & Neutral","After reviewing all the evidence from both parties, I can see valid points on each side, and I'll make my decision based on what's most equitable.",4
"Facet: Impartial-mindedness; Definition: Impartial-mindedness refers to the cognitive and emotional capacity to evaluate information, situations, and individuals without bias, prejudice, or personal investment, striving for objectivity and fairness in judgment and decision-making. It involves the willingness to consider all sides of an issue, even those contrary to one's own beliefs, and to update one's views based on new evidence.; Rubric: 1: Strongly Biased | 2: Partially Biased | 3: Open to Consideration | 4: Objective & Fair | 5: Unbiased & Neutral","My role here is to facilitate a fair discussion without personal influence, ensuring everyone feels heard and that we arrive at a truly balanced outcome.",5
"Facet: Burnout Symptoms; Definition: Burnout symptoms refer to a state of emotional, physical, and mental exhaustion caused by prolonged or excessive stress. Key indicators include feelings of energy depletion or exhaustion, increased mental distance from one's job or feelings of negativism/cynicism related to one's job, and reduced professional efficacy.; Rubric: 1: Energized | 2: Slightly fatigued | 3: Moderately strained | 4: Severely exhausted | 5: Critically impaired","Honestly, I've been feeling pretty great at work lately, really energized and focused.",1
"Facet: Burnout Symptoms; Definition: Burnout symptoms refer to a state of emotional, physical, and mental exhaustion caused by prolonged or excessive stress. Key indicators include feelings of energy depletion or exhaustion, increased mental distance from one's job or feelings of negativism/cynicism related to one's job, and reduced professional efficacy.; Rubric: 1: Energized | 2: Slightly fatigued | 3: Moderately strained | 4: Severely exhausted | 5: Critically impaired","I've been feeling a bit more tired than usual after work, but it's nothing a good night's sleep can't fix.",2
"Facet: Burnout Symptoms; Definition: Burnout symptoms refer to a state of emotional, physical, and mental exhaustion caused by prolonged or excessive stress. Key indicators include feelings of energy depletion or exhaustion, increased mental distance from one's job or feelings of negativism/cynicism related to one's job, and reduced professional efficacy.; Rubric: 1: Energized | 2: Slightly fatigued | 3: Moderately strained | 4: Severely exhausted | 5: Critically impaired","Lately, I'm often drained by mid-week, and sometimes I just can't bring myself to care about my tasks as much as I used to.",3
"Facet: Burnout Symptoms; Definition: Burnout symptoms refer to a state of emotional, physical, and mental exhaustion caused by prolonged or excessive stress. Key indicators include feelings of energy depletion or exhaustion, increased mental distance from one's job or feelings of negativism/cynicism related to one's job, and reduced professional efficacy.; Rubric: 1: Energized | 2: Slightly fatigued | 3: Moderately strained | 4: Severely exhausted | 5: Critically impaired","I wake up feeling exhausted even after a full night's sleep, and I'm constantly questioning if my work even matters anymore.",4
"Facet: Burnout Symptoms; Definition: Burnout symptoms refer to a state of emotional, physical, and mental exhaustion caused by prolonged or excessive stress. Key indicators include feelings of energy depletion or exhaustion, increased mental distance from one's job or feelings of negativism/cynicism related to one's job, and reduced professional efficacy.; Rubric: 1: Energized | 2: Slightly fatigued | 3: Moderately strained | 4: Severely exhausted | 5: Critically impaired","I'm so utterly drained and cynical that I can barely get out of bed, let alone concentrate on anything work-related; it feels like I'm completely broken.",5
"Facet: Holiness; Definition: Holiness, from a behavioral perspective, refers to a state of perceived moral purity, ethical integrity, and adherence to sacred values or principles. It involves a consistent striving for moral excellence, self-discipline, and reverence for what is considered sacred or profoundly good, often manifesting as a life set apart by high moral standards and a dedication to a higher purpose or ideal.; Rubric: 1: Disregard | 2: Indifferent | 3: Respectful | 4: Principled | 5: Exemplary","He consistently makes choices that show a complete disregard for ethical boundaries, often mocking those who try to live by higher standards.",1
"Facet: Holiness; Definition: Holiness, from a behavioral perspective, refers to a state of perceived moral purity, ethical integrity, and adherence to sacred values or principles. It involves a consistent striving for moral excellence, self-discipline, and reverence for what is considered sacred or profoundly good, often manifesting as a life set apart by high moral standards and a dedication to a higher purpose or ideal.; Rubric: 1: Disregard | 2: Indifferent | 3: Respectful | 4: Principled | 5: Exemplary","She's generally apathetic about moral issues, only acting ethically when it's convenient or serves her immediate self-interest.",2
"Facet: Holiness; Definition: Holiness, from a behavioral perspective, refers to a state of perceived moral purity, ethical integrity, and adherence to sacred values or principles. It involves a consistent striving for moral excellence, self-discipline, and reverence for what is considered sacred or profoundly good, often manifesting as a life set apart by high moral standards and a dedication to a higher purpose or ideal.; Rubric: 1: Disregard | 2: Indifferent | 3: Respectful | 4: Principled | 5: Exemplary","He tries to live a decent life, respecting most social and moral norms, though he doesn't often go out of his way for others.",3
"Facet: Holiness; Definition: Holiness, from a behavioral perspective, refers to a state of perceived moral purity, ethical integrity, and adherence to sacred values or principles. It involves a consistent striving for moral excellence, self-discipline, and reverence for what is considered sacred or profoundly good, often manifesting as a life set apart by high moral standards and a dedication to a higher purpose or ideal.; Rubric: 1: Disregard | 2: Indifferent | 3: Respectful | 4: Principled | 5: Exemplary","She lives by a strong set of principles, consistently making choices that reflect her deep commitment to honesty and compassion, even when it's difficult.",4
"Facet: Holiness; Definition: Holiness, from a behavioral perspective, refers to a state of perceived moral purity, ethical integrity, and adherence to sacred values or principles. It involves a consistent striving for moral excellence, self-discipline, and reverence for what is considered sacred or profoundly good, often manifesting as a life set apart by high moral standards and a dedication to a higher purpose or ideal.; Rubric: 1: Disregard | 2: Indifferent | 3: Respectful | 4: Principled | 5: Exemplary","His life is a testament to unwavering moral integrity and profound dedication to service, inspiring everyone around him with his selfless actions and profound reverence for life.",5
"Facet: Selfcontrol; Definition: Self-control is the capacity to regulate one's thoughts, emotions, and behaviors in pursuit of long-term goals, often involving the conscious inhibition of immediate impulses, desires, or distractions to align with personal standards or future rewards.; Rubric: 1: Impulsive | 2: Struggles | 3: Variable | 4: Consistent | 5: Disciplined","I really wanted that extra slice of cake, and before I knew it, it was gone – my diet plans just flew out the window.",1
"Facet: Selfcontrol; Definition: Self-control is the capacity to regulate one's thoughts, emotions, and behaviors in pursuit of long-term goals, often involving the conscious inhibition of immediate impulses, desires, or distractions to align with personal standards or future rewards.; Rubric: 1: Impulsive | 2: Struggles | 3: Variable | 4: Consistent | 5: Disciplined","I tried to stick to my budget this month, but when I saw that sale, I just couldn't resist buying a few things I didn't really need.",2
"Facet: Selfcontrol; Definition: Self-control is the capacity to regulate one's thoughts, emotions, and behaviors in pursuit of long-term goals, often involving the conscious inhibition of immediate impulses, desires, or distractions to align with personal standards or future rewards.; Rubric: 1: Impulsive | 2: Struggles | 3: Variable | 4: Consistent | 5: Disciplined","Sometimes I can hold back when I'm annoyed, but other times I just blurt out whatever I'm thinking, which isn't always great.",3
"Facet: Selfcontrol; Definition: Self-control is the capacity to regulate one's thoughts, emotions, and behaviors in pursuit of long-term goals, often involving the conscious inhibition of immediate impulses, desires, or distractions to align with personal standards or future rewards.; Rubric: 1: Impulsive | 2: Struggles | 3: Variable | 4: Consistent | 5: Disciplined","Even though I was exhausted after work, I still managed to hit the gym for my scheduled workout, knowing it's good for me in the long run.",4
"Facet: Selfcontrol; Definition: Self-control is the capacity to regulate one's thoughts, emotions, and behaviors in pursuit of long-term goals, often involving the conscious inhibition of immediate impulses, desires, or distractions to align with personal standards or future rewards.; Rubric: 1: Impulsive | 2: Struggles | 3: Variable | 4: Consistent | 5: Disciplined","Despite the intense craving for a cigarette, I consistently resist the urge, focusing on my commitment to a smoke-free life for over a year now.",5
"Facet: SelfDirectedness; Definition: Self-directedness is a personality trait characterized by an individual's autonomy, responsibility, resourcefulness, and goal-orientation. It reflects the capacity to regulate one's behavior, adapt to change, and pursue objectives effectively, often taking initiative and demonstrating persistence without excessive external guidance.; Rubric: 1: Dependent | 2: Needs Prompting | 3: Follows Guidelines | 4: Proactive | 5: Autonomous",I usually just wait for someone to tell me exactly what to do; I'm not great at figuring out what's next on my own.,1
"Facet: SelfDirectedness; Definition: Self-directedness is a personality trait characterized by an individual's autonomy, responsibility, resourcefulness, and goal-orientation. It reflects the capacity to regulate one's behavior, adapt to change, and pursue objectives effectively, often taking initiative and demonstrating persistence without excessive external guidance.; Rubric: 1: Dependent | 2: Needs Prompting | 3: Follows Guidelines | 4: Proactive | 5: Autonomous","I can get things done, but I often need a clear prompt or a gentle reminder to really kick off a new task.",2
"Facet: SelfDirectedness; Definition: Self-directedness is a personality trait characterized by an individual's autonomy, responsibility, resourcefulness, and goal-orientation. It reflects the capacity to regulate one's behavior, adapt to change, and pursue objectives effectively, often taking initiative and demonstrating persistence without excessive external guidance.; Rubric: 1: Dependent | 2: Needs Prompting | 3: Follows Guidelines | 4: Proactive | 5: Autonomous","I'm pretty good at managing my workload once I have the overall plan, and I'll ask for clarification if I hit a roadblock.",3
"Facet: SelfDirectedness; Definition: Self-directedness is a personality trait characterized by an individual's autonomy, responsibility, resourcefulness, and goal-orientation. It reflects the capacity to regulate one's behavior, adapt to change, and pursue objectives effectively, often taking initiative and demonstrating persistence without excessive external guidance.; Rubric: 1: Dependent | 2: Needs Prompting | 3: Follows Guidelines | 4: Proactive | 5: Autonomous","I like to take the initiative; if I see something that needs doing, I'll usually just start on it without waiting to be asked.",4
"Facet: SelfDirectedness; Definition: Self-directedness is a personality trait characterized by an individual's autonomy, responsibility, resourcefulness, and goal-orientation. It reflects the capacity to regulate one's behavior, adapt to change, and pursue objectives effectively, often taking initiative and demonstrating persistence without excessive external guidance.; Rubric: 1: Dependent | 2: Needs Prompting | 3: Follows Guidelines | 4: Proactive | 5: Autonomous","I thrive on setting my own ambitious goals and figuring out the best path to achieve them, even when faced with unexpected challenges.",5
"Facet: Encouraging participation; Definition: Encouraging participation refers to the act of actively inviting, supporting, and facilitating the involvement of individuals or groups in discussions, activities, or decision-making processes, often by creating an inclusive and safe environment that values diverse contributions.; Rubric: 1: Discourages/Ignores | 2: Permits/Passive | 3: Invites/Open | 4: Solicits/Facilitates | 5: Empowers/Champions",I just told everyone the plan; there's really no need for further discussion on this topic.,1
"Facet: Encouraging participation; Definition: Encouraging participation refers to the act of actively inviting, supporting, and facilitating the involvement of individuals or groups in discussions, activities, or decision-making processes, often by creating an inclusive and safe environment that values diverse contributions.; Rubric: 1: Discourages/Ignores | 2: Permits/Passive | 3: Invites/Open | 4: Solicits/Facilitates | 5: Empowers/Champions","If anyone has a quick thought to add, feel free to speak up, but we're almost out of time.",2
"Facet: Encouraging participation; Definition: Encouraging participation refers to the act of actively inviting, supporting, and facilitating the involvement of individuals or groups in discussions, activities, or decision-making processes, often by creating an inclusive and safe environment that values diverse contributions.; Rubric: 1: Discourages/Ignores | 2: Permits/Passive | 3: Invites/Open | 4: Solicits/Facilitates | 5: Empowers/Champions",We'd love to hear your ideas on this project; please share any suggestions you might have.,3
"Facet: Encouraging participation; Definition: Encouraging participation refers to the act of actively inviting, supporting, and facilitating the involvement of individuals or groups in discussions, activities, or decision-making processes, often by creating an inclusive and safe environment that values diverse contributions.; Rubric: 1: Discourages/Ignores | 2: Permits/Passive | 3: Invites/Open | 4: Solicits/Facilitates | 5: Empowers/Champions",Let's take a moment for everyone to share one key takeaway or a question they still have from today's session.,4
"Facet: Encouraging participation; Definition: Encouraging participation refers to the act of actively inviting, supporting, and facilitating the involvement of individuals or groups in discussions, activities, or decision-making processes, often by creating an inclusive and safe environment that values diverse contributions.; Rubric: 1: Discourages/Ignores | 2: Permits/Passive | 3: Invites/Open | 4: Solicits/Facilitates | 5: Empowers/Champions","I've specifically scheduled a follow-up meeting and assigned each of you a small section to present, ensuring every voice contributes directly to our final decision.",5
"Facet: Impracticalness; Definition: Impracticalness refers to the tendency to disregard realistic constraints, feasibility, or efficiency in planning or execution, often leading to unworkable, inefficient, or overly complex outcomes. It reflects a lack of pragmatism or a focus on idealistic or unachievable solutions.; Rubric: 1: Highly Realistic | 2: Generally Practical | 3: Occasionally Overlooks | 4: Frequently Unrealistic | 5: Consistently Unfeasible","Before we even discuss the idea, let's make sure we have the budget and resources to actually pull it off.",1
"Facet: Impracticalness; Definition: Impracticalness refers to the tendency to disregard realistic constraints, feasibility, or efficiency in planning or execution, often leading to unworkable, inefficient, or overly complex outcomes. It reflects a lack of pragmatism or a focus on idealistic or unachievable solutions.; Rubric: 1: Highly Realistic | 2: Generally Practical | 3: Occasionally Overlooks | 4: Frequently Unrealistic | 5: Consistently Unfeasible","It's a great concept, but we should probably outline the steps and potential hurdles before we get too deep into planning.",2
"Facet: Impracticalness; Definition: Impracticalness refers to the tendency to disregard realistic constraints, feasibility, or efficiency in planning or execution, often leading to unworkable, inefficient, or overly complex outcomes. It reflects a lack of pragmatism or a focus on idealistic or unachievable solutions.; Rubric: 1: Highly Realistic | 2: Generally Practical | 3: Occasionally Overlooks | 4: Frequently Unrealistic | 5: Consistently Unfeasible","I'm excited about this grand vision, but I do wonder if we're underestimating how long it will take or how much it will cost.",3
"Facet: Impracticalness; Definition: Impracticalness refers to the tendency to disregard realistic constraints, feasibility, or efficiency in planning or execution, often leading to unworkable, inefficient, or overly complex outcomes. It reflects a lack of pragmatism or a focus on idealistic or unachievable solutions.; Rubric: 1: Highly Realistic | 2: Generally Practical | 3: Occasionally Overlooks | 4: Frequently Unrealistic | 5: Consistently Unfeasible","We should definitely try to build a fully automated, self-sustaining office, even though we only have a small team and limited funds.",4
"Facet: Impracticalness; Definition: Impracticalness refers to the tendency to disregard realistic constraints, feasibility, or efficiency in planning or execution, often leading to unworkable, inefficient, or overly complex outcomes. It reflects a lack of pragmatism or a focus on idealistic or unachievable solutions.; Rubric: 1: Highly Realistic | 2: Generally Practical | 3: Occasionally Overlooks | 4: Frequently Unrealistic | 5: Consistently Unfeasible",Forget the current market or our team's skills; my plan is to launch a global space tourism company next month with zero capital.,5
"Facet: Meeting Deadlines; Definition: Meeting deadlines refers to the consistent and timely completion of tasks, projects, or commitments by a specified target date or time. It involves effective time management, planning, and execution to ensure deliverables are submitted as scheduled, reflecting reliability and adherence to expectations.; Rubric: 1: Consistently Misses | 2: Frequently Late | 3: Generally On Time | 4: Reliably Punctual | 5: Proactively Early","Honestly, I just can't seem to hit those due dates, no matter how hard I try; everything feels like it's perpetually behind.",1
"Facet: Meeting Deadlines; Definition: Meeting deadlines refers to the consistent and timely completion of tasks, projects, or commitments by a specified target date or time. It involves effective time management, planning, and execution to ensure deliverables are submitted as scheduled, reflecting reliability and adherence to expectations.; Rubric: 1: Consistently Misses | 2: Frequently Late | 3: Generally On Time | 4: Reliably Punctual | 5: Proactively Early","I usually get things done, but I often find myself scrambling and submitting projects a day or two after they're actually due.",2
"Facet: Meeting Deadlines; Definition: Meeting deadlines refers to the consistent and timely completion of tasks, projects, or commitments by a specified target date or time. It involves effective time management, planning, and execution to ensure deliverables are submitted as scheduled, reflecting reliability and adherence to expectations.; Rubric: 1: Consistently Misses | 2: Frequently Late | 3: Generally On Time | 4: Reliably Punctual | 5: Proactively Early","Most of the time, I manage to get my work in by the deadline, though sometimes it's right down to the wire.",3
"Facet: Meeting Deadlines; Definition: Meeting deadlines refers to the consistent and timely completion of tasks, projects, or commitments by a specified target date or time. It involves effective time management, planning, and execution to ensure deliverables are submitted as scheduled, reflecting reliability and adherence to expectations.; Rubric: 1: Consistently Misses | 2: Frequently Late | 3: Generally On Time | 4: Reliably Punctual | 5: Proactively Early","You can count on me; I make sure to submit all my assignments and tasks precisely when they're expected, without fail.",4
"Facet: Meeting Deadlines; Definition: Meeting deadlines refers to the consistent and timely completion of tasks, projects, or commitments by a specified target date or time. It involves effective time management, planning, and execution to ensure deliverables are submitted as scheduled, reflecting reliability and adherence to expectations.; Rubric: 1: Consistently Misses | 2: Frequently Late | 3: Generally On Time | 4: Reliably Punctual | 5: Proactively Early","I always aim to finish well before the deadline, giving myself a buffer and often submitting my work ahead of schedule.",5
"Facet: Data Analysis; Definition: Data Analysis, from a behavioral perspective, encompasses the cognitive and practical processes an individual employs to systematically collect, process, interpret, and draw meaningful conclusions from information, often quantitative. It involves critical thinking, pattern recognition, logical reasoning, and the ability to synthesize disparate pieces of data to understand phenomena, make informed decisions, or solve complex problems.; Rubric: 1: Avoids/Confused | 2: Basic/Descriptive | 3: Interprets/Identifies | 4: Explains/Synthesizes | 5: Strategic/Predictive","When presented with the complex spreadsheet, she just felt overwhelmed and admitted she didn't know where to even begin to understand what it meant.",1
"Facet: Data Analysis; Definition: Data Analysis, from a behavioral perspective, encompasses the cognitive and practical processes an individual employs to systematically collect, process, interpret, and draw meaningful conclusions from information, often quantitative. It involves critical thinking, pattern recognition, logical reasoning, and the ability to synthesize disparate pieces of data to understand phenomena, make informed decisions, or solve complex problems.; Rubric: 1: Avoids/Confused | 2: Basic/Descriptive | 3: Interprets/Identifies | 4: Explains/Synthesizes | 5: Strategic/Predictive","He looked at the customer feedback scores and simply stated that satisfaction went down this quarter, without offering any deeper insights.",2
"Facet: Data Analysis; Definition: Data Analysis, from a behavioral perspective, encompasses the cognitive and practical processes an individual employs to systematically collect, process, interpret, and draw meaningful conclusions from information, often quantitative. It involves critical thinking, pattern recognition, logical reasoning, and the ability to synthesize disparate pieces of data to understand phenomena, make informed decisions, or solve complex problems.; Rubric: 1: Avoids/Confused | 2: Basic/Descriptive | 3: Interprets/Identifies | 4: Explains/Synthesizes | 5: Strategic/Predictive","After reviewing the sales data, she was able to identify a clear trend showing that our online sales significantly increased during promotional periods.",3
"Facet: Data Analysis; Definition: Data Analysis, from a behavioral perspective, encompasses the cognitive and practical processes an individual employs to systematically collect, process, interpret, and draw meaningful conclusions from information, often quantitative. It involves critical thinking, pattern recognition, logical reasoning, and the ability to synthesize disparate pieces of data to understand phenomena, make informed decisions, or solve complex problems.; Rubric: 1: Avoids/Confused | 2: Basic/Descriptive | 3: Interprets/Identifies | 4: Explains/Synthesizes | 5: Strategic/Predictive","His analysis of the project's budget not only highlighted where we overspent but also explained how those costs correlated with unexpected material delays, suggesting a need for better supplier management.",4
"Facet: Data Analysis; Definition: Data Analysis, from a behavioral perspective, encompasses the cognitive and practical processes an individual employs to systematically collect, process, interpret, and draw meaningful conclusions from information, often quantitative. It involves critical thinking, pattern recognition, logical reasoning, and the ability to synthesize disparate pieces of data to understand phenomena, make informed decisions, or solve complex problems.; Rubric: 1: Avoids/Confused | 2: Basic/Descriptive | 3: Interprets/Identifies | 4: Explains/Synthesizes | 5: Strategic/Predictive","Based on her comprehensive analysis of market shifts, competitor strategies, and our internal performance metrics, she accurately predicted next year's growth areas and proposed a proactive product development roadmap.",5
"Facet: Social Interaction Skills; Definition: Social Interaction Skills refer to an individual's abilities to effectively communicate, relate, and engage with others in various social contexts. This encompasses verbal and non-verbal communication, active listening, empathy, perspective-taking, conflict resolution, and the capacity to build and maintain positive relationships.; Rubric: 1: Disengaged | 2: Hesitant | 3: Functional | 4: Proficient | 5: Exceptional","During the team meeting, Alex barely made eye contact and didn't contribute anything, even when directly asked a question.",1
"Facet: Social Interaction Skills; Definition: Social Interaction Skills refer to an individual's abilities to effectively communicate, relate, and engage with others in various social contexts. This encompasses verbal and non-verbal communication, active listening, empathy, perspective-taking, conflict resolution, and the capacity to build and maintain positive relationships.; Rubric: 1: Disengaged | 2: Hesitant | 3: Functional | 4: Proficient | 5: Exceptional",Sarah seemed a bit uncomfortable at the networking event; she introduced herself to a couple of people but quickly ran out of things to say.,2
"Facet: Social Interaction Skills; Definition: Social Interaction Skills refer to an individual's abilities to effectively communicate, relate, and engage with others in various social contexts. This encompasses verbal and non-verbal communication, active listening, empathy, perspective-taking, conflict resolution, and the capacity to build and maintain positive relationships.; Rubric: 1: Disengaged | 2: Hesitant | 3: Functional | 4: Proficient | 5: Exceptional","Mark can hold a conversation and participate in group discussions, but he doesn't often initiate interactions or delve into deeper topics.",3
"Facet: Social Interaction Skills; Definition: Social Interaction Skills refer to an individual's abilities to effectively communicate, relate, and engage with others in various social contexts. This encompasses verbal and non-verbal communication, active listening, empathy, perspective-taking, conflict resolution, and the capacity to build and maintain positive relationships.; Rubric: 1: Disengaged | 2: Hesitant | 3: Functional | 4: Proficient | 5: Exceptional","Emily always seems to know how to connect with people; she listens well, asks thoughtful questions, and adapts her communication style to different situations.",4
"Facet: Social Interaction Skills; Definition: Social Interaction Skills refer to an individual's abilities to effectively communicate, relate, and engage with others in various social contexts. This encompasses verbal and non-verbal communication, active listening, empathy, perspective-taking, conflict resolution, and the capacity to build and maintain positive relationships.; Rubric: 1: Disengaged | 2: Hesitant | 3: Functional | 4: Proficient | 5: Exceptional","Liam is amazing at social gatherings; he effortlessly draws people into conversation, makes everyone feel at ease, and can navigate any social dynamic with grace.",5
"Facet: Psychoticism; Definition: Psychoticism, as a personality dimension, describes a predisposition towards impulsivity, aggression, interpersonal hostility, non-conformity, and a lack of empathy. Individuals scoring high on psychoticism may exhibit tough-mindedness, unconventionality, and a reduced capacity for socialized behavior, potentially indicating a vulnerability to psychotic disorders in extreme cases.; Rubric: 1: Empathetic, Conforming | 2: Cooperative, Considerate | 3: Independent, Pragmatic | 4: Impulsive, Unconventional | 5: Aggressive, Antisocial","She's incredibly kind and always thinks about how her actions might affect others, making sure everyone feels comfortable.",1
"Facet: Psychoticism; Definition: Psychoticism, as a personality dimension, describes a predisposition towards impulsivity, aggression, interpersonal hostility, non-conformity, and a lack of empathy. Individuals scoring high on psychoticism may exhibit tough-mindedness, unconventionality, and a reduced capacity for socialized behavior, potentially indicating a vulnerability to psychotic disorders in extreme cases.; Rubric: 1: Empathetic, Conforming | 2: Cooperative, Considerate | 3: Independent, Pragmatic | 4: Impulsive, Unconventional | 5: Aggressive, Antisocial","He's usually pretty easygoing and cooperative, generally following established procedures without much fuss.",2
"Facet: Psychoticism; Definition: Psychoticism, as a personality dimension, describes a predisposition towards impulsivity, aggression, interpersonal hostility, non-conformity, and a lack of empathy. Individuals scoring high on psychoticism may exhibit tough-mindedness, unconventionality, and a reduced capacity for socialized behavior, potentially indicating a vulnerability to psychotic disorders in extreme cases.; Rubric: 1: Empathetic, Conforming | 2: Cooperative, Considerate | 3: Independent, Pragmatic | 4: Impulsive, Unconventional | 5: Aggressive, Antisocial","She's quite independent and direct, valuing logic and practicality over emotional responses in most situations.",3
"Facet: Psychoticism; Definition: Psychoticism, as a personality dimension, describes a predisposition towards impulsivity, aggression, interpersonal hostility, non-conformity, and a lack of empathy. Individuals scoring high on psychoticism may exhibit tough-mindedness, unconventionality, and a reduced capacity for socialized behavior, potentially indicating a vulnerability to psychotic disorders in extreme cases.; Rubric: 1: Empathetic, Conforming | 2: Cooperative, Considerate | 3: Independent, Pragmatic | 4: Impulsive, Unconventional | 5: Aggressive, Antisocial","He tends to be quite impulsive and doesn't always consider the consequences, often challenging authority or conventional ways of doing things.",4
"Facet: Psychoticism; Definition: Psychoticism, as a personality dimension, describes a predisposition towards impulsivity, aggression, interpersonal hostility, non-conformity, and a lack of empathy. Individuals scoring high on psychoticism may exhibit tough-mindedness, unconventionality, and a reduced capacity for socialized behavior, potentially indicating a vulnerability to psychotic disorders in extreme cases.; Rubric: 1: Empathetic, Conforming | 2: Cooperative, Considerate | 3: Independent, Pragmatic | 4: Impulsive, Unconventional | 5: Aggressive, Antisocial","They can be quite cold and aggressive, showing little regard for others' feelings or well-being, sometimes even actively trying to manipulate situations to their benefit.",5
"Facet: Ethical leadership rating; Definition: Ethical leadership rating refers to the perceived degree to which a leader consistently demonstrates and promotes morally upright behavior, fairness, transparency, and integrity in their decision-making and interactions, thereby influencing and inspiring others to act similarly.; Rubric: 1: Detrimental | 2: Self-interested | 3: Compliant | 4: Principled | 5: Exemplary","Honestly, their decisions often feel like they're actively harming team morale and pushing boundaries in a really unethical way, just for personal gain.",1
"Facet: Ethical leadership rating; Definition: Ethical leadership rating refers to the perceived degree to which a leader consistently demonstrates and promotes morally upright behavior, fairness, transparency, and integrity in their decision-making and interactions, thereby influencing and inspiring others to act similarly.; Rubric: 1: Detrimental | 2: Self-interested | 3: Compliant | 4: Principled | 5: Exemplary","While they technically follow the rules, it often feels like their primary concern is protecting themselves or advancing their own agenda, rather than doing what's right for everyone.",2
"Facet: Ethical leadership rating; Definition: Ethical leadership rating refers to the perceived degree to which a leader consistently demonstrates and promotes morally upright behavior, fairness, transparency, and integrity in their decision-making and interactions, thereby influencing and inspiring others to act similarly.; Rubric: 1: Detrimental | 2: Self-interested | 3: Compliant | 4: Principled | 5: Exemplary","They usually make fair decisions and stick to company policy, but they don't really go above and beyond to inspire ethical behavior or challenge the status quo.",3
"Facet: Ethical leadership rating; Definition: Ethical leadership rating refers to the perceived degree to which a leader consistently demonstrates and promotes morally upright behavior, fairness, transparency, and integrity in their decision-making and interactions, thereby influencing and inspiring others to act similarly.; Rubric: 1: Detrimental | 2: Self-interested | 3: Compliant | 4: Principled | 5: Exemplary","You can tell they always try to do the right thing, even when it's tough, and they're really good at explaining the ethical reasoning behind their choices to the team.",4
"Facet: Ethical leadership rating; Definition: Ethical leadership rating refers to the perceived degree to which a leader consistently demonstrates and promotes morally upright behavior, fairness, transparency, and integrity in their decision-making and interactions, thereby influencing and inspiring others to act similarly.; Rubric: 1: Detrimental | 2: Self-interested | 3: Compliant | 4: Principled | 5: Exemplary","This leader consistently acts with the highest integrity, setting a powerful example for everyone, and actively fosters an environment where ethical conduct is not just expected, but truly valued and celebrated.",5
"Facet: Slothfulness; Definition: Slothfulness is the disinclination to activity or exertion, characterized by a habitual idleness, a lack of motivation to engage in tasks requiring effort, and often leading to procrastination or avoidance of responsibilities.; Rubric: 1: Highly Diligent | 2: Generally Proactive | 3: Occasionally Reluctant | 4: Frequently Avoidant | 5: Habitually Inactive","Even after a long day, Sarah always tackles her chores and plans for the next day, never putting things off.",1
"Facet: Slothfulness; Definition: Slothfulness is the disinclination to activity or exertion, characterized by a habitual idleness, a lack of motivation to engage in tasks requiring effort, and often leading to procrastination or avoidance of responsibilities.; Rubric: 1: Highly Diligent | 2: Generally Proactive | 3: Occasionally Reluctant | 4: Frequently Avoidant | 5: Habitually Inactive","He usually gets things done on time, but sometimes he'll put off a less urgent task for a day or two if he's feeling tired.",2
"Facet: Slothfulness; Definition: Slothfulness is the disinclination to activity or exertion, characterized by a habitual idleness, a lack of motivation to engage in tasks requiring effort, and often leading to procrastination or avoidance of responsibilities.; Rubric: 1: Highly Diligent | 2: Generally Proactive | 3: Occasionally Reluctant | 4: Frequently Avoidant | 5: Habitually Inactive","I often find myself staring at my to-do list for a while before I actually start, especially if it's a big project.",3
"Facet: Slothfulness; Definition: Slothfulness is the disinclination to activity or exertion, characterized by a habitual idleness, a lack of motivation to engage in tasks requiring effort, and often leading to procrastination or avoidance of responsibilities.; Rubric: 1: Highly Diligent | 2: Generally Proactive | 3: Occasionally Reluctant | 4: Frequently Avoidant | 5: Habitually Inactive","She keeps saying she'll clean out the garage, but every weekend she finds an excuse to do something else instead.",4
"Facet: Slothfulness; Definition: Slothfulness is the disinclination to activity or exertion, characterized by a habitual idleness, a lack of motivation to engage in tasks requiring effort, and often leading to procrastination or avoidance of responsibilities.; Rubric: 1: Highly Diligent | 2: Generally Proactive | 3: Occasionally Reluctant | 4: Frequently Avoidant | 5: Habitually Inactive","Mark hasn't mowed his lawn in weeks, and he just lets the mail pile up because he can't be bothered to go get it.",5
"Facet: Happiness; Definition: Happiness is a state of well-being characterized by positive emotions, contentment, and a sense of life satisfaction. It often involves experiencing joy, pleasure, and a feeling that one's life is good, meaningful, and worthwhile.; Rubric: 1: Distressed | 2: Neutral | 3: Content | 4: Joyful | 5: Euphoric","Honestly, I've been feeling pretty down lately, struggling to find any joy in things.",1
"Facet: Happiness; Definition: Happiness is a state of well-being characterized by positive emotions, contentment, and a sense of life satisfaction. It often involves experiencing joy, pleasure, and a feeling that one's life is good, meaningful, and worthwhile.; Rubric: 1: Distressed | 2: Neutral | 3: Content | 4: Joyful | 5: Euphoric","Things are just... fine, I guess; nothing bad, but nothing particularly exciting either.",2
"Facet: Happiness; Definition: Happiness is a state of well-being characterized by positive emotions, contentment, and a sense of life satisfaction. It often involves experiencing joy, pleasure, and a feeling that one's life is good, meaningful, and worthwhile.; Rubric: 1: Distressed | 2: Neutral | 3: Content | 4: Joyful | 5: Euphoric","I'm feeling pretty good overall, quite satisfied with how things are going right now.",3
"Facet: Happiness; Definition: Happiness is a state of well-being characterized by positive emotions, contentment, and a sense of life satisfaction. It often involves experiencing joy, pleasure, and a feeling that one's life is good, meaningful, and worthwhile.; Rubric: 1: Distressed | 2: Neutral | 3: Content | 4: Joyful | 5: Euphoric",I'm genuinely happy today; everything just feels right and I'm enjoying myself so much.,4
"Facet: Happiness; Definition: Happiness is a state of well-being characterized by positive emotions, contentment, and a sense of life satisfaction. It often involves experiencing joy, pleasure, and a feeling that one's life is good, meaningful, and worthwhile.; Rubric: 1: Distressed | 2: Neutral | 3: Content | 4: Joyful | 5: Euphoric","I'm absolutely ecstatic, feeling an incredible rush of pure joy and excitement about life!",5
"Facet: Contentment Levels; Definition: Contentment Levels refer to an individual's subjective experience of satisfaction, peace, and general well-being with their current circumstances, characterized by a lack of significant desire for change or distress.; Rubric: 1: Dissatisfied | 2: Restless | 3: Neutral | 4: Pleased | 5: Serene","Honestly, I just feel really unhappy with how things are going; nothing seems to be right.",1
"Facet: Contentment Levels; Definition: Contentment Levels refer to an individual's subjective experience of satisfaction, peace, and general well-being with their current circumstances, characterized by a lack of significant desire for change or distress.; Rubric: 1: Dissatisfied | 2: Restless | 3: Neutral | 4: Pleased | 5: Serene","I'm okay, but I can't shake this feeling that something is missing, like I should be doing more.",2
"Facet: Contentment Levels; Definition: Contentment Levels refer to an individual's subjective experience of satisfaction, peace, and general well-being with their current circumstances, characterized by a lack of significant desire for change or distress.; Rubric: 1: Dissatisfied | 2: Restless | 3: Neutral | 4: Pleased | 5: Serene","Things are pretty much fine, nothing special, but no major complaints either.",3
"Facet: Contentment Levels; Definition: Contentment Levels refer to an individual's subjective experience of satisfaction, peace, and general well-being with their current circumstances, characterized by a lack of significant desire for change or distress.; Rubric: 1: Dissatisfied | 2: Restless | 3: Neutral | 4: Pleased | 5: Serene",I'm genuinely quite pleased with how my life is unfolding right now; it feels good.,4
"Facet: Contentment Levels; Definition: Contentment Levels refer to an individual's subjective experience of satisfaction, peace, and general well-being with their current circumstances, characterized by a lack of significant desire for change or distress.; Rubric: 1: Dissatisfied | 2: Restless | 3: Neutral | 4: Pleased | 5: Serene",I feel such a deep sense of peace and gratitude for everything; I wouldn't change a thing.,5
"Facet: Neuroticism; Definition: Neuroticism is a fundamental personality trait characterized by a tendency to experience negative emotions such as anxiety, anger, depression, and vulnerability. Individuals high in neuroticism are often emotionally unstable, prone to stress, and find it difficult to bounce back from setbacks, while those low in neuroticism tend to be calm, emotionally stable, and resilient.; Rubric: 1: Calm, stable, resilient | 2: Relaxed, generally content, occasional worry | 3: Mildly anxious, sometimes moody, copes adequately | 4: Prone to worry, irritable, sensitive to stress | 5: Anxious, easily upset, frequently distressed","Even when things get really chaotic at work, I tend to stay pretty calm and just focus on finding solutions.",1
"Facet: Neuroticism; Definition: Neuroticism is a fundamental personality trait characterized by a tendency to experience negative emotions such as anxiety, anger, depression, and vulnerability. Individuals high in neuroticism are often emotionally unstable, prone to stress, and find it difficult to bounce back from setbacks, while those low in neuroticism tend to be calm, emotionally stable, and resilient.; Rubric: 1: Calm, stable, resilient | 2: Relaxed, generally content, occasional worry | 3: Mildly anxious, sometimes moody, copes adequately | 4: Prone to worry, irritable, sensitive to stress | 5: Anxious, easily upset, frequently distressed","I usually feel pretty good, though I might get a little stressed about deadlines, but I bounce back quickly.",2
"Facet: Neuroticism; Definition: Neuroticism is a fundamental personality trait characterized by a tendency to experience negative emotions such as anxiety, anger, depression, and vulnerability. Individuals high in neuroticism are often emotionally unstable, prone to stress, and find it difficult to bounce back from setbacks, while those low in neuroticism tend to be calm, emotionally stable, and resilient.; Rubric: 1: Calm, stable, resilient | 2: Relaxed, generally content, occasional worry | 3: Mildly anxious, sometimes moody, copes adequately | 4: Prone to worry, irritable, sensitive to stress | 5: Anxious, easily upset, frequently distressed","Sometimes I get a bit anxious about big presentations, and my mood can shift, but I manage to handle it.",3
"Facet: Neuroticism; Definition: Neuroticism is a fundamental personality trait characterized by a tendency to experience negative emotions such as anxiety, anger, depression, and vulnerability. Individuals high in neuroticism are often emotionally unstable, prone to stress, and find it difficult to bounce back from setbacks, while those low in neuroticism tend to be calm, emotionally stable, and resilient.; Rubric: 1: Calm, stable, resilient | 2: Relaxed, generally content, occasional worry | 3: Mildly anxious, sometimes moody, copes adequately | 4: Prone to worry, irritable, sensitive to stress | 5: Anxious, easily upset, frequently distressed","I find myself worrying a lot about small things, and I can get pretty irritable when I'm under pressure.",4
"Facet: Neuroticism; Definition: Neuroticism is a fundamental personality trait characterized by a tendency to experience negative emotions such as anxiety, anger, depression, and vulnerability. Individuals high in neuroticism are often emotionally unstable, prone to stress, and find it difficult to bounce back from setbacks, while those low in neuroticism tend to be calm, emotionally stable, and resilient.; Rubric: 1: Calm, stable, resilient | 2: Relaxed, generally content, occasional worry | 3: Mildly anxious, sometimes moody, copes adequately | 4: Prone to worry, irritable, sensitive to stress | 5: Anxious, easily upset, frequently distressed","I'm constantly feeling on edge and overwhelmed, and even minor setbacks can send me into a spiral of distress.",5
"Facet: Desire for excellence; Definition: The intrinsic drive to perform at the highest possible level, continuously improve, and achieve outstanding results, often exceeding standard expectations.; Rubric: 1: Indifferent | 2: Satisfied | 3: Competent | 4: Ambitious | 5: Mastery-driven","Honestly, I just want to finish this task, I'm not too bothered about how perfect it is.",1
"Facet: Desire for excellence; Definition: The intrinsic drive to perform at the highest possible level, continuously improve, and achieve outstanding results, often exceeding standard expectations.; Rubric: 1: Indifferent | 2: Satisfied | 3: Competent | 4: Ambitious | 5: Mastery-driven",I'm usually content if my work is good enough and meets the basic requirements.,2
"Facet: Desire for excellence; Definition: The intrinsic drive to perform at the highest possible level, continuously improve, and achieve outstanding results, often exceeding standard expectations.; Rubric: 1: Indifferent | 2: Satisfied | 3: Competent | 4: Ambitious | 5: Mastery-driven",I aim to do a solid job and meet all the expectations set for me.,3
"Facet: Desire for excellence; Definition: The intrinsic drive to perform at the highest possible level, continuously improve, and achieve outstanding results, often exceeding standard expectations.; Rubric: 1: Indifferent | 2: Satisfied | 3: Competent | 4: Ambitious | 5: Mastery-driven",I always try to produce high-quality work and look for ways to make it even better.,4
"Facet: Desire for excellence; Definition: The intrinsic drive to perform at the highest possible level, continuously improve, and achieve outstanding results, often exceeding standard expectations.; Rubric: 1: Indifferent | 2: Satisfied | 3: Competent | 4: Ambitious | 5: Mastery-driven",I have a relentless drive to achieve the absolute best in everything I do; 'good enough' is never an option for me.,5
"Facet: Perceiving; Definition: Perceiving refers to the cognitive process by which individuals interpret, organize, and make sense of sensory information from their environment and internal states, shaping their understanding, beliefs, and subsequent actions. It involves attention, interpretation, and the construction of meaning from stimuli.; Rubric: 1: Unobservant | 2: Superficial | 3: Adequate | 4: Attentive | 5: Insightful","I honestly didn't even notice the new painting on the wall until you pointed it out, even though I walk past it every day.",1
"Facet: Perceiving; Definition: Perceiving refers to the cognitive process by which individuals interpret, organize, and make sense of sensory information from their environment and internal states, shaping their understanding, beliefs, and subsequent actions. It involves attention, interpretation, and the construction of meaning from stimuli.; Rubric: 1: Unobservant | 2: Superficial | 3: Adequate | 4: Attentive | 5: Insightful","She just sees the immediate problem, like the messy desk, but doesn't seem to grasp why it's always messy or the stress it causes.",2
"Facet: Perceiving; Definition: Perceiving refers to the cognitive process by which individuals interpret, organize, and make sense of sensory information from their environment and internal states, shaping their understanding, beliefs, and subsequent actions. It involves attention, interpretation, and the construction of meaning from stimuli.; Rubric: 1: Unobservant | 2: Superficial | 3: Adequate | 4: Attentive | 5: Insightful",I think I get the gist of what's happening; it seems like a pretty standard team conflict over resources.,3
"Facet: Perceiving; Definition: Perceiving refers to the cognitive process by which individuals interpret, organize, and make sense of sensory information from their environment and internal states, shaping their understanding, beliefs, and subsequent actions. It involves attention, interpretation, and the construction of meaning from stimuli.; Rubric: 1: Unobservant | 2: Superficial | 3: Adequate | 4: Attentive | 5: Insightful","He's really good at perceiving the subtle shifts in group dynamics during a meeting, often noticing who's disengaging or feeling unheard.",4
"Facet: Perceiving; Definition: Perceiving refers to the cognitive process by which individuals interpret, organize, and make sense of sensory information from their environment and internal states, shaping their understanding, beliefs, and subsequent actions. It involves attention, interpretation, and the construction of meaning from stimuli.; Rubric: 1: Unobservant | 2: Superficial | 3: Adequate | 4: Attentive | 5: Insightful",She not only noticed the tension in the room but also accurately perceived the underlying power struggle and unspoken anxieties driving it.,5
"Facet: Liberalism; Definition: Liberalism, in a behavioral context, refers to a cognitive and attitudinal predisposition characterized by an openness to experience and change, a preference for social equality and individual rights, and a tendency to favor government intervention to address social and economic problems. It often involves a progressive outlook, valuing reform, empathy, and challenging traditional hierarchies.; Rubric: 1: Traditionalist | 2: Cautious Reform | 3: Centrist Pragmatist | 4: Progressive Leaning | 5: Strong Reformer","I honestly think things were better back in the day, and we should stick to what's always worked rather than trying new things.",1
"Facet: Liberalism; Definition: Liberalism, in a behavioral context, refers to a cognitive and attitudinal predisposition characterized by an openness to experience and change, a preference for social equality and individual rights, and a tendency to favor government intervention to address social and economic problems. It often involves a progressive outlook, valuing reform, empathy, and challenging traditional hierarchies.; Rubric: 1: Traditionalist | 2: Cautious Reform | 3: Centrist Pragmatist | 4: Progressive Leaning | 5: Strong Reformer","While I agree some things could improve, I'm generally wary of big, sudden changes; small, careful adjustments are usually better for society.",2
"Facet: Liberalism; Definition: Liberalism, in a behavioral context, refers to a cognitive and attitudinal predisposition characterized by an openness to experience and change, a preference for social equality and individual rights, and a tendency to favor government intervention to address social and economic problems. It often involves a progressive outlook, valuing reform, empathy, and challenging traditional hierarchies.; Rubric: 1: Traditionalist | 2: Cautious Reform | 3: Centrist Pragmatist | 4: Progressive Leaning | 5: Strong Reformer",I see valid points on both sides of the issue; it's about finding practical solutions that benefit the most people without radical shifts.,3
"Facet: Liberalism; Definition: Liberalism, in a behavioral context, refers to a cognitive and attitudinal predisposition characterized by an openness to experience and change, a preference for social equality and individual rights, and a tendency to favor government intervention to address social and economic problems. It often involves a progressive outlook, valuing reform, empathy, and challenging traditional hierarchies.; Rubric: 1: Traditionalist | 2: Cautious Reform | 3: Centrist Pragmatist | 4: Progressive Leaning | 5: Strong Reformer","I believe society needs to evolve, and we should actively work towards more inclusive policies and addressing systemic inequalities to make things fairer.",4
"Facet: Liberalism; Definition: Liberalism, in a behavioral context, refers to a cognitive and attitudinal predisposition characterized by an openness to experience and change, a preference for social equality and individual rights, and a tendency to favor government intervention to address social and economic problems. It often involves a progressive outlook, valuing reform, empathy, and challenging traditional hierarchies.; Rubric: 1: Traditionalist | 2: Cautious Reform | 3: Centrist Pragmatist | 4: Progressive Leaning | 5: Strong Reformer","We absolutely need fundamental changes to our systems to achieve true social justice and protect individual rights, even if it means challenging long-held traditions head-on.",5
"Facet: Inversion comfort level; Definition: Inversion comfort level refers to an individual's psychological ease and willingness to consider the opposite of a given idea, assumption, or problem statement. It reflects their propensity to challenge conventional thinking by reversing perspectives, exploring negative space, or asking 'what if the opposite were true?' as a method for problem-solving, innovation, or deeper understanding.; Rubric: 1: Rigidly conventional | 2: Cautiously conventional | 3: Openly explorative | 4: Proactively challenging | 5: Instinctively inverted","I just don't see the point in thinking about it backwards; the current way works fine, and that's how we've always done it.",1
"Facet: Inversion comfort level; Definition: Inversion comfort level refers to an individual's psychological ease and willingness to consider the opposite of a given idea, assumption, or problem statement. It reflects their propensity to challenge conventional thinking by reversing perspectives, exploring negative space, or asking 'what if the opposite were true?' as a method for problem-solving, innovation, or deeper understanding.; Rubric: 1: Rigidly conventional | 2: Cautiously conventional | 3: Openly explorative | 4: Proactively challenging | 5: Instinctively inverted","I guess we could try looking at it from the opposite angle, but I'm not entirely convinced it will yield anything useful.",2
"Facet: Inversion comfort level; Definition: Inversion comfort level refers to an individual's psychological ease and willingness to consider the opposite of a given idea, assumption, or problem statement. It reflects their propensity to challenge conventional thinking by reversing perspectives, exploring negative space, or asking 'what if the opposite were true?' as a method for problem-solving, innovation, or deeper understanding.; Rubric: 1: Rigidly conventional | 2: Cautiously conventional | 3: Openly explorative | 4: Proactively challenging | 5: Instinctively inverted","Let's take a moment to explore what would happen if we tried the complete opposite approach for a bit, just to see if it sparks any new ideas.",3
"Facet: Inversion comfort level; Definition: Inversion comfort level refers to an individual's psychological ease and willingness to consider the opposite of a given idea, assumption, or problem statement. It reflects their propensity to challenge conventional thinking by reversing perspectives, exploring negative space, or asking 'what if the opposite were true?' as a method for problem-solving, innovation, or deeper understanding.; Rubric: 1: Rigidly conventional | 2: Cautiously conventional | 3: Openly explorative | 4: Proactively challenging | 5: Instinctively inverted","Before we commit, have we considered what would happen if we inverted our core assumption here? That might reveal new risks or opportunities we haven't seen.",4
"Facet: Inversion comfort level; Definition: Inversion comfort level refers to an individual's psychological ease and willingness to consider the opposite of a given idea, assumption, or problem statement. It reflects their propensity to challenge conventional thinking by reversing perspectives, exploring negative space, or asking 'what if the opposite were true?' as a method for problem-solving, innovation, or deeper understanding.; Rubric: 1: Rigidly conventional | 2: Cautiously conventional | 3: Openly explorative | 4: Proactively challenging | 5: Instinctively inverted","Whenever I'm stuck on a problem, my first thought is usually to flip it on its head and see what insights emerge from considering the inverse.",5
"Facet: Affection; Definition: Affection is the behavioral expression of fondness, care, or love towards another person, animal, or object. It often involves warmth, tenderness, and a desire for closeness, typically manifested through verbal affirmations, physical touch, or thoughtful gestures.; Rubric: 1: Reserved | 2: Subtle | 3: Moderate | 4: Open | 5: Effusive","He rarely shows any outward signs of affection, preferring to keep his feelings to himself.",1
"Facet: Affection; Definition: Affection is the behavioral expression of fondness, care, or love towards another person, animal, or object. It often involves warmth, tenderness, and a desire for closeness, typically manifested through verbal affirmations, physical touch, or thoughtful gestures.; Rubric: 1: Reserved | 2: Subtle | 3: Moderate | 4: Open | 5: Effusive","She's not big on public displays, but sometimes she'll give a quick, gentle pat on the arm.",2
"Facet: Affection; Definition: Affection is the behavioral expression of fondness, care, or love towards another person, animal, or object. It often involves warmth, tenderness, and a desire for closeness, typically manifested through verbal affirmations, physical touch, or thoughtful gestures.; Rubric: 1: Reserved | 2: Subtle | 3: Moderate | 4: Open | 5: Effusive","He's pretty affectionate with his close family and friends, especially when he's comfortable.",3
"Facet: Affection; Definition: Affection is the behavioral expression of fondness, care, or love towards another person, animal, or object. It often involves warmth, tenderness, and a desire for closeness, typically manifested through verbal affirmations, physical touch, or thoughtful gestures.; Rubric: 1: Reserved | 2: Subtle | 3: Moderate | 4: Open | 5: Effusive","She's always quick with a hug or a kind word, making sure everyone feels appreciated.",4
"Facet: Affection; Definition: Affection is the behavioral expression of fondness, care, or love towards another person, animal, or object. It often involves warmth, tenderness, and a desire for closeness, typically manifested through verbal affirmations, physical touch, or thoughtful gestures.; Rubric: 1: Reserved | 2: Subtle | 3: Moderate | 4: Open | 5: Effusive","He's incredibly demonstrative, constantly expressing his love with big hugs, kisses, and heartfelt compliments.",5
"Facet: Numeric Filing Skills; Definition: Numeric filing skills refer to the ability to accurately and efficiently organize, store, and retrieve information (e.g., documents, data, items) based on numerical sequences, ascending or descending order, or other numerical classification systems.; Rubric: 1: Disorganized | 2: Basic | 3: Competent | 4: Proficient | 5: Expert","Honestly, trying to find that invoice in our numeric system is a nightmare; I just shove everything in a pile and hope for the best.",1
"Facet: Numeric Filing Skills; Definition: Numeric filing skills refer to the ability to accurately and efficiently organize, store, and retrieve information (e.g., documents, data, items) based on numerical sequences, ascending or descending order, or other numerical classification systems.; Rubric: 1: Disorganized | 2: Basic | 3: Competent | 4: Proficient | 5: Expert","I can usually file things by number, but it takes me a while, and I often have to recheck the order to make sure I haven't mixed anything up.",2
"Facet: Numeric Filing Skills; Definition: Numeric filing skills refer to the ability to accurately and efficiently organize, store, and retrieve information (e.g., documents, data, items) based on numerical sequences, ascending or descending order, or other numerical classification systems.; Rubric: 1: Disorganized | 2: Basic | 3: Competent | 4: Proficient | 5: Expert",I'm pretty good at numeric filing; I can usually get through a stack of documents fairly quickly and rarely make mistakes.,3
"Facet: Numeric Filing Skills; Definition: Numeric filing skills refer to the ability to accurately and efficiently organize, store, and retrieve information (e.g., documents, data, items) based on numerical sequences, ascending or descending order, or other numerical classification systems.; Rubric: 1: Disorganized | 2: Basic | 3: Competent | 4: Proficient | 5: Expert","I can quickly and accurately file thousands of records by their numerical ID, often catching errors in the original numbering sequence as I go.",4
"Facet: Numeric Filing Skills; Definition: Numeric filing skills refer to the ability to accurately and efficiently organize, store, and retrieve information (e.g., documents, data, items) based on numerical sequences, ascending or descending order, or other numerical classification systems.; Rubric: 1: Disorganized | 2: Basic | 3: Competent | 4: Proficient | 5: Expert","My numeric filing system is so robust that I not only maintain perfect order but also designed the entire departmental indexing structure, significantly improving retrieval times for everyone.",5
"Facet: Martyrdom; Definition: Martyrdom, in a behavioral context, is a pattern of self-sacrifice, suffering, or perceived suffering, often undertaken for a cause, group, or to elicit a specific emotional response (e.g., guilt, pity, admiration) from others. It can range from genuine altruism to a more manipulative or self-aggrandizing display of suffering as a core part of one's identity.; Rubric: 1: Self-prioritizing | 2: Situational help | 3: Moderate sacrifice | 4: Frequent self-neglect | 5: Extreme suffering-identity","I always make sure to take care of my own needs first, as I know I can't help others effectively if I'm depleted.",1
"Facet: Martyrdom; Definition: Martyrdom, in a behavioral context, is a pattern of self-sacrifice, suffering, or perceived suffering, often undertaken for a cause, group, or to elicit a specific emotional response (e.g., guilt, pity, admiration) from others. It can range from genuine altruism to a more manipulative or self-aggrandizing display of suffering as a core part of one's identity.; Rubric: 1: Self-prioritizing | 2: Situational help | 3: Moderate sacrifice | 4: Frequent self-neglect | 5: Extreme suffering-identity","I'll definitely go out of my way to help a friend if they're in a tough spot, even if it means rearranging my plans a bit.",2
"Facet: Martyrdom; Definition: Martyrdom, in a behavioral context, is a pattern of self-sacrifice, suffering, or perceived suffering, often undertaken for a cause, group, or to elicit a specific emotional response (e.g., guilt, pity, admiration) from others. It can range from genuine altruism to a more manipulative or self-aggrandizing display of suffering as a core part of one's identity.; Rubric: 1: Self-prioritizing | 2: Situational help | 3: Moderate sacrifice | 4: Frequent self-neglect | 5: Extreme suffering-identity","I often find myself taking on extra tasks at work or home, even when it means I have less time for myself, but I don't usually complain.",3
"Facet: Martyrdom; Definition: Martyrdom, in a behavioral context, is a pattern of self-sacrifice, suffering, or perceived suffering, often undertaken for a cause, group, or to elicit a specific emotional response (e.g., guilt, pity, admiration) from others. It can range from genuine altruism to a more manipulative or self-aggrandizing display of suffering as a core part of one's identity.; Rubric: 1: Self-prioritizing | 2: Situational help | 3: Moderate sacrifice | 4: Frequent self-neglect | 5: Extreme suffering-identity","It feels like I'm constantly putting everyone else's needs before my own, always the one making sacrifices for the good of the group.",4
"Facet: Martyrdom; Definition: Martyrdom, in a behavioral context, is a pattern of self-sacrifice, suffering, or perceived suffering, often undertaken for a cause, group, or to elicit a specific emotional response (e.g., guilt, pity, admiration) from others. It can range from genuine altruism to a more manipulative or self-aggrandizing display of suffering as a core part of one's identity.; Rubric: 1: Self-prioritizing | 2: Situational help | 3: Moderate sacrifice | 4: Frequent self-neglect | 5: Extreme suffering-identity","My life is just one long act of sacrifice for others; I've given up everything, and honestly, no one truly appreciates the depth of my suffering.",5
"Facet: Parathyroid-hormone level; Definition: Parathyroid-hormone (PTH) level refers to the concentration of parathyroid hormone in the blood. PTH is a crucial hormone produced by the parathyroid glands that plays a primary role in regulating the balance of calcium and phosphate in the body, primarily by acting on bones, kidneys, and indirectly on the intestines via Vitamin D activation.; Rubric: 1: Critically Low | 2: Below Normal | 3: Healthy Range | 4: Elevated | 5: Dangerously High","The doctor said my PTH levels were critically low, which explains why I've been feeling so weak and tingly.",1
"Facet: Parathyroid-hormone level; Definition: Parathyroid-hormone (PTH) level refers to the concentration of parathyroid hormone in the blood. PTH is a crucial hormone produced by the parathyroid glands that plays a primary role in regulating the balance of calcium and phosphate in the body, primarily by acting on bones, kidneys, and indirectly on the intestines via Vitamin D activation.; Rubric: 1: Critically Low | 2: Below Normal | 3: Healthy Range | 4: Elevated | 5: Dangerously High","My recent blood test showed my parathyroid hormone was a bit below normal, so we're keeping an eye on my calcium.",2
"Facet: Parathyroid-hormone level; Definition: Parathyroid-hormone (PTH) level refers to the concentration of parathyroid hormone in the blood. PTH is a crucial hormone produced by the parathyroid glands that plays a primary role in regulating the balance of calcium and phosphate in the body, primarily by acting on bones, kidneys, and indirectly on the intestines via Vitamin D activation.; Rubric: 1: Critically Low | 2: Below Normal | 3: Healthy Range | 4: Elevated | 5: Dangerously High",I'm relieved to hear my PTH levels are right in the healthy range; everything seems to be in balance.,3
"Facet: Parathyroid-hormone level; Definition: Parathyroid-hormone (PTH) level refers to the concentration of parathyroid hormone in the blood. PTH is a crucial hormone produced by the parathyroid glands that plays a primary role in regulating the balance of calcium and phosphate in the body, primarily by acting on bones, kidneys, and indirectly on the intestines via Vitamin D activation.; Rubric: 1: Critically Low | 2: Below Normal | 3: Healthy Range | 4: Elevated | 5: Dangerously High","They found my parathyroid hormone was elevated, and now we need to figure out why my calcium is also high.",4
"Facet: Parathyroid-hormone level; Definition: Parathyroid-hormone (PTH) level refers to the concentration of parathyroid hormone in the blood. PTH is a crucial hormone produced by the parathyroid glands that plays a primary role in regulating the balance of calcium and phosphate in the body, primarily by acting on bones, kidneys, and indirectly on the intestines via Vitamin D activation.; Rubric: 1: Critically Low | 2: Below Normal | 3: Healthy Range | 4: Elevated | 5: Dangerously High","The endocrinologist was concerned because my PTH levels were dangerously high, indicating a serious issue with my parathyroid glands.",5
"Facet: Seeking approval; Definition: Seeking approval is the behavioral tendency to actively solicit positive feedback, validation, or acceptance from others, often driven by a desire to feel good about oneself, to fit in, or to avoid criticism and rejection.; Rubric: 1: Independent | 2: Self-assured | 3: Values feedback | 4: Seeks validation | 5: Dependent on praise",I've made up my mind about the project direction; I'm confident it's the right path.,1
"Facet: Seeking approval; Definition: Seeking approval is the behavioral tendency to actively solicit positive feedback, validation, or acceptance from others, often driven by a desire to feel good about oneself, to fit in, or to avoid criticism and rejection.; Rubric: 1: Independent | 2: Self-assured | 3: Values feedback | 4: Seeks validation | 5: Dependent on praise","I think this presentation is solid, but I'm always open to minor suggestions if you have any.",2
"Facet: Seeking approval; Definition: Seeking approval is the behavioral tendency to actively solicit positive feedback, validation, or acceptance from others, often driven by a desire to feel good about oneself, to fit in, or to avoid criticism and rejection.; Rubric: 1: Independent | 2: Self-assured | 3: Values feedback | 4: Seeks validation | 5: Dependent on praise",What do you think of this idea? I'd appreciate your honest thoughts before I finalize it.,3
"Facet: Seeking approval; Definition: Seeking approval is the behavioral tendency to actively solicit positive feedback, validation, or acceptance from others, often driven by a desire to feel good about oneself, to fit in, or to avoid criticism and rejection.; Rubric: 1: Independent | 2: Self-assured | 3: Values feedback | 4: Seeks validation | 5: Dependent on praise",Does this outfit look okay on me? I really want to make a good impression today.,4
"Facet: Seeking approval; Definition: Seeking approval is the behavioral tendency to actively solicit positive feedback, validation, or acceptance from others, often driven by a desire to feel good about oneself, to fit in, or to avoid criticism and rejection.; Rubric: 1: Independent | 2: Self-assured | 3: Values feedback | 4: Seeks validation | 5: Dependent on praise",Did you like my contribution to the team meeting? I really hope I didn't disappoint anyone and that they thought I did well.,5
"Facet: Judging (J); Definition: Judging (J) refers to a preference for a planned, orderly, and decided approach to life, often characterized by a desire for closure, organization, and a structured environment. Individuals with a strong Judging preference tend to make decisions quickly, stick to schedules, and prefer to have things settled.; Rubric: 1: Spontaneous | 2: Adaptable | 3: Balanced | 4: Organized | 5: Decisive",I really don't like making plans too far in advance; I prefer to see how I feel on the day and just go with the flow.,1
"Facet: Judging (J); Definition: Judging (J) refers to a preference for a planned, orderly, and decided approach to life, often characterized by a desire for closure, organization, and a structured environment. Individuals with a strong Judging preference tend to make decisions quickly, stick to schedules, and prefer to have things settled.; Rubric: 1: Spontaneous | 2: Adaptable | 3: Balanced | 4: Organized | 5: Decisive","While I appreciate having a general idea of what's happening, I'm perfectly fine if plans change at the last minute.",2
"Facet: Judging (J); Definition: Judging (J) refers to a preference for a planned, orderly, and decided approach to life, often characterized by a desire for closure, organization, and a structured environment. Individuals with a strong Judging preference tend to make decisions quickly, stick to schedules, and prefer to have things settled.; Rubric: 1: Spontaneous | 2: Adaptable | 3: Balanced | 4: Organized | 5: Decisive","I usually like to have a schedule for big projects, but I can adapt pretty well if unexpected things come up.",3
"Facet: Judging (J); Definition: Judging (J) refers to a preference for a planned, orderly, and decided approach to life, often characterized by a desire for closure, organization, and a structured environment. Individuals with a strong Judging preference tend to make decisions quickly, stick to schedules, and prefer to have things settled.; Rubric: 1: Spontaneous | 2: Adaptable | 3: Balanced | 4: Organized | 5: Decisive",I feel much more comfortable when I have a clear plan for the week and know exactly what needs to be done.,4
"Facet: Judging (J); Definition: Judging (J) refers to a preference for a planned, orderly, and decided approach to life, often characterized by a desire for closure, organization, and a structured environment. Individuals with a strong Judging preference tend to make decisions quickly, stick to schedules, and prefer to have things settled.; Rubric: 1: Spontaneous | 2: Adaptable | 3: Balanced | 4: Organized | 5: Decisive",I always make detailed itineraries for trips and stick to them; I get stressed if things aren't decided and on schedule.,5
"Facet: Big Five facet Openness – Artistic Interests; Definition: Openness – Artistic Interests is a facet of Openness to Experience, reflecting an appreciation for beauty, art, and creative expression. It encompasses a strong aesthetic sense, a tendency to be drawn to various forms of art (visual arts, music, literature, performing arts), and finding deep meaning or pleasure in artistic endeavors.; Rubric: 1: Uninterested | 2: Mildly Curious | 3: Appreciative | 4: Engaged | 5: Passionate","Honestly, I don't really get abstract art; I'd much rather watch a game or read something factual.",1
"Facet: Big Five facet Openness – Artistic Interests; Definition: Openness – Artistic Interests is a facet of Openness to Experience, reflecting an appreciation for beauty, art, and creative expression. It encompasses a strong aesthetic sense, a tendency to be drawn to various forms of art (visual arts, music, literature, performing arts), and finding deep meaning or pleasure in artistic endeavors.; Rubric: 1: Uninterested | 2: Mildly Curious | 3: Appreciative | 4: Engaged | 5: Passionate","Sometimes I'll listen to classical music if it's on, but I don't actively seek it out or go to many concerts.",2
"Facet: Big Five facet Openness – Artistic Interests; Definition: Openness – Artistic Interests is a facet of Openness to Experience, reflecting an appreciation for beauty, art, and creative expression. It encompasses a strong aesthetic sense, a tendency to be drawn to various forms of art (visual arts, music, literature, performing arts), and finding deep meaning or pleasure in artistic endeavors.; Rubric: 1: Uninterested | 2: Mildly Curious | 3: Appreciative | 4: Engaged | 5: Passionate","I enjoy visiting art museums occasionally and appreciate a good play, though I'm not an expert by any means.",3
"Facet: Big Five facet Openness – Artistic Interests; Definition: Openness – Artistic Interests is a facet of Openness to Experience, reflecting an appreciation for beauty, art, and creative expression. It encompasses a strong aesthetic sense, a tendency to be drawn to various forms of art (visual arts, music, literature, performing arts), and finding deep meaning or pleasure in artistic endeavors.; Rubric: 1: Uninterested | 2: Mildly Curious | 3: Appreciative | 4: Engaged | 5: Passionate","I love exploring new music genres, and I'm always looking for interesting local art shows or indie film festivals to attend.",4
"Facet: Big Five facet Openness – Artistic Interests; Definition: Openness – Artistic Interests is a facet of Openness to Experience, reflecting an appreciation for beauty, art, and creative expression. It encompasses a strong aesthetic sense, a tendency to be drawn to various forms of art (visual arts, music, literature, performing arts), and finding deep meaning or pleasure in artistic endeavors.; Rubric: 1: Uninterested | 2: Mildly Curious | 3: Appreciative | 4: Engaged | 5: Passionate","I spend most of my weekends either painting, writing poetry, or attending live performances; art is truly my lifeblood and how I understand the world.",5
"Facet: Psychological construct: Operant-Learning rate; Definition: Operant-learning rate refers to the speed and efficiency with which an individual modifies their voluntary behaviors based on the consequences (reinforcement or punishment) that follow them. It reflects how quickly an organism forms associations between their actions and subsequent outcomes, leading to an increase or decrease in the likelihood of those actions recurring.; Rubric: 1: Very Slow | 2: Slow | 3: Moderate | 4: Fast | 5: Very Fast","It took him an incredibly long time to figure out that if he cleaned his room, he'd get to play video games; he just never seemed to connect the two actions and consequences.",1
"Facet: Psychological construct: Operant-Learning rate; Definition: Operant-learning rate refers to the speed and efficiency with which an individual modifies their voluntary behaviors based on the consequences (reinforcement or punishment) that follow them. It reflects how quickly an organism forms associations between their actions and subsequent outcomes, leading to an increase or decrease in the likelihood of those actions recurring.; Rubric: 1: Very Slow | 2: Slow | 3: Moderate | 4: Fast | 5: Very Fast","She eventually learned to stop interrupting, but it required a lot of consistent reminders and took a while for the new habit to firmly stick.",2
"Facet: Psychological construct: Operant-Learning rate; Definition: Operant-learning rate refers to the speed and efficiency with which an individual modifies their voluntary behaviors based on the consequences (reinforcement or punishment) that follow them. It reflects how quickly an organism forms associations between their actions and subsequent outcomes, leading to an increase or decrease in the likelihood of those actions recurring.; Rubric: 1: Very Slow | 2: Slow | 3: Moderate | 4: Fast | 5: Very Fast","After a few times of getting a treat for sitting on command, the dog generally understood what was expected when he heard the cue.",3
"Facet: Psychological construct: Operant-Learning rate; Definition: Operant-learning rate refers to the speed and efficiency with which an individual modifies their voluntary behaviors based on the consequences (reinforcement or punishment) that follow them. It reflects how quickly an organism forms associations between their actions and subsequent outcomes, leading to an increase or decrease in the likelihood of those actions recurring.; Rubric: 1: Very Slow | 2: Slow | 3: Moderate | 4: Fast | 5: Very Fast","He quickly realized that if he helped out with chores without being asked, his parents would be much more likely to say yes to his requests later.",4
"Facet: Psychological construct: Operant-Learning rate; Definition: Operant-learning rate refers to the speed and efficiency with which an individual modifies their voluntary behaviors based on the consequences (reinforcement or punishment) that follow them. It reflects how quickly an organism forms associations between their actions and subsequent outcomes, leading to an increase or decrease in the likelihood of those actions recurring.; Rubric: 1: Very Slow | 2: Slow | 3: Moderate | 4: Fast | 5: Very Fast","The moment she saw how much positive feedback she got for her new marketing strategy, she immediately started applying similar approaches to all her subsequent projects.",5
"Facet: Psychological construct: Need for Achievement level; Definition: Need for Achievement (n-Ach) is a psychological construct representing an individual's desire for significant accomplishment, mastery of skills, control, or high standards. It reflects a drive to excel, overcome challenges, and achieve success, often seeking out tasks that are moderately difficult and provide clear feedback.; Rubric: 1: Apathetic, avoids effort | 2: Indifferent, content with average | 3: Moderate, accepts challenge | 4: Ambitious, seeks mastery | 5: Driven, relentless pursuit","Honestly, I'm perfectly fine just getting by; I don't really see the point in pushing myself for extra work or recognition.",1
"Facet: Psychological construct: Need for Achievement level; Definition: Need for Achievement (n-Ach) is a psychological construct representing an individual's desire for significant accomplishment, mastery of skills, control, or high standards. It reflects a drive to excel, overcome challenges, and achieve success, often seeking out tasks that are moderately difficult and provide clear feedback.; Rubric: 1: Apathetic, avoids effort | 2: Indifferent, content with average | 3: Moderate, accepts challenge | 4: Ambitious, seeks mastery | 5: Driven, relentless pursuit","I'll do what's expected, but I'm not going to volunteer for anything difficult or take on more responsibility than absolutely necessary.",2
"Facet: Psychological construct: Need for Achievement level; Definition: Need for Achievement (n-Ach) is a psychological construct representing an individual's desire for significant accomplishment, mastery of skills, control, or high standards. It reflects a drive to excel, overcome challenges, and achieve success, often seeking out tasks that are moderately difficult and provide clear feedback.; Rubric: 1: Apathetic, avoids effort | 2: Indifferent, content with average | 3: Moderate, accepts challenge | 4: Ambitious, seeks mastery | 5: Driven, relentless pursuit","I like to do well and I'll put in effort for important tasks, especially if there's a clear goal, but I also know when to stop and not overdo it.",3
"Facet: Psychological construct: Need for Achievement level; Definition: Need for Achievement (n-Ach) is a psychological construct representing an individual's desire for significant accomplishment, mastery of skills, control, or high standards. It reflects a drive to excel, overcome challenges, and achieve success, often seeking out tasks that are moderately difficult and provide clear feedback.; Rubric: 1: Apathetic, avoids effort | 2: Indifferent, content with average | 3: Moderate, accepts challenge | 4: Ambitious, seeks mastery | 5: Driven, relentless pursuit",I'm always looking for new challenges and ways to improve; I thrive on overcoming tough obstacles and mastering new skills.,4
"Facet: Psychological construct: Need for Achievement level; Definition: Need for Achievement (n-Ach) is a psychological construct representing an individual's desire for significant accomplishment, mastery of skills, control, or high standards. It reflects a drive to excel, overcome challenges, and achieve success, often seeking out tasks that are moderately difficult and provide clear feedback.; Rubric: 1: Apathetic, avoids effort | 2: Indifferent, content with average | 3: Moderate, accepts challenge | 4: Ambitious, seeks mastery | 5: Driven, relentless pursuit","Failure isn't an option for me; I'm completely focused on reaching the top of my field and constantly setting higher, more ambitious goals for myself.",5
"Facet: Cantankerousness; Definition: Cantankerousness refers to a persistent and often unprovoked bad temper, characterized by a quarrelsome, irritable, and uncooperative disposition, frequently leading to arguments or resistance to suggestions.; Rubric: 1: Amiable, Cooperative | 2: Mildly Grumpy, Occasionally Resistant | 3: Often Irritable, Argumentative | 4: Frequently Quarrelsome, Obstinate | 5: Persistently Hostile, Belligerent","Even when things go wrong, she usually stays calm and tries to find a solution with everyone else.",1
"Facet: Cantankerousness; Definition: Cantankerousness refers to a persistent and often unprovoked bad temper, characterized by a quarrelsome, irritable, and uncooperative disposition, frequently leading to arguments or resistance to suggestions.; Rubric: 1: Amiable, Cooperative | 2: Mildly Grumpy, Occasionally Resistant | 3: Often Irritable, Argumentative | 4: Frequently Quarrelsome, Obstinate | 5: Persistently Hostile, Belligerent","He can be a bit grumpy in the mornings, but once he's had his coffee, he's usually fine to work with.",2
"Facet: Cantankerousness; Definition: Cantankerousness refers to a persistent and often unprovoked bad temper, characterized by a quarrelsome, irritable, and uncooperative disposition, frequently leading to arguments or resistance to suggestions.; Rubric: 1: Amiable, Cooperative | 2: Mildly Grumpy, Occasionally Resistant | 3: Often Irritable, Argumentative | 4: Frequently Quarrelsome, Obstinate | 5: Persistently Hostile, Belligerent","It seems like every time we propose a new idea, he's ready with a counter-argument and a generally sour expression.",3
"Facet: Cantankerousness; Definition: Cantankerousness refers to a persistent and often unprovoked bad temper, characterized by a quarrelsome, irritable, and uncooperative disposition, frequently leading to arguments or resistance to suggestions.; Rubric: 1: Amiable, Cooperative | 2: Mildly Grumpy, Occasionally Resistant | 3: Often Irritable, Argumentative | 4: Frequently Quarrelsome, Obstinate | 5: Persistently Hostile, Belligerent",You can't suggest anything new around him without it turning into a big argument; he just digs his heels in on principle.,4
"Facet: Cantankerousness; Definition: Cantankerousness refers to a persistent and often unprovoked bad temper, characterized by a quarrelsome, irritable, and uncooperative disposition, frequently leading to arguments or resistance to suggestions.; Rubric: 1: Amiable, Cooperative | 2: Mildly Grumpy, Occasionally Resistant | 3: Often Irritable, Argumentative | 4: Frequently Quarrelsome, Obstinate | 5: Persistently Hostile, Belligerent",Trying to talk to him is like walking on eggshells; he's always looking for a fight and seems to enjoy making everyone else miserable.,5
"Facet: Material properties knowledge; Definition: The ability to understand and predict how different materials behave under various conditions (e.g., heat, pressure, impact, moisture, electrical conductivity) and to identify their inherent characteristics (e.g., hardness, flexibility, texture, density, durability). This knowledge allows individuals to make informed decisions about material selection, use, and manipulation in practical contexts.; Rubric: 1: Basic Awareness | 2: Limited Identification | 3: Functional Understanding | 4: Detailed Application | 5: Expert Prediction",That looks like wood.,1
"Facet: Material properties knowledge; Definition: The ability to understand and predict how different materials behave under various conditions (e.g., heat, pressure, impact, moisture, electrical conductivity) and to identify their inherent characteristics (e.g., hardness, flexibility, texture, density, durability). This knowledge allows individuals to make informed decisions about material selection, use, and manipulation in practical contexts.; Rubric: 1: Basic Awareness | 2: Limited Identification | 3: Functional Understanding | 4: Detailed Application | 5: Expert Prediction","This plastic cup feels light, so it probably won't hold hot coffee.",2
"Facet: Material properties knowledge; Definition: The ability to understand and predict how different materials behave under various conditions (e.g., heat, pressure, impact, moisture, electrical conductivity) and to identify their inherent characteristics (e.g., hardness, flexibility, texture, density, durability). This knowledge allows individuals to make informed decisions about material selection, use, and manipulation in practical contexts.; Rubric: 1: Basic Awareness | 2: Limited Identification | 3: Functional Understanding | 4: Detailed Application | 5: Expert Prediction","I need a metal pan for high heat, but I'll use a silicone spatula so it doesn't scratch the non-stick coating.",3
"Facet: Material properties knowledge; Definition: The ability to understand and predict how different materials behave under various conditions (e.g., heat, pressure, impact, moisture, electrical conductivity) and to identify their inherent characteristics (e.g., hardness, flexibility, texture, density, durability). This knowledge allows individuals to make informed decisions about material selection, use, and manipulation in practical contexts.; Rubric: 1: Basic Awareness | 2: Limited Identification | 3: Functional Understanding | 4: Detailed Application | 5: Expert Prediction","For this outdoor project, I'll use pressure-treated lumber because it resists rot and insects, and I'll use galvanized screws to prevent rust.",4
"Facet: Material properties knowledge; Definition: The ability to understand and predict how different materials behave under various conditions (e.g., heat, pressure, impact, moisture, electrical conductivity) and to identify their inherent characteristics (e.g., hardness, flexibility, texture, density, durability). This knowledge allows individuals to make informed decisions about material selection, use, and manipulation in practical contexts.; Rubric: 1: Basic Awareness | 2: Limited Identification | 3: Functional Understanding | 4: Detailed Application | 5: Expert Prediction","Given the tensile strength requirements and the need for thermal expansion stability in this aerospace component, a titanium alloy like Ti-6Al-4V would be ideal due to its high strength-to-weight ratio and excellent corrosion resistance at elevated temperatures, though manufacturing will require specialized tooling.",5
"Facet: Hostility; Definition: Hostility is a negative, antagonistic attitude or disposition, often characterized by feelings of anger, resentment, cynicism, and a readiness to perceive others as threatening or malicious. It can manifest as verbal aggression, irritability, or indirect expressions of ill will.; Rubric: 1: Calm, Forgiving | 2: Patient, Mildly Annoyed | 3: Irritable, Sarcastic | 4: Argumentative, Resentful | 5: Aggressive, Vengeful","Honestly, I just let it go; everyone makes mistakes, and there's no point holding a grudge.",1
"Facet: Hostility; Definition: Hostility is a negative, antagonistic attitude or disposition, often characterized by feelings of anger, resentment, cynicism, and a readiness to perceive others as threatening or malicious. It can manifest as verbal aggression, irritability, or indirect expressions of ill will.; Rubric: 1: Calm, Forgiving | 2: Patient, Mildly Annoyed | 3: Irritable, Sarcastic | 4: Argumentative, Resentful | 5: Aggressive, Vengeful","It was a bit frustrating when they cut me off, but I just sighed and kept driving.",2
"Facet: Hostility; Definition: Hostility is a negative, antagonistic attitude or disposition, often characterized by feelings of anger, resentment, cynicism, and a readiness to perceive others as threatening or malicious. It can manifest as verbal aggression, irritability, or indirect expressions of ill will.; Rubric: 1: Calm, Forgiving | 2: Patient, Mildly Annoyed | 3: Irritable, Sarcastic | 4: Argumentative, Resentful | 5: Aggressive, Vengeful","Oh, *great*, another 'urgent' email five minutes before closing. Just what I needed today.",3
"Facet: Hostility; Definition: Hostility is a negative, antagonistic attitude or disposition, often characterized by feelings of anger, resentment, cynicism, and a readiness to perceive others as threatening or malicious. It can manifest as verbal aggression, irritability, or indirect expressions of ill will.; Rubric: 1: Calm, Forgiving | 2: Patient, Mildly Annoyed | 3: Irritable, Sarcastic | 4: Argumentative, Resentful | 5: Aggressive, Vengeful","I told him exactly what I thought of his constant tardiness; it's disrespectful, and I'm tired of it.",4
"Facet: Hostility; Definition: Hostility is a negative, antagonistic attitude or disposition, often characterized by feelings of anger, resentment, cynicism, and a readiness to perceive others as threatening or malicious. It can manifest as verbal aggression, irritability, or indirect expressions of ill will.; Rubric: 1: Calm, Forgiving | 2: Patient, Mildly Annoyed | 3: Irritable, Sarcastic | 4: Argumentative, Resentful | 5: Aggressive, Vengeful","If he tries to undermine me again, I swear I'll make sure his project fails spectacularly.",5
"Facet: Independence; Definition: Independence refers to the capacity and tendency to act, think, and make decisions autonomously, free from excessive reliance on or control by others. It involves self-reliance, self-direction, and the ability to function effectively without constant external support or guidance.; Rubric: 1: Dependent | 2: Guided | 3: Collaborative | 4: Self-Reliant | 5: Autonomous",I can't even pick out what to wear without asking my friend if it looks okay first.,1
"Facet: Independence; Definition: Independence refers to the capacity and tendency to act, think, and make decisions autonomously, free from excessive reliance on or control by others. It involves self-reliance, self-direction, and the ability to function effectively without constant external support or guidance.; Rubric: 1: Dependent | 2: Guided | 3: Collaborative | 4: Self-Reliant | 5: Autonomous","I usually have a plan, but I always double-check with my boss before starting any new project, just to be sure.",2
"Facet: Independence; Definition: Independence refers to the capacity and tendency to act, think, and make decisions autonomously, free from excessive reliance on or control by others. It involves self-reliance, self-direction, and the ability to function effectively without constant external support or guidance.; Rubric: 1: Dependent | 2: Guided | 3: Collaborative | 4: Self-Reliant | 5: Autonomous","For big decisions, I like to get input from others, but I'm comfortable making the final call once I've weighed all the options.",3
"Facet: Independence; Definition: Independence refers to the capacity and tendency to act, think, and make decisions autonomously, free from excessive reliance on or control by others. It involves self-reliance, self-direction, and the ability to function effectively without constant external support or guidance.; Rubric: 1: Dependent | 2: Guided | 3: Collaborative | 4: Self-Reliant | 5: Autonomous",I prefer to tackle problems on my own and only ask for help if I've really exhausted all my options.,4
"Facet: Independence; Definition: Independence refers to the capacity and tendency to act, think, and make decisions autonomously, free from excessive reliance on or control by others. It involves self-reliance, self-direction, and the ability to function effectively without constant external support or guidance.; Rubric: 1: Dependent | 2: Guided | 3: Collaborative | 4: Self-Reliant | 5: Autonomous",I thrive on projects where I'm given full ownership and can define my own path from start to finish.,5
"Facet: Sufi practice: Sufi retreat attendance count; Definition: This facet quantifies the number of times an individual has participated in a Sufi retreat, which are structured periods of intensive spiritual practice, contemplation, and seclusion aimed at deepening one's connection to the Divine within the Sufi tradition.; Rubric: 1: Never | 2: Rarely | 3: Occasionally | 4: Frequently | 5: Very Frequently","Despite my interest in Sufism, I've actually never had the opportunity to attend a retreat.",1
"Facet: Sufi practice: Sufi retreat attendance count; Definition: This facet quantifies the number of times an individual has participated in a Sufi retreat, which are structured periods of intensive spiritual practice, contemplation, and seclusion aimed at deepening one's connection to the Divine within the Sufi tradition.; Rubric: 1: Never | 2: Rarely | 3: Occasionally | 4: Frequently | 5: Very Frequently","I've only been to a Sufi retreat once, a few years ago, when a friend invited me to an introductory weekend.",2
"Facet: Sufi practice: Sufi retreat attendance count; Definition: This facet quantifies the number of times an individual has participated in a Sufi retreat, which are structured periods of intensive spiritual practice, contemplation, and seclusion aimed at deepening one's connection to the Divine within the Sufi tradition.; Rubric: 1: Never | 2: Rarely | 3: Occasionally | 4: Frequently | 5: Very Frequently","I try to go to a Sufi retreat whenever I can, perhaps once every year or two, if my schedule permits.",3
"Facet: Sufi practice: Sufi retreat attendance count; Definition: This facet quantifies the number of times an individual has participated in a Sufi retreat, which are structured periods of intensive spiritual practice, contemplation, and seclusion aimed at deepening one's connection to the Divine within the Sufi tradition.; Rubric: 1: Never | 2: Rarely | 3: Occasionally | 4: Frequently | 5: Very Frequently","I make an effort to attend Sufi retreats quite often, usually two or three times a year, as I find them incredibly beneficial.",4
"Facet: Sufi practice: Sufi retreat attendance count; Definition: This facet quantifies the number of times an individual has participated in a Sufi retreat, which are structured periods of intensive spiritual practice, contemplation, and seclusion aimed at deepening one's connection to the Divine within the Sufi tradition.; Rubric: 1: Never | 2: Rarely | 3: Occasionally | 4: Frequently | 5: Very Frequently","Sufi retreats are a central part of my spiritual discipline; I attend them whenever they're offered, sometimes four or more times annually.",5
"Facet: Chromatin-accessibility score; Definition: A quantitative measure indicating the degree to which DNA within chromatin is exposed and available for transcription factors and other regulatory proteins to bind, thereby influencing gene expression. In behavioral science, this score can reflect the epigenetic state impacting neural plasticity, stress response, or cognitive function, by indicating how 'ready' specific genes are to be activated in response to environmental or internal cues.; Rubric: 1: Constricted | 2: Partially Hindered | 3: Baseline Access | 4: Facilitated Access | 5: Highly Permissive","It seems like his neural pathways are really locked down, making it tough for those specific genes to even get started on memory tasks.",1
"Facet: Chromatin-accessibility score; Definition: A quantitative measure indicating the degree to which DNA within chromatin is exposed and available for transcription factors and other regulatory proteins to bind, thereby influencing gene expression. In behavioral science, this score can reflect the epigenetic state impacting neural plasticity, stress response, or cognitive function, by indicating how 'ready' specific genes are to be activated in response to environmental or internal cues.; Rubric: 1: Constricted | 2: Partially Hindered | 3: Baseline Access | 4: Facilitated Access | 5: Highly Permissive","She struggles a bit with adapting; it's like some of the key genetic switches are only partially accessible, slowing down her learning.",2
"Facet: Chromatin-accessibility score; Definition: A quantitative measure indicating the degree to which DNA within chromatin is exposed and available for transcription factors and other regulatory proteins to bind, thereby influencing gene expression. In behavioral science, this score can reflect the epigenetic state impacting neural plasticity, stress response, or cognitive function, by indicating how 'ready' specific genes are to be activated in response to environmental or internal cues.; Rubric: 1: Constricted | 2: Partially Hindered | 3: Baseline Access | 4: Facilitated Access | 5: Highly Permissive","His brain activity shows pretty standard genetic readiness, allowing for typical responses and everyday learning.",3
"Facet: Chromatin-accessibility score; Definition: A quantitative measure indicating the degree to which DNA within chromatin is exposed and available for transcription factors and other regulatory proteins to bind, thereby influencing gene expression. In behavioral science, this score can reflect the epigenetic state impacting neural plasticity, stress response, or cognitive function, by indicating how 'ready' specific genes are to be activated in response to environmental or internal cues.; Rubric: 1: Constricted | 2: Partially Hindered | 3: Baseline Access | 4: Facilitated Access | 5: Highly Permissive",He's a quick study; his brain appears to have an easier time activating the genes needed for rapid skill acquisition.,4
"Facet: Chromatin-accessibility score; Definition: A quantitative measure indicating the degree to which DNA within chromatin is exposed and available for transcription factors and other regulatory proteins to bind, thereby influencing gene expression. In behavioral science, this score can reflect the epigenetic state impacting neural plasticity, stress response, or cognitive function, by indicating how 'ready' specific genes are to be activated in response to environmental or internal cues.; Rubric: 1: Constricted | 2: Partially Hindered | 3: Baseline Access | 4: Facilitated Access | 5: Highly Permissive",Her cognitive flexibility is incredible; it's as if her brain's genetic code is wide open and ready to process any new information instantly.,5
"Facet: Spiritual virtue: Humility practice index; Definition: The behavioral manifestation of recognizing one's own limitations, fallibility, and interconnectedness with something greater than oneself, leading to an openness to learning, a lack of arrogance, and a focus on service rather than self-aggrandizement in spiritual or deeply held personal contexts.; Rubric: 1: Egotistical | 2: Defensive | 3: Receptive | 4: Self-aware | 5: Integrated","He constantly boasts about his spiritual insights and dismisses anyone who doesn't agree with his interpretations, believing he holds all the answers.",1
"Facet: Spiritual virtue: Humility practice index; Definition: The behavioral manifestation of recognizing one's own limitations, fallibility, and interconnectedness with something greater than oneself, leading to an openness to learning, a lack of arrogance, and a focus on service rather than self-aggrandizement in spiritual or deeply held personal contexts.; Rubric: 1: Egotistical | 2: Defensive | 3: Receptive | 4: Self-aware | 5: Integrated","She'll listen to a different spiritual perspective, but you can tell she's just waiting for her turn to explain why her way is superior.",2
"Facet: Spiritual virtue: Humility practice index; Definition: The behavioral manifestation of recognizing one's own limitations, fallibility, and interconnectedness with something greater than oneself, leading to an openness to learning, a lack of arrogance, and a focus on service rather than self-aggrandizement in spiritual or deeply held personal contexts.; Rubric: 1: Egotistical | 2: Defensive | 3: Receptive | 4: Self-aware | 5: Integrated","I've been trying to really listen to different viewpoints in my spiritual group and admit when I might be wrong about something, even if it's uncomfortable.",3
"Facet: Spiritual virtue: Humility practice index; Definition: The behavioral manifestation of recognizing one's own limitations, fallibility, and interconnectedness with something greater than oneself, leading to an openness to learning, a lack of arrogance, and a focus on service rather than self-aggrandizement in spiritual or deeply held personal contexts.; Rubric: 1: Egotistical | 2: Defensive | 3: Receptive | 4: Self-aware | 5: Integrated","After meditating, I often reflect deeply on my own imperfections and actively seek guidance from elders, acknowledging how much I still need to learn and grow.",4
"Facet: Spiritual virtue: Humility practice index; Definition: The behavioral manifestation of recognizing one's own limitations, fallibility, and interconnectedness with something greater than oneself, leading to an openness to learning, a lack of arrogance, and a focus on service rather than self-aggrandizement in spiritual or deeply held personal contexts.; Rubric: 1: Egotistical | 2: Defensive | 3: Receptive | 4: Self-aware | 5: Integrated",He consistently attributes his successes to divine grace or communal effort and quietly serves his community without ever seeking personal recognition or praise.,5
"Facet: I Ching hexagram 36 resonance level; Definition: The 'I Ching hexagram 36 resonance level' refers to the degree to which an individual perceives their current life situation as aligning with the themes of Hexagram 36, 'Ming Yi' (Darkening of the Light / Wounding the Bright). This typically involves experiencing a need to conceal one's true nature, wisdom, or intentions, feeling misunderstood or suppressed by external circumstances, or strategically withdrawing and exercising discretion to protect one's inner integrity and 'light' during adverse or challenging times.; Rubric: 1: Unaffected | 2: Cautious | 3: Discretionary | 4: Suppressed | 5: Hidden Light","Honestly, I feel pretty open and transparent at work; there's no sense of needing to hide anything right now.",1
"Facet: I Ching hexagram 36 resonance level; Definition: The 'I Ching hexagram 36 resonance level' refers to the degree to which an individual perceives their current life situation as aligning with the themes of Hexagram 36, 'Ming Yi' (Darkening of the Light / Wounding the Bright). This typically involves experiencing a need to conceal one's true nature, wisdom, or intentions, feeling misunderstood or suppressed by external circumstances, or strategically withdrawing and exercising discretion to protect one's inner integrity and 'light' during adverse or challenging times.; Rubric: 1: Unaffected | 2: Cautious | 3: Discretionary | 4: Suppressed | 5: Hidden Light","I'm being a bit more careful about what I share with new colleagues, just until I get a better read on the office culture.",2
"Facet: I Ching hexagram 36 resonance level; Definition: The 'I Ching hexagram 36 resonance level' refers to the degree to which an individual perceives their current life situation as aligning with the themes of Hexagram 36, 'Ming Yi' (Darkening of the Light / Wounding the Bright). This typically involves experiencing a need to conceal one's true nature, wisdom, or intentions, feeling misunderstood or suppressed by external circumstances, or strategically withdrawing and exercising discretion to protect one's inner integrity and 'light' during adverse or challenging times.; Rubric: 1: Unaffected | 2: Cautious | 3: Discretionary | 4: Suppressed | 5: Hidden Light","Given the current political climate in the department, I've decided it's wiser to keep my innovative ideas to myself for a while and just focus on the routine tasks.",3
"Facet: I Ching hexagram 36 resonance level; Definition: The 'I Ching hexagram 36 resonance level' refers to the degree to which an individual perceives their current life situation as aligning with the themes of Hexagram 36, 'Ming Yi' (Darkening of the Light / Wounding the Bright). This typically involves experiencing a need to conceal one's true nature, wisdom, or intentions, feeling misunderstood or suppressed by external circumstances, or strategically withdrawing and exercising discretion to protect one's inner integrity and 'light' during adverse or challenging times.; Rubric: 1: Unaffected | 2: Cautious | 3: Discretionary | 4: Suppressed | 5: Hidden Light","I feel like I'm constantly toning down my true opinions and enthusiasm to avoid conflict, almost as if my light is being dimmed by the environment.",4
"Facet: I Ching hexagram 36 resonance level; Definition: The 'I Ching hexagram 36 resonance level' refers to the degree to which an individual perceives their current life situation as aligning with the themes of Hexagram 36, 'Ming Yi' (Darkening of the Light / Wounding the Bright). This typically involves experiencing a need to conceal one's true nature, wisdom, or intentions, feeling misunderstood or suppressed by external circumstances, or strategically withdrawing and exercising discretion to protect one's inner integrity and 'light' during adverse or challenging times.; Rubric: 1: Unaffected | 2: Cautious | 3: Discretionary | 4: Suppressed | 5: Hidden Light","I'm living Hexagram 36 every day; I have to completely conceal my true beliefs and aspirations from those around me, feeling like a beacon of light that must remain unseen to survive.",5
"Facet: Well-being component: Engagement; Definition: Engagement, as a component of well-being, refers to the psychological state of being fully absorbed, interested, and involved in activities, tasks, or relationships. It often involves a sense of 'flow,' where an individual is deeply concentrated, energized, and finds intrinsic enjoyment in what they are doing, leading to a feeling of vitality and purpose.; Rubric: 1: Detached | 2: Passive | 3: Involved | 4: Focused | 5: Absorbed",I just can't bring myself to care about this project; I feel completely checked out and indifferent.,1
"Facet: Well-being component: Engagement; Definition: Engagement, as a component of well-being, refers to the psychological state of being fully absorbed, interested, and involved in activities, tasks, or relationships. It often involves a sense of 'flow,' where an individual is deeply concentrated, energized, and finds intrinsic enjoyment in what they are doing, leading to a feeling of vitality and purpose.; Rubric: 1: Detached | 2: Passive | 3: Involved | 4: Focused | 5: Absorbed","I'm technically participating in the meeting, but my mind keeps wandering, and I'm not really contributing much.",2
"Facet: Well-being component: Engagement; Definition: Engagement, as a component of well-being, refers to the psychological state of being fully absorbed, interested, and involved in activities, tasks, or relationships. It often involves a sense of 'flow,' where an individual is deeply concentrated, energized, and finds intrinsic enjoyment in what they are doing, leading to a feeling of vitality and purpose.; Rubric: 1: Detached | 2: Passive | 3: Involved | 4: Focused | 5: Absorbed","I'm pretty involved in my new hobby; I spend a decent amount of time on it each week, and it's somewhat enjoyable.",3
"Facet: Well-being component: Engagement; Definition: Engagement, as a component of well-being, refers to the psychological state of being fully absorbed, interested, and involved in activities, tasks, or relationships. It often involves a sense of 'flow,' where an individual is deeply concentrated, energized, and finds intrinsic enjoyment in what they are doing, leading to a feeling of vitality and purpose.; Rubric: 1: Detached | 2: Passive | 3: Involved | 4: Focused | 5: Absorbed","When I'm working on a challenging puzzle, I get so focused that hours can pass by without me even noticing.",4
"Facet: Well-being component: Engagement; Definition: Engagement, as a component of well-being, refers to the psychological state of being fully absorbed, interested, and involved in activities, tasks, or relationships. It often involves a sense of 'flow,' where an individual is deeply concentrated, energized, and finds intrinsic enjoyment in what they are doing, leading to a feeling of vitality and purpose.; Rubric: 1: Detached | 2: Passive | 3: Involved | 4: Focused | 5: Absorbed","I absolutely lose myself in my painting; it's like nothing else exists when I'm in the studio, and I feel completely alive.",5
"Facet: Need for social interaction; Definition: The 'Need for social interaction' refers to an individual's intrinsic drive or desire to engage with others, form connections, participate in group activities, and experience a sense of belonging. It reflects the degree to which social contact is sought out and valued for personal well-being and satisfaction.; Rubric: 1: Solitary | 2: Selective | 3: Balanced | 4: Sociable | 5: Highly Connected",I honestly don't mind spending most of my weekends just reading or working on my personal projects; large gatherings usually just drain my energy.,1
"Facet: Need for social interaction; Definition: The 'Need for social interaction' refers to an individual's intrinsic drive or desire to engage with others, form connections, participate in group activities, and experience a sense of belonging. It reflects the degree to which social contact is sought out and valued for personal well-being and satisfaction.; Rubric: 1: Solitary | 2: Selective | 3: Balanced | 4: Sociable | 5: Highly Connected","I enjoy catching up with my closest friends every now and then, but I'm perfectly content doing my own thing most of the time.",2
"Facet: Need for social interaction; Definition: The 'Need for social interaction' refers to an individual's intrinsic drive or desire to engage with others, form connections, participate in group activities, and experience a sense of belonging. It reflects the degree to which social contact is sought out and valued for personal well-being and satisfaction.; Rubric: 1: Solitary | 2: Selective | 3: Balanced | 4: Sociable | 5: Highly Connected","I like going to social events and meeting new people, but I also really value my quiet time at home to recharge.",3
"Facet: Need for social interaction; Definition: The 'Need for social interaction' refers to an individual's intrinsic drive or desire to engage with others, form connections, participate in group activities, and experience a sense of belonging. It reflects the degree to which social contact is sought out and valued for personal well-being and satisfaction.; Rubric: 1: Solitary | 2: Selective | 3: Balanced | 4: Sociable | 5: Highly Connected",I always look forward to group activities and usually try to organize something with friends or colleagues at least a few times a week.,4
"Facet: Need for social interaction; Definition: The 'Need for social interaction' refers to an individual's intrinsic drive or desire to engage with others, form connections, participate in group activities, and experience a sense of belonging. It reflects the degree to which social contact is sought out and valued for personal well-being and satisfaction.; Rubric: 1: Solitary | 2: Selective | 3: Balanced | 4: Sociable | 5: Highly Connected","I feel most alive and energized when I'm surrounded by people, and I get a bit restless if I spend too much time by myself.",5
"Facet: Peer-collaboration hours; Definition: The total duration an individual actively engages with peers in shared tasks, projects, or learning activities, characterized by mutual exchange, joint problem-solving, and shared responsibility.; Rubric: 1: Minimal/None | 2: Infrequent/Passive | 3: Occasional/Task-specific | 4: Frequent/Proactive | 5: Extensive/Integrated","Honestly, I mostly just work on my own; I don't really clock any time collaborating with classmates on assignments.",1
"Facet: Peer-collaboration hours; Definition: The total duration an individual actively engages with peers in shared tasks, projects, or learning activities, characterized by mutual exchange, joint problem-solving, and shared responsibility.; Rubric: 1: Minimal/None | 2: Infrequent/Passive | 3: Occasional/Task-specific | 4: Frequent/Proactive | 5: Extensive/Integrated","We might briefly discuss things in class, but I rarely spend dedicated time outside of that actively collaborating with peers.",2
"Facet: Peer-collaboration hours; Definition: The total duration an individual actively engages with peers in shared tasks, projects, or learning activities, characterized by mutual exchange, joint problem-solving, and shared responsibility.; Rubric: 1: Minimal/None | 2: Infrequent/Passive | 3: Occasional/Task-specific | 4: Frequent/Proactive | 5: Extensive/Integrated","For group projects, I definitely put in a few hours collaborating, but it's usually just for those specific assignments.",3
"Facet: Peer-collaboration hours; Definition: The total duration an individual actively engages with peers in shared tasks, projects, or learning activities, characterized by mutual exchange, joint problem-solving, and shared responsibility.; Rubric: 1: Minimal/None | 2: Infrequent/Passive | 3: Occasional/Task-specific | 4: Frequent/Proactive | 5: Extensive/Integrated","I make an effort to schedule regular study sessions where we actively work through problems together, maybe a few hours a week.",4
"Facet: Peer-collaboration hours; Definition: The total duration an individual actively engages with peers in shared tasks, projects, or learning activities, characterized by mutual exchange, joint problem-solving, and shared responsibility.; Rubric: 1: Minimal/None | 2: Infrequent/Passive | 3: Occasional/Task-specific | 4: Frequent/Proactive | 5: Extensive/Integrated","Collaboration is just built into my routine; I'm constantly bouncing ideas off others, working on shared documents, and troubleshooting together, it's a significant part of my week.",5
"Facet: Arts and Humanities; Definition: Arts and Humanities refers to an individual's engagement with, appreciation for, and/or creation within disciplines such as literature, visual arts, performing arts, music, philosophy, history, and cultural studies. It encompasses a spectrum from passive consumption to active participation and creative expression, reflecting an openness to diverse human experiences, critical thought, and aesthetic appreciation.; Rubric: 1: Apathetic | 2: Minimal exposure | 3: Casual interest | 4: Engaged participant | 5: Passionate creator","Honestly, I don't really get art or history; I'd much rather spend my time on something practical.",1
"Facet: Arts and Humanities; Definition: Arts and Humanities refers to an individual's engagement with, appreciation for, and/or creation within disciplines such as literature, visual arts, performing arts, music, philosophy, history, and cultural studies. It encompasses a spectrum from passive consumption to active participation and creative expression, reflecting an openness to diverse human experiences, critical thought, and aesthetic appreciation.; Rubric: 1: Apathetic | 2: Minimal exposure | 3: Casual interest | 4: Engaged participant | 5: Passionate creator","I'll go to a museum or concert if someone else suggests it, but I wouldn't seek it out myself.",2
"Facet: Arts and Humanities; Definition: Arts and Humanities refers to an individual's engagement with, appreciation for, and/or creation within disciplines such as literature, visual arts, performing arts, music, philosophy, history, and cultural studies. It encompasses a spectrum from passive consumption to active participation and creative expression, reflecting an openness to diverse human experiences, critical thought, and aesthetic appreciation.; Rubric: 1: Apathetic | 2: Minimal exposure | 3: Casual interest | 4: Engaged participant | 5: Passionate creator","I enjoy reading a good novel now and then, or catching a play if it's getting a lot of buzz.",3
"Facet: Arts and Humanities; Definition: Arts and Humanities refers to an individual's engagement with, appreciation for, and/or creation within disciplines such as literature, visual arts, performing arts, music, philosophy, history, and cultural studies. It encompasses a spectrum from passive consumption to active participation and creative expression, reflecting an openness to diverse human experiences, critical thought, and aesthetic appreciation.; Rubric: 1: Apathetic | 2: Minimal exposure | 3: Casual interest | 4: Engaged participant | 5: Passionate creator","I'm always looking for new art exhibitions to visit, and I love discussing classic literature with my book club.",4
"Facet: Arts and Humanities; Definition: Arts and Humanities refers to an individual's engagement with, appreciation for, and/or creation within disciplines such as literature, visual arts, performing arts, music, philosophy, history, and cultural studies. It encompasses a spectrum from passive consumption to active participation and creative expression, reflecting an openness to diverse human experiences, critical thought, and aesthetic appreciation.; Rubric: 1: Apathetic | 2: Minimal exposure | 3: Casual interest | 4: Engaged participant | 5: Passionate creator","I spend most of my free time painting, writing poetry, or studying ancient philosophy; it's where I feel most alive.",5
"Facet: Religious practice: Quran khatam cycles per year; Definition: The number of times an individual completes a full recitation of the entire Quran (a 'khatam') within a calendar year, reflecting a measure of their consistent engagement with this specific religious practice.; Rubric: 1: Rarely/Never | 2: Infrequent | 3: Annual | 4: Regular | 5: Dedicated",I honestly don't think I've ever completed a full Quran khatam in my life; it's just not something I focus on.,1
"Facet: Religious practice: Quran khatam cycles per year; Definition: The number of times an individual completes a full recitation of the entire Quran (a 'khatam') within a calendar year, reflecting a measure of their consistent engagement with this specific religious practice.; Rubric: 1: Rarely/Never | 2: Infrequent | 3: Annual | 4: Regular | 5: Dedicated","I try to get through the whole Quran, but it's usually just once every few years, maybe, if I'm feeling particularly motivated.",2
"Facet: Religious practice: Quran khatam cycles per year; Definition: The number of times an individual completes a full recitation of the entire Quran (a 'khatam') within a calendar year, reflecting a measure of their consistent engagement with this specific religious practice.; Rubric: 1: Rarely/Never | 2: Infrequent | 3: Annual | 4: Regular | 5: Dedicated","I always aim to finish at least one full Quran khatam during Ramadan each year, as it's a special time for devotion.",3
"Facet: Religious practice: Quran khatam cycles per year; Definition: The number of times an individual completes a full recitation of the entire Quran (a 'khatam') within a calendar year, reflecting a measure of their consistent engagement with this specific religious practice.; Rubric: 1: Rarely/Never | 2: Infrequent | 3: Annual | 4: Regular | 5: Dedicated","Beyond Ramadan, I usually manage to complete a couple more khatams throughout the year, especially if I have some extra time.",4
"Facet: Religious practice: Quran khatam cycles per year; Definition: The number of times an individual completes a full recitation of the entire Quran (a 'khatam') within a calendar year, reflecting a measure of their consistent engagement with this specific religious practice.; Rubric: 1: Rarely/Never | 2: Infrequent | 3: Annual | 4: Regular | 5: Dedicated","With my daily reading, I consistently complete a Quran khatam every month or so, sometimes even more frequently if I'm really focused.",5
"Facet: Bahá’í spiritual metric: Ridván festival participation; Definition: Ridván festival participation, within the Bahá’í spiritual metric, refers to the degree of an individual's engagement with the annual twelve-day Bahá’í festival commemorating Bahá’u’lláh's declaration of His mission. This engagement can encompass personal prayer and reflection, attendance at community gatherings, participation in devotional programs, service activities, and the conscious embodiment of the festival's themes of spiritual renewal, unity, and the joy of divine revelation.; Rubric: 1: None/Unaware | 2: Passive Awareness | 3: Basic Engagement | 4: Active Involvement | 5: Deep Immersion/Leadership",I honestly didn't even realize Ridván was happening this year; it just wasn't on my radar at all.,1
"Facet: Bahá’í spiritual metric: Ridván festival participation; Definition: Ridván festival participation, within the Bahá’í spiritual metric, refers to the degree of an individual's engagement with the annual twelve-day Bahá’í festival commemorating Bahá’u’lláh's declaration of His mission. This engagement can encompass personal prayer and reflection, attendance at community gatherings, participation in devotional programs, service activities, and the conscious embodiment of the festival's themes of spiritual renewal, unity, and the joy of divine revelation.; Rubric: 1: None/Unaware | 2: Passive Awareness | 3: Basic Engagement | 4: Active Involvement | 5: Deep Immersion/Leadership","I know Ridván is an important time for Baháʼís, but I mostly just acknowledged it quietly without joining any community events.",2
"Facet: Bahá’í spiritual metric: Ridván festival participation; Definition: Ridván festival participation, within the Bahá’í spiritual metric, refers to the degree of an individual's engagement with the annual twelve-day Bahá’í festival commemorating Bahá’u’lláh's declaration of His mission. This engagement can encompass personal prayer and reflection, attendance at community gatherings, participation in devotional programs, service activities, and the conscious embodiment of the festival's themes of spiritual renewal, unity, and the joy of divine revelation.; Rubric: 1: None/Unaware | 2: Passive Awareness | 3: Basic Engagement | 4: Active Involvement | 5: Deep Immersion/Leadership",I made sure to attend a couple of the local community gatherings during Ridván and spent some time in personal prayer each day.,3
"Facet: Bahá’í spiritual metric: Ridván festival participation; Definition: Ridván festival participation, within the Bahá’í spiritual metric, refers to the degree of an individual's engagement with the annual twelve-day Bahá’í festival commemorating Bahá’u’lláh's declaration of His mission. This engagement can encompass personal prayer and reflection, attendance at community gatherings, participation in devotional programs, service activities, and the conscious embodiment of the festival's themes of spiritual renewal, unity, and the joy of divine revelation.; Rubric: 1: None/Unaware | 2: Passive Awareness | 3: Basic Engagement | 4: Active Involvement | 5: Deep Immersion/Leadership","This Ridván, I actively participated in several community events, helped organize a children's class, and dedicated extra time to reflection and spiritual readings.",4
"Facet: Bahá’í spiritual metric: Ridván festival participation; Definition: Ridván festival participation, within the Bahá’í spiritual metric, refers to the degree of an individual's engagement with the annual twelve-day Bahá’í festival commemorating Bahá’u’lláh's declaration of His mission. This engagement can encompass personal prayer and reflection, attendance at community gatherings, participation in devotional programs, service activities, and the conscious embodiment of the festival's themes of spiritual renewal, unity, and the joy of divine revelation.; Rubric: 1: None/Unaware | 2: Passive Awareness | 3: Basic Engagement | 4: Active Involvement | 5: Deep Immersion/Leadership","I truly immersed myself in the spirit of Ridván this year, leading a devotional gathering, facilitating a community discussion on unity, and deepening my personal spiritual practice throughout the entire festival.",5
"Facet: Compassion; Definition: Compassion is a deep awareness of the suffering of another coupled with the desire to alleviate it. It involves recognizing distress, feeling concern, and being motivated to offer comfort or assistance.; Rubric: 1: Indifferent | 2: Acknowledges | 3: Sympathetic | 4: Concerned | 5: Proactive","Honestly, it's not my problem; everyone has their own issues to deal with.",1
"Facet: Compassion; Definition: Compassion is a deep awareness of the suffering of another coupled with the desire to alleviate it. It involves recognizing distress, feeling concern, and being motivated to offer comfort or assistance.; Rubric: 1: Indifferent | 2: Acknowledges | 3: Sympathetic | 4: Concerned | 5: Proactive","Yeah, I saw that person struggling, it's tough, but I didn't really know what to do.",2
"Facet: Compassion; Definition: Compassion is a deep awareness of the suffering of another coupled with the desire to alleviate it. It involves recognizing distress, feeling concern, and being motivated to offer comfort or assistance.; Rubric: 1: Indifferent | 2: Acknowledges | 3: Sympathetic | 4: Concerned | 5: Proactive","Oh, that's really sad to hear; I hope things get better for them soon.",3
"Facet: Compassion; Definition: Compassion is a deep awareness of the suffering of another coupled with the desire to alleviate it. It involves recognizing distress, feeling concern, and being motivated to offer comfort or assistance.; Rubric: 1: Indifferent | 2: Acknowledges | 3: Sympathetic | 4: Concerned | 5: Proactive","I heard what happened, and I'm really worried about them. Is there anything I can do to help out this week?",4
"Facet: Compassion; Definition: Compassion is a deep awareness of the suffering of another coupled with the desire to alleviate it. It involves recognizing distress, feeling concern, and being motivated to offer comfort or assistance.; Rubric: 1: Indifferent | 2: Acknowledges | 3: Sympathetic | 4: Concerned | 5: Proactive","When I realized they were having such a hard time, I immediately offered to cover their shift and brought them a meal.",5
"Facet: Information Retention; Definition: Information Retention refers to the ability to store, maintain, and recall learned information or experiences over various periods of time, ranging from short-term to long-term memory.; Rubric: 1: Fleeting | 2: Brief | 3: Moderate | 4: Strong | 5: Enduring","I just read the instructions, but I already can't remember the first step.",1
"Facet: Information Retention; Definition: Information Retention refers to the ability to store, maintain, and recall learned information or experiences over various periods of time, ranging from short-term to long-term memory.; Rubric: 1: Fleeting | 2: Brief | 3: Moderate | 4: Strong | 5: Enduring","I could recall the names during the meeting, but by the end of the day, I'd completely forgotten them.",2
"Facet: Information Retention; Definition: Information Retention refers to the ability to store, maintain, and recall learned information or experiences over various periods of time, ranging from short-term to long-term memory.; Rubric: 1: Fleeting | 2: Brief | 3: Moderate | 4: Strong | 5: Enduring","I mostly remember the main points from the lecture, though some of the finer details are a bit fuzzy now.",3
"Facet: Information Retention; Definition: Information Retention refers to the ability to store, maintain, and recall learned information or experiences over various periods of time, ranging from short-term to long-term memory.; Rubric: 1: Fleeting | 2: Brief | 3: Moderate | 4: Strong | 5: Enduring","Even after a few weeks, I can still accurately explain most of the concepts from that training session.",4
"Facet: Information Retention; Definition: Information Retention refers to the ability to store, maintain, and recall learned information or experiences over various periods of time, ranging from short-term to long-term memory.; Rubric: 1: Fleeting | 2: Brief | 3: Moderate | 4: Strong | 5: Enduring","I learned to play that song years ago, and I can still play it perfectly without needing to practice.",5
"Facet: Eye-contact duration; Definition: The length of time an individual maintains direct visual engagement with another person's eyes during an interaction, often reflecting attentiveness, confidence, or social comfort.; Rubric: 1: Avoidant | 2: Fleeting | 3: Intermittent | 4: Consistent | 5: Sustained","Throughout our conversation, he mostly looked at the floor or over my shoulder, rarely meeting my gaze.",1
"Facet: Eye-contact duration; Definition: The length of time an individual maintains direct visual engagement with another person's eyes during an interaction, often reflecting attentiveness, confidence, or social comfort.; Rubric: 1: Avoidant | 2: Fleeting | 3: Intermittent | 4: Consistent | 5: Sustained","She would glance at me for a second or two, then quickly look away, making it hard to feel connected.",2
"Facet: Eye-contact duration; Definition: The length of time an individual maintains direct visual engagement with another person's eyes during an interaction, often reflecting attentiveness, confidence, or social comfort.; Rubric: 1: Avoidant | 2: Fleeting | 3: Intermittent | 4: Consistent | 5: Sustained","He made eye contact fairly often, but it felt like he'd break it every few seconds to look around the room.",3
"Facet: Eye-contact duration; Definition: The length of time an individual maintains direct visual engagement with another person's eyes during an interaction, often reflecting attentiveness, confidence, or social comfort.; Rubric: 1: Avoidant | 2: Fleeting | 3: Intermittent | 4: Consistent | 5: Sustained",I felt really heard; she maintained good eye contact for most of the discussion without it feeling awkward.,4
"Facet: Eye-contact duration; Definition: The length of time an individual maintains direct visual engagement with another person's eyes during an interaction, often reflecting attentiveness, confidence, or social comfort.; Rubric: 1: Avoidant | 2: Fleeting | 3: Intermittent | 4: Consistent | 5: Sustained","His gaze was so steady and unwavering during the entire presentation that it felt incredibly intense, almost challenging.",5
"Facet: Self-righteousness; Definition: Self-righteousness is the conviction of one's own moral superiority, often accompanied by an intolerant or judgmental attitude towards those perceived as falling short of one's personal standards. It typically involves a strong belief in the rectitude of one's own actions and beliefs, leading to a lack of empathy or understanding for differing perspectives.; Rubric: 1: Open-minded, Humble | 2: Principled, Reflective | 3: Convicted, Assertive | 4: Judgmental, Inflexible | 5: Condescending, Infallible","I try my best, but I know I'm not perfect, so I always try to understand where others are coming from before forming an opinion.",1
"Facet: Self-righteousness; Definition: Self-righteousness is the conviction of one's own moral superiority, often accompanied by an intolerant or judgmental attitude towards those perceived as falling short of one's personal standards. It typically involves a strong belief in the rectitude of one's own actions and beliefs, leading to a lack of empathy or understanding for differing perspectives.; Rubric: 1: Open-minded, Humble | 2: Principled, Reflective | 3: Convicted, Assertive | 4: Judgmental, Inflexible | 5: Condescending, Infallible","I have strong beliefs about what's right, but I also make an effort to consider other people's situations and feelings.",2
"Facet: Self-righteousness; Definition: Self-righteousness is the conviction of one's own moral superiority, often accompanied by an intolerant or judgmental attitude towards those perceived as falling short of one's personal standards. It typically involves a strong belief in the rectitude of one's own actions and beliefs, leading to a lack of empathy or understanding for differing perspectives.; Rubric: 1: Open-minded, Humble | 2: Principled, Reflective | 3: Convicted, Assertive | 4: Judgmental, Inflexible | 5: Condescending, Infallible","I'm pretty confident in my moral compass, and I'm not shy about expressing my views, especially when I feel something is clearly wrong.",3
"Facet: Self-righteousness; Definition: Self-righteousness is the conviction of one's own moral superiority, often accompanied by an intolerant or judgmental attitude towards those perceived as falling short of one's personal standards. It typically involves a strong belief in the rectitude of one's own actions and beliefs, leading to a lack of empathy or understanding for differing perspectives.; Rubric: 1: Open-minded, Humble | 2: Principled, Reflective | 3: Convicted, Assertive | 4: Judgmental, Inflexible | 5: Condescending, Infallible",It's just baffling to me how some people can't see the obvious right way to do things; their choices are simply unacceptable.,4
"Facet: Self-righteousness; Definition: Self-righteousness is the conviction of one's own moral superiority, often accompanied by an intolerant or judgmental attitude towards those perceived as falling short of one's personal standards. It typically involves a strong belief in the rectitude of one's own actions and beliefs, leading to a lack of empathy or understanding for differing perspectives.; Rubric: 1: Open-minded, Humble | 2: Principled, Reflective | 3: Convicted, Assertive | 4: Judgmental, Inflexible | 5: Condescending, Infallible","Honestly, there's absolutely no excuse for that kind of behavior, and anyone who defends it clearly has no moral grounding whatsoever.",5
"Facet: General Mood and Attitude; Definition: General Mood and Attitude refers to an individual's prevailing emotional state and disposition towards life, others, and situations over a sustained period. It encompasses their typical outlook, level of optimism or pessimism, and overall emotional tone, influencing how they perceive and react to daily events.; Rubric: 1: Gloomy/Hostile | 2: Irritable/Pessimistic | 3: Neutral/Steady | 4: Positive/Optimistic | 5: Enthusiastic/Joyful","Ever since the project failed, Sarah has been so gloomy; nothing seems to cheer her up.",1
"Facet: General Mood and Attitude; Definition: General Mood and Attitude refers to an individual's prevailing emotional state and disposition towards life, others, and situations over a sustained period. It encompasses their typical outlook, level of optimism or pessimism, and overall emotional tone, influencing how they perceive and react to daily events.; Rubric: 1: Gloomy/Hostile | 2: Irritable/Pessimistic | 3: Neutral/Steady | 4: Positive/Optimistic | 5: Enthusiastic/Joyful","Lately, Mark just seems a bit irritable and always expects the worst to happen.",2
"Facet: General Mood and Attitude; Definition: General Mood and Attitude refers to an individual's prevailing emotional state and disposition towards life, others, and situations over a sustained period. It encompasses their typical outlook, level of optimism or pessimism, and overall emotional tone, influencing how they perceive and react to daily events.; Rubric: 1: Gloomy/Hostile | 2: Irritable/Pessimistic | 3: Neutral/Steady | 4: Positive/Optimistic | 5: Enthusiastic/Joyful","Even with all the changes, Jane maintains a pretty steady, neutral disposition, taking things as they come.",3
"Facet: General Mood and Attitude; Definition: General Mood and Attitude refers to an individual's prevailing emotional state and disposition towards life, others, and situations over a sustained period. It encompasses their typical outlook, level of optimism or pessimism, and overall emotional tone, influencing how they perceive and react to daily events.; Rubric: 1: Gloomy/Hostile | 2: Irritable/Pessimistic | 3: Neutral/Steady | 4: Positive/Optimistic | 5: Enthusiastic/Joyful","Despite the small setbacks, Tom always looks on the bright side and generally has a positive outlook.",4
"Facet: General Mood and Attitude; Definition: General Mood and Attitude refers to an individual's prevailing emotional state and disposition towards life, others, and situations over a sustained period. It encompasses their typical outlook, level of optimism or pessimism, and overall emotional tone, influencing how they perceive and react to daily events.; Rubric: 1: Gloomy/Hostile | 2: Irritable/Pessimistic | 3: Neutral/Steady | 4: Positive/Optimistic | 5: Enthusiastic/Joyful",Maria is always so enthusiastic about everything; even on a Monday morning she's full of joy and energy.,5
"Facet: Serotonin transporter availability; Definition: Serotonin transporter availability refers to the density and functional capacity of serotonin reuptake transporters (SERTs) on neuronal membranes. These proteins are responsible for reabsorbing serotonin from the synaptic cleft back into the presynaptic neuron, thereby regulating the duration and intensity of serotonin's signaling. Higher availability generally indicates more efficient serotonin reuptake, potentially leading to lower synaptic serotonin levels, while lower availability means less efficient reuptake and potentially higher synaptic serotonin levels, often influencing mood regulation and responses to antidepressant medications.; Rubric: 1: Minimal Reuptake | 2: Impaired Reuptake | 3: Balanced Reuptake | 4: Efficient Reuptake | 5: Profound Reuptake","The PET scan showed his serotonin transporter availability was extremely low, indicating very few 'clean-up' crews for serotonin in his brain.",1
"Facet: Serotonin transporter availability; Definition: Serotonin transporter availability refers to the density and functional capacity of serotonin reuptake transporters (SERTs) on neuronal membranes. These proteins are responsible for reabsorbing serotonin from the synaptic cleft back into the presynaptic neuron, thereby regulating the duration and intensity of serotonin's signaling. Higher availability generally indicates more efficient serotonin reuptake, potentially leading to lower synaptic serotonin levels, while lower availability means less efficient reuptake and potentially higher synaptic serotonin levels, often influencing mood regulation and responses to antidepressant medications.; Rubric: 1: Minimal Reuptake | 2: Impaired Reuptake | 3: Balanced Reuptake | 4: Efficient Reuptake | 5: Profound Reuptake","Her doctors are exploring if her slightly reduced serotonin transporter availability could be contributing to her mood challenges, as it means less efficient serotonin recycling.",2
"Facet: Serotonin transporter availability; Definition: Serotonin transporter availability refers to the density and functional capacity of serotonin reuptake transporters (SERTs) on neuronal membranes. These proteins are responsible for reabsorbing serotonin from the synaptic cleft back into the presynaptic neuron, thereby regulating the duration and intensity of serotonin's signaling. Higher availability generally indicates more efficient serotonin reuptake, potentially leading to lower synaptic serotonin levels, while lower availability means less efficient reuptake and potentially higher synaptic serotonin levels, often influencing mood regulation and responses to antidepressant medications.; Rubric: 1: Minimal Reuptake | 2: Impaired Reuptake | 3: Balanced Reuptake | 4: Efficient Reuptake | 5: Profound Reuptake","Most people have a pretty average serotonin transporter availability, allowing for a typical balance of serotonin signaling in their brain.",3
"Facet: Serotonin transporter availability; Definition: Serotonin transporter availability refers to the density and functional capacity of serotonin reuptake transporters (SERTs) on neuronal membranes. These proteins are responsible for reabsorbing serotonin from the synaptic cleft back into the presynaptic neuron, thereby regulating the duration and intensity of serotonin's signaling. Higher availability generally indicates more efficient serotonin reuptake, potentially leading to lower synaptic serotonin levels, while lower availability means less efficient reuptake and potentially higher synaptic serotonin levels, often influencing mood regulation and responses to antidepressant medications.; Rubric: 1: Minimal Reuptake | 2: Impaired Reuptake | 3: Balanced Reuptake | 4: Efficient Reuptake | 5: Profound Reuptake","Studies suggest some individuals have a higher-than-average serotonin transporter availability, which might make them less susceptible to certain mood fluctuations.",4
"Facet: Serotonin transporter availability; Definition: Serotonin transporter availability refers to the density and functional capacity of serotonin reuptake transporters (SERTs) on neuronal membranes. These proteins are responsible for reabsorbing serotonin from the synaptic cleft back into the presynaptic neuron, thereby regulating the duration and intensity of serotonin's signaling. Higher availability generally indicates more efficient serotonin reuptake, potentially leading to lower synaptic serotonin levels, while lower availability means less efficient reuptake and potentially higher synaptic serotonin levels, often influencing mood regulation and responses to antidepressant medications.; Rubric: 1: Minimal Reuptake | 2: Impaired Reuptake | 3: Balanced Reuptake | 4: Efficient Reuptake | 5: Profound Reuptake","His brain exhibits remarkably high serotonin transporter availability, meaning serotonin is cleared from his synapses very rapidly.",5
"Facet: Contribution to Group Goals; Definition: The extent to which an individual actively engages, applies effort, and directs their resources (skills, ideas, time) towards achieving shared objectives and advancing the overall progress of a collective or team.; Rubric: 1: Detached/Hindering | 2: Minimal/Passive | 3: Consistent/Meets Expectations | 4: Proactive/Enhancing | 5: Leading/Transformative","Honestly, Sarah spent most of the meeting on her phone, and then questioned why we even needed to do the project at all.",1
"Facet: Contribution to Group Goals; Definition: The extent to which an individual actively engages, applies effort, and directs their resources (skills, ideas, time) towards achieving shared objectives and advancing the overall progress of a collective or team.; Rubric: 1: Detached/Hindering | 2: Minimal/Passive | 3: Consistent/Meets Expectations | 4: Proactive/Enhancing | 5: Leading/Transformative","Mark completed his assigned task, but didn't offer any suggestions or seem particularly invested in the overall outcome.",2
"Facet: Contribution to Group Goals; Definition: The extent to which an individual actively engages, applies effort, and directs their resources (skills, ideas, time) towards achieving shared objectives and advancing the overall progress of a collective or team.; Rubric: 1: Detached/Hindering | 2: Minimal/Passive | 3: Consistent/Meets Expectations | 4: Proactive/Enhancing | 5: Leading/Transformative","Even though he had a lot on his plate, David consistently delivered his parts of the project on time and helped keep us on track.",3
"Facet: Contribution to Group Goals; Definition: The extent to which an individual actively engages, applies effort, and directs their resources (skills, ideas, time) towards achieving shared objectives and advancing the overall progress of a collective or team.; Rubric: 1: Detached/Hindering | 2: Minimal/Passive | 3: Consistent/Meets Expectations | 4: Proactive/Enhancing | 5: Leading/Transformative","During the brainstorming session, Emily not only shared great ideas but also took the initiative to organize everyone's input into a coherent plan.",4
"Facet: Contribution to Group Goals; Definition: The extent to which an individual actively engages, applies effort, and directs their resources (skills, ideas, time) towards achieving shared objectives and advancing the overall progress of a collective or team.; Rubric: 1: Detached/Hindering | 2: Minimal/Passive | 3: Consistent/Meets Expectations | 4: Proactive/Enhancing | 5: Leading/Transformative","Liam not only spearheaded the initiative but also rallied the entire team, finding innovative solutions to obstacles that initially seemed insurmountable, ultimately exceeding our original targets.",5
"Facet: Dignity; Definition: Dignity, in a behavioral context, refers to the inherent worth and respect every individual possesses, regardless of their circumstances, and the recognition and affirmation of this worth by oneself and others. It encompasses feelings of self-respect, honor, and the right to be treated ethically and with consideration.; Rubric: 1: Disregarded | 2: Compromised | 3: Acknowledged | 4: Upholding | 5: Cherished","After being publicly humiliated and ignored, she felt completely stripped of her dignity, like her feelings didn't matter at all.",1
"Facet: Dignity; Definition: Dignity, in a behavioral context, refers to the inherent worth and respect every individual possesses, regardless of their circumstances, and the recognition and affirmation of this worth by oneself and others. It encompasses feelings of self-respect, honor, and the right to be treated ethically and with consideration.; Rubric: 1: Disregarded | 2: Compromised | 3: Acknowledged | 4: Upholding | 5: Cherished","He felt his dignity was compromised when his boss repeatedly questioned his competence in front of the whole team, making him feel belittled.",2
"Facet: Dignity; Definition: Dignity, in a behavioral context, refers to the inherent worth and respect every individual possesses, regardless of their circumstances, and the recognition and affirmation of this worth by oneself and others. It encompasses feelings of self-respect, honor, and the right to be treated ethically and with consideration.; Rubric: 1: Disregarded | 2: Compromised | 3: Acknowledged | 4: Upholding | 5: Cherished","Even though the situation was difficult, the staff treated her with basic respect and listened to her concerns, acknowledging her dignity as a person.",3
"Facet: Dignity; Definition: Dignity, in a behavioral context, refers to the inherent worth and respect every individual possesses, regardless of their circumstances, and the recognition and affirmation of this worth by oneself and others. It encompasses feelings of self-respect, honor, and the right to be treated ethically and with consideration.; Rubric: 1: Disregarded | 2: Compromised | 3: Acknowledged | 4: Upholding | 5: Cherished","Despite the severe illness, the hospice team ensured her personal choices were honored and her privacy maintained, actively upholding her dignity throughout her final days.",4
"Facet: Dignity; Definition: Dignity, in a behavioral context, refers to the inherent worth and respect every individual possesses, regardless of their circumstances, and the recognition and affirmation of this worth by oneself and others. It encompasses feelings of self-respect, honor, and the right to be treated ethically and with consideration.; Rubric: 1: Disregarded | 2: Compromised | 3: Acknowledged | 4: Upholding | 5: Cherished","The community rallied around him, celebrating his contributions and ensuring he felt deeply valued and respected for who he was, truly cherishing his dignity.",5
"Facet: HEXACO Personality Inventory Facets; Definition: HEXACO Personality Inventory Facets are specific, narrower traits that comprise the broader six dimensions (Honesty-Humility, Emotionality, Extraversion, Agreeableness, Conscientiousness, Openness to Experience) of the HEXACO model of personality. They provide a more detailed and nuanced understanding of an individual's personality profile beyond the six main factors.; Rubric: 1: Minimal | 2: Below Average | 3: Average | 4: Above Average | 5: Prominent","When it comes to this particular facet, you rarely see any sign of it in their behavior or decisions.",1
"Facet: HEXACO Personality Inventory Facets; Definition: HEXACO Personality Inventory Facets are specific, narrower traits that comprise the broader six dimensions (Honesty-Humility, Emotionality, Extraversion, Agreeableness, Conscientiousness, Openness to Experience) of the HEXACO model of personality. They provide a more detailed and nuanced understanding of an individual's personality profile beyond the six main factors.; Rubric: 1: Minimal | 2: Below Average | 3: Average | 4: Above Average | 5: Prominent","They show a bit of this trait sometimes, but it's definitely not a defining characteristic for them.",2
"Facet: HEXACO Personality Inventory Facets; Definition: HEXACO Personality Inventory Facets are specific, narrower traits that comprise the broader six dimensions (Honesty-Humility, Emotionality, Extraversion, Agreeableness, Conscientiousness, Openness to Experience) of the HEXACO model of personality. They provide a more detailed and nuanced understanding of an individual's personality profile beyond the six main factors.; Rubric: 1: Minimal | 2: Below Average | 3: Average | 4: Above Average | 5: Prominent","You'd say they're pretty typical when it comes to this facet, neither strongly exhibiting it nor completely lacking it.",3
"Facet: HEXACO Personality Inventory Facets; Definition: HEXACO Personality Inventory Facets are specific, narrower traits that comprise the broader six dimensions (Honesty-Humility, Emotionality, Extraversion, Agreeableness, Conscientiousness, Openness to Experience) of the HEXACO model of personality. They provide a more detailed and nuanced understanding of an individual's personality profile beyond the six main factors.; Rubric: 1: Minimal | 2: Below Average | 3: Average | 4: Above Average | 5: Prominent",This facet is quite noticeable in their personality; it frequently influences how they act and react.,4
"Facet: HEXACO Personality Inventory Facets; Definition: HEXACO Personality Inventory Facets are specific, narrower traits that comprise the broader six dimensions (Honesty-Humility, Emotionality, Extraversion, Agreeableness, Conscientiousness, Openness to Experience) of the HEXACO model of personality. They provide a more detailed and nuanced understanding of an individual's personality profile beyond the six main factors.; Rubric: 1: Minimal | 2: Below Average | 3: Average | 4: Above Average | 5: Prominent","Oh, this trait is absolutely central to who they are; it's one of the first things you'd notice and defines many of their interactions.",5
"Facet: Evaluating Solutions; Definition: Evaluating Solutions refers to the cognitive process of critically assessing the potential effectiveness, feasibility, and consequences of various proposed courses of action or remedies to a problem. It involves weighing pros and cons, considering risks and benefits, comparing options against predefined criteria, and anticipating short-term and long-term impacts to determine the most optimal choice.; Rubric: 1: Superficial | 2: Basic | 3: Criteria-based | 4: Comparative | 5: Strategic",I guess we could just go with the first idea that popped into my head; it sounds good enough.,1
"Facet: Evaluating Solutions; Definition: Evaluating Solutions refers to the cognitive process of critically assessing the potential effectiveness, feasibility, and consequences of various proposed courses of action or remedies to a problem. It involves weighing pros and cons, considering risks and benefits, comparing options against predefined criteria, and anticipating short-term and long-term impacts to determine the most optimal choice.; Rubric: 1: Superficial | 2: Basic | 3: Criteria-based | 4: Comparative | 5: Strategic","This solution seems okay because it's cheap, but I haven't really thought about any downsides or other options.",2
"Facet: Evaluating Solutions; Definition: Evaluating Solutions refers to the cognitive process of critically assessing the potential effectiveness, feasibility, and consequences of various proposed courses of action or remedies to a problem. It involves weighing pros and cons, considering risks and benefits, comparing options against predefined criteria, and anticipating short-term and long-term impacts to determine the most optimal choice.; Rubric: 1: Superficial | 2: Basic | 3: Criteria-based | 4: Comparative | 5: Strategic","Looking at our budget and timeline, solution B fits the requirements better than A, even though A is flashier.",3
"Facet: Evaluating Solutions; Definition: Evaluating Solutions refers to the cognitive process of critically assessing the potential effectiveness, feasibility, and consequences of various proposed courses of action or remedies to a problem. It involves weighing pros and cons, considering risks and benefits, comparing options against predefined criteria, and anticipating short-term and long-term impacts to determine the most optimal choice.; Rubric: 1: Superficial | 2: Basic | 3: Criteria-based | 4: Comparative | 5: Strategic","After weighing the pros and cons of both options against our project goals, solution C offers the best balance of impact and feasibility, especially compared to D's higher risk and resource demands.",4
"Facet: Evaluating Solutions; Definition: Evaluating Solutions refers to the cognitive process of critically assessing the potential effectiveness, feasibility, and consequences of various proposed courses of action or remedies to a problem. It involves weighing pros and cons, considering risks and benefits, comparing options against predefined criteria, and anticipating short-term and long-term impacts to determine the most optimal choice.; Rubric: 1: Superficial | 2: Basic | 3: Criteria-based | 4: Comparative | 5: Strategic","Considering not only the immediate benefits and costs, but also the long-term scalability, potential for future innovation, and alignment with our overarching organizational vision, solution X presents the most robust and strategically aligned path forward, proactively mitigating risks we hadn't initially considered.",5
"Facet: Input; Definition: The extent to which an individual actively provides information, ideas, effort, or resources to a task, discussion, or situation, reflecting their level of engagement and contribution.; Rubric: 1: Passive | 2: Reactive | 3: Engaged | 4: Proactive | 5: Initiating","Throughout the entire meeting, Alex just sat back and observed, offering no thoughts of his own.",1
"Facet: Input; Definition: The extent to which an individual actively provides information, ideas, effort, or resources to a task, discussion, or situation, reflecting their level of engagement and contribution.; Rubric: 1: Passive | 2: Reactive | 3: Engaged | 4: Proactive | 5: Initiating","He only spoke up when prompted with a direct question, and his answers were usually quite brief.",2
"Facet: Input; Definition: The extent to which an individual actively provides information, ideas, effort, or resources to a task, discussion, or situation, reflecting their level of engagement and contribution.; Rubric: 1: Passive | 2: Reactive | 3: Engaged | 4: Proactive | 5: Initiating","She shared a few relevant ideas and asked clarifying questions, contributing steadily to the conversation.",3
"Facet: Input; Definition: The extent to which an individual actively provides information, ideas, effort, or resources to a task, discussion, or situation, reflecting their level of engagement and contribution.; Rubric: 1: Passive | 2: Reactive | 3: Engaged | 4: Proactive | 5: Initiating",He brought several new solutions to the table and actively sought ways to improve the current process.,4
"Facet: Input; Definition: The extent to which an individual actively provides information, ideas, effort, or resources to a task, discussion, or situation, reflecting their level of engagement and contribution.; Rubric: 1: Passive | 2: Reactive | 3: Engaged | 4: Proactive | 5: Initiating","Right from the start, she was outlining the agenda, proposing innovative strategies, and rallying everyone to contribute.",5
"Facet: Discreteness; Definition: The degree to which an individual's thoughts, feelings, behaviors, or personal information are kept distinct, separate, and private, rather than being openly shared, blended, or continuously expressed across various contexts. It reflects the ability to maintain clear boundaries between different aspects of one's life or self.; Rubric: 1: Blended, Undifferentiated, Open | 2: Somewhat Blended, Moderately Open | 3: Contextual, Balanced, Situationally Distinct | 4: Distinct, Private, Deliberate | 5: Highly Separate, Compartmentalized, Reserved","He just blurts out whatever he's thinking, without considering who's around or if it's appropriate for the situation.",1
"Facet: Discreteness; Definition: The degree to which an individual's thoughts, feelings, behaviors, or personal information are kept distinct, separate, and private, rather than being openly shared, blended, or continuously expressed across various contexts. It reflects the ability to maintain clear boundaries between different aspects of one's life or self.; Rubric: 1: Blended, Undifferentiated, Open | 2: Somewhat Blended, Moderately Open | 3: Contextual, Balanced, Situationally Distinct | 4: Distinct, Private, Deliberate | 5: Highly Separate, Compartmentalized, Reserved","She's generally an open book, but she might hesitate a bit before sharing truly sensitive personal details with new acquaintances.",2
"Facet: Discreteness; Definition: The degree to which an individual's thoughts, feelings, behaviors, or personal information are kept distinct, separate, and private, rather than being openly shared, blended, or continuously expressed across various contexts. It reflects the ability to maintain clear boundaries between different aspects of one's life or self.; Rubric: 1: Blended, Undifferentiated, Open | 2: Somewhat Blended, Moderately Open | 3: Contextual, Balanced, Situationally Distinct | 4: Distinct, Private, Deliberate | 5: Highly Separate, Compartmentalized, Reserved","He's good at keeping his work and home life separate, but he's not afraid to share personal anecdotes if they're relevant to a conversation.",3
"Facet: Discreteness; Definition: The degree to which an individual's thoughts, feelings, behaviors, or personal information are kept distinct, separate, and private, rather than being openly shared, blended, or continuously expressed across various contexts. It reflects the ability to maintain clear boundaries between different aspects of one's life or self.; Rubric: 1: Blended, Undifferentiated, Open | 2: Somewhat Blended, Moderately Open | 3: Contextual, Balanced, Situationally Distinct | 4: Distinct, Private, Deliberate | 5: Highly Separate, Compartmentalized, Reserved",She's very intentional about what she shares; you'd rarely hear her discuss her personal finances or family issues with colleagues.,4
"Facet: Discreteness; Definition: The degree to which an individual's thoughts, feelings, behaviors, or personal information are kept distinct, separate, and private, rather than being openly shared, blended, or continuously expressed across various contexts. It reflects the ability to maintain clear boundaries between different aspects of one's life or self.; Rubric: 1: Blended, Undifferentiated, Open | 2: Somewhat Blended, Moderately Open | 3: Contextual, Balanced, Situationally Distinct | 4: Distinct, Private, Deliberate | 5: Highly Separate, Compartmentalized, Reserved",You'd never know anything about his personal life from his professional interactions; he keeps everything strictly compartmentalized.,5
"Facet: Energy-healing practice: Reiki sessions / year; Definition: This facet measures the frequency with which an individual engages in professional or self-administered Reiki sessions over a one-year period. Reiki is a Japanese energy-healing technique where practitioners use gentle touch or hands-off methods to guide universal life force energy to promote relaxation, reduce stress, and support the body's natural healing abilities.; Rubric: 1: Never | 2: Rarely | 3: Occasionally | 4: Regularly | 5: Frequently","I've heard of Reiki, but I've never actually tried a session myself.",1
"Facet: Energy-healing practice: Reiki sessions / year; Definition: This facet measures the frequency with which an individual engages in professional or self-administered Reiki sessions over a one-year period. Reiki is a Japanese energy-healing technique where practitioners use gentle touch or hands-off methods to guide universal life force energy to promote relaxation, reduce stress, and support the body's natural healing abilities.; Rubric: 1: Never | 2: Rarely | 3: Occasionally | 4: Regularly | 5: Frequently","I had one Reiki session a couple of years ago out of curiosity, but haven't really gone back since.",2
"Facet: Energy-healing practice: Reiki sessions / year; Definition: This facet measures the frequency with which an individual engages in professional or self-administered Reiki sessions over a one-year period. Reiki is a Japanese energy-healing technique where practitioners use gentle touch or hands-off methods to guide universal life force energy to promote relaxation, reduce stress, and support the body's natural healing abilities.; Rubric: 1: Never | 2: Rarely | 3: Occasionally | 4: Regularly | 5: Frequently","I usually book a Reiki session a few times a year, especially when I feel like I need a good reset.",3
"Facet: Energy-healing practice: Reiki sessions / year; Definition: This facet measures the frequency with which an individual engages in professional or self-administered Reiki sessions over a one-year period. Reiki is a Japanese energy-healing technique where practitioners use gentle touch or hands-off methods to guide universal life force energy to promote relaxation, reduce stress, and support the body's natural healing abilities.; Rubric: 1: Never | 2: Rarely | 3: Occasionally | 4: Regularly | 5: Frequently",I make sure to get a Reiki session every month to help manage my stress and maintain my well-being.,4
"Facet: Energy-healing practice: Reiki sessions / year; Definition: This facet measures the frequency with which an individual engages in professional or self-administered Reiki sessions over a one-year period. Reiki is a Japanese energy-healing technique where practitioners use gentle touch or hands-off methods to guide universal life force energy to promote relaxation, reduce stress, and support the body's natural healing abilities.; Rubric: 1: Never | 2: Rarely | 3: Occasionally | 4: Regularly | 5: Frequently","Reiki is a core part of my self-care routine; I typically have sessions bi-weekly, sometimes even more often.",5
"Facet: Astrology: Rising sign is Scorpio; Definition: The rising sign, or Ascendant, in astrology, represents the zodiac sign that was ascending on the eastern horizon at the exact moment of a person's birth. A Scorpio rising indicates an initial impression of intensity, mystery, and a powerful, sometimes intimidating, presence. People with this rising sign are often perceived as private, perceptive, and strong-willed, governing their outer personality, first impressions, and how they project themselves to the world.; Rubric: 1: Unintense, Open | 2: Mildly Reserved, Approachable | 3: Perceptive, Private | 4: Intense, Strategic | 5: Magnetic, Penetrating","Honestly, even though my chart says Scorpio rising, I'm usually the first one to crack a joke and I'm pretty much an open book.",1
"Facet: Astrology: Rising sign is Scorpio; Definition: The rising sign, or Ascendant, in astrology, represents the zodiac sign that was ascending on the eastern horizon at the exact moment of a person's birth. A Scorpio rising indicates an initial impression of intensity, mystery, and a powerful, sometimes intimidating, presence. People with this rising sign are often perceived as private, perceptive, and strong-willed, governing their outer personality, first impressions, and how they project themselves to the world.; Rubric: 1: Unintense, Open | 2: Mildly Reserved, Approachable | 3: Perceptive, Private | 4: Intense, Strategic | 5: Magnetic, Penetrating","People say I'm a bit quiet at first, but once you get to know me, I warm up quickly and I'm easy to talk to.",2
"Facet: Astrology: Rising sign is Scorpio; Definition: The rising sign, or Ascendant, in astrology, represents the zodiac sign that was ascending on the eastern horizon at the exact moment of a person's birth. A Scorpio rising indicates an initial impression of intensity, mystery, and a powerful, sometimes intimidating, presence. People with this rising sign are often perceived as private, perceptive, and strong-willed, governing their outer personality, first impressions, and how they project themselves to the world.; Rubric: 1: Unintense, Open | 2: Mildly Reserved, Approachable | 3: Perceptive, Private | 4: Intense, Strategic | 5: Magnetic, Penetrating","I tend to observe a lot before I speak, and I definitely keep my personal life close to my chest.",3
"Facet: Astrology: Rising sign is Scorpio; Definition: The rising sign, or Ascendant, in astrology, represents the zodiac sign that was ascending on the eastern horizon at the exact moment of a person's birth. A Scorpio rising indicates an initial impression of intensity, mystery, and a powerful, sometimes intimidating, presence. People with this rising sign are often perceived as private, perceptive, and strong-willed, governing their outer personality, first impressions, and how they project themselves to the world.; Rubric: 1: Unintense, Open | 2: Mildly Reserved, Approachable | 3: Perceptive, Private | 4: Intense, Strategic | 5: Magnetic, Penetrating","When I walk into a room, I feel like people notice my presence, and I'm always thinking a few steps ahead in conversations.",4
"Facet: Astrology: Rising sign is Scorpio; Definition: The rising sign, or Ascendant, in astrology, represents the zodiac sign that was ascending on the eastern horizon at the exact moment of a person's birth. A Scorpio rising indicates an initial impression of intensity, mystery, and a powerful, sometimes intimidating, presence. People with this rising sign are often perceived as private, perceptive, and strong-willed, governing their outer personality, first impressions, and how they project themselves to the world.; Rubric: 1: Unintense, Open | 2: Mildly Reserved, Approachable | 3: Perceptive, Private | 4: Intense, Strategic | 5: Magnetic, Penetrating","I've been told my gaze can be really intense, and I often find people are drawn to my mysterious aura, even if they can't quite put their finger on why.",5
"Facet: Character strength: Social Intelligence; Definition: Social intelligence is the capacity to understand and manage social interactions, perceive and interpret the emotions, intentions, and motivations of others, and respond effectively in diverse social contexts to build and maintain positive relationships. It encompasses social awareness, empathy, and practical social skills.; Rubric: 1: Unaware/Awkward | 2: Limited/Struggles | 3: Adequate/Functional | 4: Perceptive/Skilled | 5: Exceptional/Masterful","During the team meeting, Alex kept interrupting people and didn't seem to notice the uncomfortable silence when he made an insensitive joke.",1
"Facet: Character strength: Social Intelligence; Definition: Social intelligence is the capacity to understand and manage social interactions, perceive and interpret the emotions, intentions, and motivations of others, and respond effectively in diverse social contexts to build and maintain positive relationships. It encompasses social awareness, empathy, and practical social skills.; Rubric: 1: Unaware/Awkward | 2: Limited/Struggles | 3: Adequate/Functional | 4: Perceptive/Skilled | 5: Exceptional/Masterful","Sarah often misreads subtle cues, like when she tried to keep talking to a colleague who clearly looked busy and was trying to leave.",2
"Facet: Character strength: Social Intelligence; Definition: Social intelligence is the capacity to understand and manage social interactions, perceive and interpret the emotions, intentions, and motivations of others, and respond effectively in diverse social contexts to build and maintain positive relationships. It encompasses social awareness, empathy, and practical social skills.; Rubric: 1: Unaware/Awkward | 2: Limited/Struggles | 3: Adequate/Functional | 4: Perceptive/Skilled | 5: Exceptional/Masterful","Mark generally knows how to act in most social situations and can hold a decent conversation, though he might miss some deeper emotional nuances.",3
"Facet: Character strength: Social Intelligence; Definition: Social intelligence is the capacity to understand and manage social interactions, perceive and interpret the emotions, intentions, and motivations of others, and respond effectively in diverse social contexts to build and maintain positive relationships. It encompasses social awareness, empathy, and practical social skills.; Rubric: 1: Unaware/Awkward | 2: Limited/Struggles | 3: Adequate/Functional | 4: Perceptive/Skilled | 5: Exceptional/Masterful","During the difficult negotiation, Emily skillfully defused tension by acknowledging both parties' concerns and suggesting a compromise that addressed underlying needs.",4
"Facet: Character strength: Social Intelligence; Definition: Social intelligence is the capacity to understand and manage social interactions, perceive and interpret the emotions, intentions, and motivations of others, and respond effectively in diverse social contexts to build and maintain positive relationships. It encompasses social awareness, empathy, and practical social skills.; Rubric: 1: Unaware/Awkward | 2: Limited/Struggles | 3: Adequate/Functional | 4: Perceptive/Skilled | 5: Exceptional/Masterful","Even in completely new cultural settings, David quickly adapts, effortlessly connects with diverse groups, and seems to intuitively understand unspoken rules and dynamics, making everyone feel at ease.",5
"Facet: Bravery; Definition: The willingness and ability to confront danger, pain, adversity, or uncertainty despite experiencing fear or apprehension, often in pursuit of a noble goal or principle.; Rubric: 1: Avoidant | 2: Hesitant | 3: Confronting | 4: Steadfast | 5: Fearless","Honestly, I'd rather just stay out of any situation that feels even a little bit risky.",1
"Facet: Bravery; Definition: The willingness and ability to confront danger, pain, adversity, or uncertainty despite experiencing fear or apprehension, often in pursuit of a noble goal or principle.; Rubric: 1: Avoidant | 2: Hesitant | 3: Confronting | 4: Steadfast | 5: Fearless","I'll do it if there's absolutely no other choice, but I'll be pretty anxious about it.",2
"Facet: Bravery; Definition: The willingness and ability to confront danger, pain, adversity, or uncertainty despite experiencing fear or apprehension, often in pursuit of a noble goal or principle.; Rubric: 1: Avoidant | 2: Hesitant | 3: Confronting | 4: Steadfast | 5: Fearless","It was a bit scary, but I knew I had to speak up, so I took a deep breath and said what needed to be said.",3
"Facet: Bravery; Definition: The willingness and ability to confront danger, pain, adversity, or uncertainty despite experiencing fear or apprehension, often in pursuit of a noble goal or principle.; Rubric: 1: Avoidant | 2: Hesitant | 3: Confronting | 4: Steadfast | 5: Fearless","Even though I was nervous, I kept my composure and led the team through the crisis.",4
"Facet: Bravery; Definition: The willingness and ability to confront danger, pain, adversity, or uncertainty despite experiencing fear or apprehension, often in pursuit of a noble goal or principle.; Rubric: 1: Avoidant | 2: Hesitant | 3: Confronting | 4: Steadfast | 5: Fearless","Without a second thought, she ran into the burning building to make sure everyone was out.",5
"Facet: Childhood Experiences; Definition: The sum total of an individual's interactions, events, and environments during their formative years (typically birth to adolescence), which significantly shape their development, personality, coping mechanisms, and worldview. This includes familial relationships, social interactions, educational settings, cultural influences, and any significant positive or negative events.; Rubric: 1: Traumatic/Adverse | 2: Challenging/Unstable | 3: Mixed/Typical | 4: Supportive/Positive | 5: Nurturing/Ideal","Honestly, my childhood was pretty rough; there was a lot of instability and things I'd rather not remember.",1
"Facet: Childhood Experiences; Definition: The sum total of an individual's interactions, events, and environments during their formative years (typically birth to adolescence), which significantly shape their development, personality, coping mechanisms, and worldview. This includes familial relationships, social interactions, educational settings, cultural influences, and any significant positive or negative events.; Rubric: 1: Traumatic/Adverse | 2: Challenging/Unstable | 3: Mixed/Typical | 4: Supportive/Positive | 5: Nurturing/Ideal","We moved around a lot, and things were often tight financially, so it felt like I had to grow up pretty fast.",2
"Facet: Childhood Experiences; Definition: The sum total of an individual's interactions, events, and environments during their formative years (typically birth to adolescence), which significantly shape their development, personality, coping mechanisms, and worldview. This includes familial relationships, social interactions, educational settings, cultural influences, and any significant positive or negative events.; Rubric: 1: Traumatic/Adverse | 2: Challenging/Unstable | 3: Mixed/Typical | 4: Supportive/Positive | 5: Nurturing/Ideal","It was a pretty normal childhood, you know, some good times, some tough times, nothing too out of the ordinary.",3
"Facet: Childhood Experiences; Definition: The sum total of an individual's interactions, events, and environments during their formative years (typically birth to adolescence), which significantly shape their development, personality, coping mechanisms, and worldview. This includes familial relationships, social interactions, educational settings, cultural influences, and any significant positive or negative events.; Rubric: 1: Traumatic/Adverse | 2: Challenging/Unstable | 3: Mixed/Typical | 4: Supportive/Positive | 5: Nurturing/Ideal",I had a really good upbringing; my parents were always there for me and encouraged my interests.,4
"Facet: Childhood Experiences; Definition: The sum total of an individual's interactions, events, and environments during their formative years (typically birth to adolescence), which significantly shape their development, personality, coping mechanisms, and worldview. This includes familial relationships, social interactions, educational settings, cultural influences, and any significant positive or negative events.; Rubric: 1: Traumatic/Adverse | 2: Challenging/Unstable | 3: Mixed/Typical | 4: Supportive/Positive | 5: Nurturing/Ideal","Looking back, my childhood was incredibly nurturing and filled with so much love and opportunity, I feel very lucky.",5
"Facet: Data-sharing consent level; Definition: The degree to which an individual explicitly agrees to allow their personal data to be collected, stored, processed, and shared with internal or external entities, reflecting their willingness to grant access under specific conditions or for various purposes.; Rubric: 1: No Sharing | 2: Limited Anonymized | 3: Conditional Specific | 4: Broad Purpose-Specific | 5: Full Openness","I definitely don't want my information shared with anyone, not even for internal research purposes.",1
"Facet: Data-sharing consent level; Definition: The degree to which an individual explicitly agrees to allow their personal data to be collected, stored, processed, and shared with internal or external entities, reflecting their willingness to grant access under specific conditions or for various purposes.; Rubric: 1: No Sharing | 2: Limited Anonymized | 3: Conditional Specific | 4: Broad Purpose-Specific | 5: Full Openness","You can use my data internally if it's completely anonymous and for improving your services, but please don't share it externally.",2
"Facet: Data-sharing consent level; Definition: The degree to which an individual explicitly agrees to allow their personal data to be collected, stored, processed, and shared with internal or external entities, reflecting their willingness to grant access under specific conditions or for various purposes.; Rubric: 1: No Sharing | 2: Limited Anonymized | 3: Conditional Specific | 4: Broad Purpose-Specific | 5: Full Openness","I'm okay with sharing my data, but only with your direct partners for the specific service I signed up for, and nothing else.",3
"Facet: Data-sharing consent level; Definition: The degree to which an individual explicitly agrees to allow their personal data to be collected, stored, processed, and shared with internal or external entities, reflecting their willingness to grant access under specific conditions or for various purposes.; Rubric: 1: No Sharing | 2: Limited Anonymized | 3: Conditional Specific | 4: Broad Purpose-Specific | 5: Full Openness","You can share my information with trusted third parties to help personalize my experience and improve product development, as long as it's relevant to this platform.",4
"Facet: Data-sharing consent level; Definition: The degree to which an individual explicitly agrees to allow their personal data to be collected, stored, processed, and shared with internal or external entities, reflecting their willingness to grant access under specific conditions or for various purposes.; Rubric: 1: No Sharing | 2: Limited Anonymized | 3: Conditional Specific | 4: Broad Purpose-Specific | 5: Full Openness",I'm fine with my data being shared broadly across your network and with third-party partners to develop new features and offer me more relevant recommendations.,5
"Facet: Vision-check frequency; Definition: Vision-check frequency refers to the regularity with which an individual undergoes professional eye examinations to assess ocular health and visual acuity, typically reflecting a proactive or reactive approach to eye care.; Rubric: 1: Never/Reactive | 2: Seldom/Symptom-driven | 3: Sporadic/Infrequent | 4: Regular/Recommended | 5: Annual/Proactive",I honestly can't remember the last time I had my eyes checked; I only go if I absolutely can't see anymore.,1
"Facet: Vision-check frequency; Definition: Vision-check frequency refers to the regularity with which an individual undergoes professional eye examinations to assess ocular health and visual acuity, typically reflecting a proactive or reactive approach to eye care.; Rubric: 1: Never/Reactive | 2: Seldom/Symptom-driven | 3: Sporadic/Infrequent | 4: Regular/Recommended | 5: Annual/Proactive",I usually only make an eye appointment if I start getting really bad headaches or my vision blurs a lot.,2
"Facet: Vision-check frequency; Definition: Vision-check frequency refers to the regularity with which an individual undergoes professional eye examinations to assess ocular health and visual acuity, typically reflecting a proactive or reactive approach to eye care.; Rubric: 1: Never/Reactive | 2: Seldom/Symptom-driven | 3: Sporadic/Infrequent | 4: Regular/Recommended | 5: Annual/Proactive","I try to get my eyes checked every few years, but I'm not super consistent about it.",3
"Facet: Vision-check frequency; Definition: Vision-check frequency refers to the regularity with which an individual undergoes professional eye examinations to assess ocular health and visual acuity, typically reflecting a proactive or reactive approach to eye care.; Rubric: 1: Never/Reactive | 2: Seldom/Symptom-driven | 3: Sporadic/Infrequent | 4: Regular/Recommended | 5: Annual/Proactive",I generally follow my eye doctor's recommendation and get my vision checked every two years.,4
"Facet: Vision-check frequency; Definition: Vision-check frequency refers to the regularity with which an individual undergoes professional eye examinations to assess ocular health and visual acuity, typically reflecting a proactive or reactive approach to eye care.; Rubric: 1: Never/Reactive | 2: Seldom/Symptom-driven | 3: Sporadic/Infrequent | 4: Regular/Recommended | 5: Annual/Proactive","I always schedule my annual eye exam without fail, even if I feel my vision is perfectly fine.",5
"Facet: Physical-violence exposure; Definition: Physical-violence exposure refers to the direct or indirect experience of physical aggression, harm, or threat, ranging from witnessing acts of violence to being a direct victim of physical assault. This includes exposure to domestic violence, community violence, bullying, or other forms of interpersonal physical aggression.; Rubric: 1: None/Minimal | 2: Indirect/Vicarious | 3: Occasional/Minor Direct | 4: Frequent/Moderate Direct | 5: Chronic/Severe Direct","I've been fortunate enough never to have seen any real physical violence in my life, not even a serious fight.",1
"Facet: Physical-violence exposure; Definition: Physical-violence exposure refers to the direct or indirect experience of physical aggression, harm, or threat, ranging from witnessing acts of violence to being a direct victim of physical assault. This includes exposure to domestic violence, community violence, bullying, or other forms of interpersonal physical aggression.; Rubric: 1: None/Minimal | 2: Indirect/Vicarious | 3: Occasional/Minor Direct | 4: Frequent/Moderate Direct | 5: Chronic/Severe Direct","I once saw a minor scuffle break out at a concert, but it was quickly diffused, and I've heard stories about fights from friends.",2
"Facet: Physical-violence exposure; Definition: Physical-violence exposure refers to the direct or indirect experience of physical aggression, harm, or threat, ranging from witnessing acts of violence to being a direct victim of physical assault. This includes exposure to domestic violence, community violence, bullying, or other forms of interpersonal physical aggression.; Rubric: 1: None/Minimal | 2: Indirect/Vicarious | 3: Occasional/Minor Direct | 4: Frequent/Moderate Direct | 5: Chronic/Severe Direct","Growing up, I occasionally saw arguments escalate into pushing and shoving among peers, and I've been lightly shoved a couple of times myself.",3
"Facet: Physical-violence exposure; Definition: Physical-violence exposure refers to the direct or indirect experience of physical aggression, harm, or threat, ranging from witnessing acts of violence to being a direct victim of physical assault. This includes exposure to domestic violence, community violence, bullying, or other forms of interpersonal physical aggression.; Rubric: 1: None/Minimal | 2: Indirect/Vicarious | 3: Occasional/Minor Direct | 4: Frequent/Moderate Direct | 5: Chronic/Severe Direct","In my old neighborhood, it wasn't uncommon to witness street fights, and I've been in a few physical altercations where I had to defend myself.",4
"Facet: Physical-violence exposure; Definition: Physical-violence exposure refers to the direct or indirect experience of physical aggression, harm, or threat, ranging from witnessing acts of violence to being a direct victim of physical assault. This includes exposure to domestic violence, community violence, bullying, or other forms of interpersonal physical aggression.; Rubric: 1: None/Minimal | 2: Indirect/Vicarious | 3: Occasional/Minor Direct | 4: Frequent/Moderate Direct | 5: Chronic/Severe Direct","I grew up in a very volatile home environment where physical assaults were a regular occurrence, and I experienced significant physical harm multiple times.",5
"Facet: Macronutrient ratio: fat; Definition: The proportion of total caloric intake that is derived from dietary fats (including saturated, monounsaturated, and polyunsaturated fats). This facet examines the percentage of an individual's daily calories that come from fat sources relative to carbohydrates and protein, reflecting their overall dietary pattern.; Rubric: 1: Extremely Low | 2: Below Target | 3: Balanced | 4: Elevated | 5: Excessive","I'm trying to cut out almost all fat; my diet is mainly lean protein and vegetables, so my fat intake is minimal.",1
"Facet: Macronutrient ratio: fat; Definition: The proportion of total caloric intake that is derived from dietary fats (including saturated, monounsaturated, and polyunsaturated fats). This facet examines the percentage of an individual's daily calories that come from fat sources relative to carbohydrates and protein, reflecting their overall dietary pattern.; Rubric: 1: Extremely Low | 2: Below Target | 3: Balanced | 4: Elevated | 5: Excessive","I try to keep my fat intake pretty low, mostly sticking to whole grains and fruits, and avoiding most oils.",2
"Facet: Macronutrient ratio: fat; Definition: The proportion of total caloric intake that is derived from dietary fats (including saturated, monounsaturated, and polyunsaturated fats). This facet examines the percentage of an individual's daily calories that come from fat sources relative to carbohydrates and protein, reflecting their overall dietary pattern.; Rubric: 1: Extremely Low | 2: Below Target | 3: Balanced | 4: Elevated | 5: Excessive","I aim for a balanced diet, so I include healthy fats like avocado and nuts in moderation, making sure my fat ratio is about right.",3
"Facet: Macronutrient ratio: fat; Definition: The proportion of total caloric intake that is derived from dietary fats (including saturated, monounsaturated, and polyunsaturated fats). This facet examines the percentage of an individual's daily calories that come from fat sources relative to carbohydrates and protein, reflecting their overall dietary pattern.; Rubric: 1: Extremely Low | 2: Below Target | 3: Balanced | 4: Elevated | 5: Excessive","Lately, I've been eating a lot of fatty foods like cheese and fried snacks, so my fat intake is probably a bit high.",4
"Facet: Macronutrient ratio: fat; Definition: The proportion of total caloric intake that is derived from dietary fats (including saturated, monounsaturated, and polyunsaturated fats). This facet examines the percentage of an individual's daily calories that come from fat sources relative to carbohydrates and protein, reflecting their overall dietary pattern.; Rubric: 1: Extremely Low | 2: Below Target | 3: Balanced | 4: Elevated | 5: Excessive","My diet is practically all keto, so I'm eating tons of butter, oils, and fatty meats to stay in ketosis, which makes my fat ratio extremely high.",5
"Facet: Cooking and Culinary Arts; Definition: Cooking and Culinary Arts refers to the knowledge, skills, and creativity involved in preparing, cooking, and presenting food. It encompasses understanding ingredients, mastering various cooking techniques, developing flavor profiles, and often includes an appreciation for the cultural and social dimensions of food preparation and consumption.; Rubric: 1: Basic Survival | 2: Simple Meals | 3: Competent Home | 4: Creative Enthusiast | 5: Masterful Artisan","Honestly, I can barely boil an egg without burning it; most of my meals come from a microwave or a delivery app.",1
"Facet: Cooking and Culinary Arts; Definition: Cooking and Culinary Arts refers to the knowledge, skills, and creativity involved in preparing, cooking, and presenting food. It encompasses understanding ingredients, mastering various cooking techniques, developing flavor profiles, and often includes an appreciation for the cultural and social dimensions of food preparation and consumption.; Rubric: 1: Basic Survival | 2: Simple Meals | 3: Competent Home | 4: Creative Enthusiast | 5: Masterful Artisan","I can handle basic recipes like pasta or grilled cheese, but anything more complex usually ends up a bit off.",2
"Facet: Cooking and Culinary Arts; Definition: Cooking and Culinary Arts refers to the knowledge, skills, and creativity involved in preparing, cooking, and presenting food. It encompasses understanding ingredients, mastering various cooking techniques, developing flavor profiles, and often includes an appreciation for the cultural and social dimensions of food preparation and consumption.; Rubric: 1: Basic Survival | 2: Simple Meals | 3: Competent Home | 4: Creative Enthusiast | 5: Masterful Artisan","I enjoy cooking dinner most nights, trying out new recipes from cookbooks or online, and my family usually enjoys what I make.",3
"Facet: Cooking and Culinary Arts; Definition: Cooking and Culinary Arts refers to the knowledge, skills, and creativity involved in preparing, cooking, and presenting food. It encompasses understanding ingredients, mastering various cooking techniques, developing flavor profiles, and often includes an appreciation for the cultural and social dimensions of food preparation and consumption.; Rubric: 1: Basic Survival | 2: Simple Meals | 3: Competent Home | 4: Creative Enthusiast | 5: Masterful Artisan","I love experimenting with different cuisines and ingredients, often improvising with what I have and creating really satisfying, unique dishes for friends.",4
"Facet: Cooking and Culinary Arts; Definition: Cooking and Culinary Arts refers to the knowledge, skills, and creativity involved in preparing, cooking, and presenting food. It encompasses understanding ingredients, mastering various cooking techniques, developing flavor profiles, and often includes an appreciation for the cultural and social dimensions of food preparation and consumption.; Rubric: 1: Basic Survival | 2: Simple Meals | 3: Competent Home | 4: Creative Enthusiast | 5: Masterful Artisan","When I cook, it's a whole experience; I meticulously plan menus, source special ingredients, and present each dish like a work of art, often getting requests for my signature creations.",5
"Facet: Language use; Definition: Language use refers to the way individuals employ linguistic systems (words, grammar, syntax, and discourse) to communicate thoughts, feelings, and information, and to interact with others. It encompasses aspects such as vocabulary, clarity, complexity, appropriateness to context, and the ability to convey meaning effectively.; Rubric: 1: Basic, Limited | 2: Functional, Simple | 3: Clear, Standard | 4: Expressive, Nuanced | 5: Proficient, Sophisticated",Shop... me... need... bread.,1
"Facet: Language use; Definition: Language use refers to the way individuals employ linguistic systems (words, grammar, syntax, and discourse) to communicate thoughts, feelings, and information, and to interact with others. It encompasses aspects such as vocabulary, clarity, complexity, appropriateness to context, and the ability to convey meaning effectively.; Rubric: 1: Basic, Limited | 2: Functional, Simple | 3: Clear, Standard | 4: Expressive, Nuanced | 5: Proficient, Sophisticated",I need to go to the shop to buy some bread and milk for breakfast.,2
"Facet: Language use; Definition: Language use refers to the way individuals employ linguistic systems (words, grammar, syntax, and discourse) to communicate thoughts, feelings, and information, and to interact with others. It encompasses aspects such as vocabulary, clarity, complexity, appropriateness to context, and the ability to convey meaning effectively.; Rubric: 1: Basic, Limited | 2: Functional, Simple | 3: Clear, Standard | 4: Expressive, Nuanced | 5: Proficient, Sophisticated","I'm heading to the grocery store later to pick up some essentials like bread, milk, and maybe some fruit.",3
"Facet: Language use; Definition: Language use refers to the way individuals employ linguistic systems (words, grammar, syntax, and discourse) to communicate thoughts, feelings, and information, and to interact with others. It encompasses aspects such as vocabulary, clarity, complexity, appropriateness to context, and the ability to convey meaning effectively.; Rubric: 1: Basic, Limited | 2: Functional, Simple | 3: Clear, Standard | 4: Expressive, Nuanced | 5: Proficient, Sophisticated","I'll be making a quick run to the supermarket after work to replenish our stock of staples – you know, the usual bread, milk, and some fresh produce.",4
"Facet: Language use; Definition: Language use refers to the way individuals employ linguistic systems (words, grammar, syntax, and discourse) to communicate thoughts, feelings, and information, and to interact with others. It encompasses aspects such as vocabulary, clarity, complexity, appropriateness to context, and the ability to convey meaning effectively.; Rubric: 1: Basic, Limited | 2: Functional, Simple | 3: Clear, Standard | 4: Expressive, Nuanced | 5: Proficient, Sophisticated","I plan to make a brief excursion to the local provisions merchant this afternoon, primarily to acquire sundry necessities such as artisanal bread, organic milk, and a selection of seasonal fruits.",5
"Facet: Dance-style mastery diversity; Definition: The extent to which an individual demonstrates proficient to expert-level skill across a wide variety of distinct dance styles, reflecting both breadth of knowledge and depth of execution in each genre.; Rubric: 1: Single, basic | 2: Few, emerging | 3: Several, competent | 4: Many, proficient | 5: Wide, masterful",She really only knows the basic steps for one kind of line dance; anything else is completely new to her.,1
"Facet: Dance-style mastery diversity; Definition: The extent to which an individual demonstrates proficient to expert-level skill across a wide variety of distinct dance styles, reflecting both breadth of knowledge and depth of execution in each genre.; Rubric: 1: Single, basic | 2: Few, emerging | 3: Several, competent | 4: Many, proficient | 5: Wide, masterful","He's started taking a couple of different classes, like hip-hop and salsa, but he's still just getting comfortable with the foundational moves in each.",2
"Facet: Dance-style mastery diversity; Definition: The extent to which an individual demonstrates proficient to expert-level skill across a wide variety of distinct dance styles, reflecting both breadth of knowledge and depth of execution in each genre.; Rubric: 1: Single, basic | 2: Few, emerging | 3: Several, competent | 4: Many, proficient | 5: Wide, masterful","You can tell she's comfortable in a few different settings; she can confidently pick up the steps for contemporary, jazz, and even a bit of ballroom.",3
"Facet: Dance-style mastery diversity; Definition: The extent to which an individual demonstrates proficient to expert-level skill across a wide variety of distinct dance styles, reflecting both breadth of knowledge and depth of execution in each genre.; Rubric: 1: Single, basic | 2: Few, emerging | 3: Several, competent | 4: Many, proficient | 5: Wide, masterful","That dancer is impressive; they're not just good at ballet, but also really strong in modern, tap, and various street styles, performing each with genuine skill.",4
"Facet: Dance-style mastery diversity; Definition: The extent to which an individual demonstrates proficient to expert-level skill across a wide variety of distinct dance styles, reflecting both breadth of knowledge and depth of execution in each genre.; Rubric: 1: Single, basic | 2: Few, emerging | 3: Several, competent | 4: Many, proficient | 5: Wide, masterful","It's incredible how he can seamlessly switch from an intricate classical Indian dance to a powerful breakdance routine, and then lead a complex tango, mastering the nuances of every single genre.",5
"Facet: Satya Adherence; Definition: Satya Adherence refers to the behavioral commitment to truthfulness, honesty, and sincerity in thought, word, and deed, often considering the ethical implications and impact of one's communication on others.; Rubric: 1: Deceptive | 2: Evasive | 3: Factual | 4: Transparent | 5: Unflinchingly Truthful","Despite knowing the team missed the deadline, Mark told the client everything was on schedule and progressing perfectly.",1
"Facet: Satya Adherence; Definition: Satya Adherence refers to the behavioral commitment to truthfulness, honesty, and sincerity in thought, word, and deed, often considering the ethical implications and impact of one's communication on others.; Rubric: 1: Deceptive | 2: Evasive | 3: Factual | 4: Transparent | 5: Unflinchingly Truthful","When asked directly about the budget overrun, Sarah just said, 'We're constantly optimizing our resources' without giving a clear answer.",2
"Facet: Satya Adherence; Definition: Satya Adherence refers to the behavioral commitment to truthfulness, honesty, and sincerity in thought, word, and deed, often considering the ethical implications and impact of one's communication on others.; Rubric: 1: Deceptive | 2: Evasive | 3: Factual | 4: Transparent | 5: Unflinchingly Truthful","When I asked about the project's status, John simply stated, 'The report is due next Friday,' without elaborating on the challenges.",3
"Facet: Satya Adherence; Definition: Satya Adherence refers to the behavioral commitment to truthfulness, honesty, and sincerity in thought, word, and deed, often considering the ethical implications and impact of one's communication on others.; Rubric: 1: Deceptive | 2: Evasive | 3: Factual | 4: Transparent | 5: Unflinchingly Truthful","Even though it was a tough conversation, Maria openly shared the project's difficulties and the revised timeline with the stakeholders.",4
"Facet: Satya Adherence; Definition: Satya Adherence refers to the behavioral commitment to truthfulness, honesty, and sincerity in thought, word, and deed, often considering the ethical implications and impact of one's communication on others.; Rubric: 1: Deceptive | 2: Evasive | 3: Factual | 4: Transparent | 5: Unflinchingly Truthful","During the heated debate, David calmly presented the unpopular but necessary truth about the company's financial state, even knowing it would face resistance.",5
"Facet: Ethnocentrism; Definition: Ethnocentrism is the tendency to view one's own culture, ethnic group, or nation as superior to others, and to judge other cultures by the standards and values of one's own. It often involves a belief in the inherent correctness of one's own group's ways and a devaluation or misunderstanding of others.; Rubric: 1: Open-minded | 2: Appreciative | 3: Acknowledging | 4: Skeptical | 5: Superiority","I find it fascinating how different cultures approach family structures; there's no single 'right' way, just different perspectives.",1
"Facet: Ethnocentrism; Definition: Ethnocentrism is the tendency to view one's own culture, ethnic group, or nation as superior to others, and to judge other cultures by the standards and values of one's own. It often involves a belief in the inherent correctness of one's own group's ways and a devaluation or misunderstanding of others.; Rubric: 1: Open-minded | 2: Appreciative | 3: Acknowledging | 4: Skeptical | 5: Superiority","While our cuisine is great, I'm always eager to try new dishes from other countries and learn about their traditions.",2
"Facet: Ethnocentrism; Definition: Ethnocentrism is the tendency to view one's own culture, ethnic group, or nation as superior to others, and to judge other cultures by the standards and values of one's own. It often involves a belief in the inherent correctness of one's own group's ways and a devaluation or misunderstanding of others.; Rubric: 1: Open-minded | 2: Appreciative | 3: Acknowledging | 4: Skeptical | 5: Superiority","Our way of doing things is pretty efficient, but I understand why other countries have different systems, and they work for them.",3
"Facet: Ethnocentrism; Definition: Ethnocentrism is the tendency to view one's own culture, ethnic group, or nation as superior to others, and to judge other cultures by the standards and values of one's own. It often involves a belief in the inherent correctness of one's own group's ways and a devaluation or misunderstanding of others.; Rubric: 1: Open-minded | 2: Appreciative | 3: Acknowledging | 4: Skeptical | 5: Superiority",I'm not sure why they insist on doing things that way; it just seems less organized than how we handle it.,4
"Facet: Ethnocentrism; Definition: Ethnocentrism is the tendency to view one's own culture, ethnic group, or nation as superior to others, and to judge other cultures by the standards and values of one's own. It often involves a belief in the inherent correctness of one's own group's ways and a devaluation or misunderstanding of others.; Rubric: 1: Open-minded | 2: Appreciative | 3: Acknowledging | 4: Skeptical | 5: Superiority","Honestly, other countries could learn a lot from us; their systems are so backward compared to ours.",5
"Facet: Emotional Boundaries; Definition: Emotional boundaries are the invisible lines that differentiate one's own feelings, needs, and responsibilities from those of others, enabling individuals to protect their emotional well-being, manage the impact of external emotions, and maintain a distinct sense of self.; Rubric: 1: Permeable/Enmeshed | 2: Porous/Reactive | 3: Developing/Inconsistent | 4: Clear/Assertive | 5: Defined/Resilient","I always end up feeling exactly what my friends feel, and it's exhausting; I just can't separate my emotions from theirs.",1
"Facet: Emotional Boundaries; Definition: Emotional boundaries are the invisible lines that differentiate one's own feelings, needs, and responsibilities from those of others, enabling individuals to protect their emotional well-being, manage the impact of external emotions, and maintain a distinct sense of self.; Rubric: 1: Permeable/Enmeshed | 2: Porous/Reactive | 3: Developing/Inconsistent | 4: Clear/Assertive | 5: Defined/Resilient","When my colleague is stressed, I find myself taking on their anxiety, even though I know it's not my problem to solve.",2
"Facet: Emotional Boundaries; Definition: Emotional boundaries are the invisible lines that differentiate one's own feelings, needs, and responsibilities from those of others, enabling individuals to protect their emotional well-being, manage the impact of external emotions, and maintain a distinct sense of self.; Rubric: 1: Permeable/Enmeshed | 2: Porous/Reactive | 3: Developing/Inconsistent | 4: Clear/Assertive | 5: Defined/Resilient","Sometimes I'm pretty good at not letting other people's moods get to me, but then other times I totally forget and get swept up.",3
"Facet: Emotional Boundaries; Definition: Emotional boundaries are the invisible lines that differentiate one's own feelings, needs, and responsibilities from those of others, enabling individuals to protect their emotional well-being, manage the impact of external emotions, and maintain a distinct sense of self.; Rubric: 1: Permeable/Enmeshed | 2: Porous/Reactive | 3: Developing/Inconsistent | 4: Clear/Assertive | 5: Defined/Resilient","I've learned to say things like, 'I hear you're upset, and I'm here to listen, but I can't take responsibility for your feelings.'",4
"Facet: Emotional Boundaries; Definition: Emotional boundaries are the invisible lines that differentiate one's own feelings, needs, and responsibilities from those of others, enabling individuals to protect their emotional well-being, manage the impact of external emotions, and maintain a distinct sense of self.; Rubric: 1: Permeable/Enmeshed | 2: Porous/Reactive | 3: Developing/Inconsistent | 4: Clear/Assertive | 5: Defined/Resilient","Even when difficult situations arise, I consistently maintain my emotional composure and gently redirect conversations that cross into my personal space.",5
"Facet: Creativity in solutions; Definition: Creativity in solutions refers to the ability to generate novel, effective, and often non-obvious approaches or answers to problems or challenges. It encompasses divergent thinking, imaginative ideation, and the capacity to synthesize disparate ideas into unique resolutions.; Rubric: 1: Conventional | 2: Standard | 3: Adaptable | 4: Innovative | 5: Ingenious","When asked for a solution to the budget issue, she just suggested cutting the usual expenses, which didn't offer anything new.",1
"Facet: Creativity in solutions; Definition: Creativity in solutions refers to the ability to generate novel, effective, and often non-obvious approaches or answers to problems or challenges. It encompasses divergent thinking, imaginative ideation, and the capacity to synthesize disparate ideas into unique resolutions.; Rubric: 1: Conventional | 2: Standard | 3: Adaptable | 4: Innovative | 5: Ingenious",His proposal for improving workflow was standard; it followed all the typical process improvements but lacked a unique angle.,2
"Facet: Creativity in solutions; Definition: Creativity in solutions refers to the ability to generate novel, effective, and often non-obvious approaches or answers to problems or challenges. It encompasses divergent thinking, imaginative ideation, and the capacity to synthesize disparate ideas into unique resolutions.; Rubric: 1: Conventional | 2: Standard | 3: Adaptable | 4: Innovative | 5: Ingenious","They took an existing software feature and adapted it quite effectively to solve our specific customer support bottleneck, which was functional.",3
"Facet: Creativity in solutions; Definition: Creativity in solutions refers to the ability to generate novel, effective, and often non-obvious approaches or answers to problems or challenges. It encompasses divergent thinking, imaginative ideation, and the capacity to synthesize disparate ideas into unique resolutions.; Rubric: 1: Conventional | 2: Standard | 3: Adaptable | 4: Innovative | 5: Ingenious",I was really impressed with her idea to cross-train two different teams to handle peak season demand; it was a fresh and resourceful approach.,4
"Facet: Creativity in solutions; Definition: Creativity in solutions refers to the ability to generate novel, effective, and often non-obvious approaches or answers to problems or challenges. It encompasses divergent thinking, imaginative ideation, and the capacity to synthesize disparate ideas into unique resolutions.; Rubric: 1: Conventional | 2: Standard | 3: Adaptable | 4: Innovative | 5: Ingenious",The way he completely re-imagined the entire delivery logistics not only fixed our delays but also reduced costs by 30% – truly an ingenious breakthrough.,5
"Facet: Psychological construct: Hope scale; Definition: Hope, in a psychological context, is a cognitive process characterized by an individual's perceived capacity to clearly conceptualize goals (pathways thinking) and to energize themselves to move toward those goals (agency thinking). It is not merely an emotion, but a goal-directed thinking process involving both the 'willpower' to pursue goals and the 'waypower' to find routes to achieve them.; Rubric: 1: Despairing | 2: Low Efficacy | 3: Ambivalent | 4: Goal-Oriented | 5: Resilient/Optimistic","I don't see any point in trying; nothing ever works out for me, and I can't imagine a way forward.",1
"Facet: Psychological construct: Hope scale; Definition: Hope, in a psychological context, is a cognitive process characterized by an individual's perceived capacity to clearly conceptualize goals (pathways thinking) and to energize themselves to move toward those goals (agency thinking). It is not merely an emotion, but a goal-directed thinking process involving both the 'willpower' to pursue goals and the 'waypower' to find routes to achieve them.; Rubric: 1: Despairing | 2: Low Efficacy | 3: Ambivalent | 4: Goal-Oriented | 5: Resilient/Optimistic","I wish things would get better, but I'm not sure I have what it takes to make a real difference, and the path seems unclear.",2
"Facet: Psychological construct: Hope scale; Definition: Hope, in a psychological context, is a cognitive process characterized by an individual's perceived capacity to clearly conceptualize goals (pathways thinking) and to energize themselves to move toward those goals (agency thinking). It is not merely an emotion, but a goal-directed thinking process involving both the 'willpower' to pursue goals and the 'waypower' to find routes to achieve them.; Rubric: 1: Despairing | 2: Low Efficacy | 3: Ambivalent | 4: Goal-Oriented | 5: Resilient/Optimistic","I have some ideas about what I want to achieve, and I'm trying to stay positive, but I'm not entirely confident I'll succeed.",3
"Facet: Psychological construct: Hope scale; Definition: Hope, in a psychological context, is a cognitive process characterized by an individual's perceived capacity to clearly conceptualize goals (pathways thinking) and to energize themselves to move toward those goals (agency thinking). It is not merely an emotion, but a goal-directed thinking process involving both the 'willpower' to pursue goals and the 'waypower' to find routes to achieve them.; Rubric: 1: Despairing | 2: Low Efficacy | 3: Ambivalent | 4: Goal-Oriented | 5: Resilient/Optimistic","I'm confident I can find a way to reach my objective, and I'm actively working on the steps needed to get there.",4
"Facet: Psychological construct: Hope scale; Definition: Hope, in a psychological context, is a cognitive process characterized by an individual's perceived capacity to clearly conceptualize goals (pathways thinking) and to energize themselves to move toward those goals (agency thinking). It is not merely an emotion, but a goal-directed thinking process involving both the 'willpower' to pursue goals and the 'waypower' to find routes to achieve them.; Rubric: 1: Despairing | 2: Low Efficacy | 3: Ambivalent | 4: Goal-Oriented | 5: Resilient/Optimistic","No matter the obstacles, I know I will find a solution and achieve my goals; I have a clear vision and the unwavering drive to make it happen.",5
"Facet: Practice frequency: Walking meditation; Definition: Practice frequency: Walking meditation refers to how often an individual engages in the mindful practice of walking, deliberately paying attention to the physical sensations of movement, the breath, and the surrounding environment, without a specific destination or goal other than present moment awareness.; Rubric: 1: Never/Rarely | 2: Infrequent | 3: Occasional | 4: Regular | 5: Daily/Consistent","I've heard of walking meditation, but I've never actually tried it, or maybe just once for a minute or two.",1
"Facet: Practice frequency: Walking meditation; Definition: Practice frequency: Walking meditation refers to how often an individual engages in the mindful practice of walking, deliberately paying attention to the physical sensations of movement, the breath, and the surrounding environment, without a specific destination or goal other than present moment awareness.; Rubric: 1: Never/Rarely | 2: Infrequent | 3: Occasional | 4: Regular | 5: Daily/Consistent","I try to do walking meditation sometimes, perhaps once or twice a month when I remember, but it's not a consistent part of my routine.",2
"Facet: Practice frequency: Walking meditation; Definition: Practice frequency: Walking meditation refers to how often an individual engages in the mindful practice of walking, deliberately paying attention to the physical sensations of movement, the breath, and the surrounding environment, without a specific destination or goal other than present moment awareness.; Rubric: 1: Never/Rarely | 2: Infrequent | 3: Occasional | 4: Regular | 5: Daily/Consistent","I usually incorporate walking meditation into my week a couple of times, especially if I'm feeling stressed, but the frequency can vary.",3
"Facet: Practice frequency: Walking meditation; Definition: Practice frequency: Walking meditation refers to how often an individual engages in the mindful practice of walking, deliberately paying attention to the physical sensations of movement, the breath, and the surrounding environment, without a specific destination or goal other than present moment awareness.; Rubric: 1: Never/Rarely | 2: Infrequent | 3: Occasional | 4: Regular | 5: Daily/Consistent","I make an effort to practice walking meditation several times a week, usually for about 15-20 minutes each session, as it really helps me clear my head.",4
"Facet: Practice frequency: Walking meditation; Definition: Practice frequency: Walking meditation refers to how often an individual engages in the mindful practice of walking, deliberately paying attention to the physical sensations of movement, the breath, and the surrounding environment, without a specific destination or goal other than present moment awareness.; Rubric: 1: Never/Rarely | 2: Infrequent | 3: Occasional | 4: Regular | 5: Daily/Consistent","Walking meditation is a non-negotiable part of my daily routine; I dedicate at least 30 minutes to it every morning, no matter what.",5
"Facet: Depression (DEP); Definition: Depression (DEP) is a mood disorder characterized by persistent sadness, loss of interest or pleasure (anhedonia), and a range of emotional, cognitive, and physical symptoms that significantly impair daily functioning.; Rubric: 1: Resilient | 2: Mild Low Mood | 3: Persistent Low Mood | 4: Significant Impairment | 5: Severe/Debilitating","Even when faced with challenges, I generally maintain a positive outlook and recover quickly from setbacks, enjoying my daily activities.",1
"Facet: Depression (DEP); Definition: Depression (DEP) is a mood disorder characterized by persistent sadness, loss of interest or pleasure (anhedonia), and a range of emotional, cognitive, and physical symptoms that significantly impair daily functioning.; Rubric: 1: Resilient | 2: Mild Low Mood | 3: Persistent Low Mood | 4: Significant Impairment | 5: Severe/Debilitating","I occasionally feel a bit down or unmotivated for a day or two, especially when stressed, but it doesn't usually affect my ability to function or engage with others.",2
"Facet: Depression (DEP); Definition: Depression (DEP) is a mood disorder characterized by persistent sadness, loss of interest or pleasure (anhedonia), and a range of emotional, cognitive, and physical symptoms that significantly impair daily functioning.; Rubric: 1: Resilient | 2: Mild Low Mood | 3: Persistent Low Mood | 4: Significant Impairment | 5: Severe/Debilitating","I've been feeling a persistent low mood and a noticeable lack of interest in things I used to enjoy most days, making it harder to get going, though I still manage my responsibilities.",3
"Facet: Depression (DEP); Definition: Depression (DEP) is a mood disorder characterized by persistent sadness, loss of interest or pleasure (anhedonia), and a range of emotional, cognitive, and physical symptoms that significantly impair daily functioning.; Rubric: 1: Resilient | 2: Mild Low Mood | 3: Persistent Low Mood | 4: Significant Impairment | 5: Severe/Debilitating","It's a real struggle to get out of bed and find motivation for anything; I've lost interest in almost all my hobbies, and it's significantly impacting my work and social life.",4
"Facet: Depression (DEP); Definition: Depression (DEP) is a mood disorder characterized by persistent sadness, loss of interest or pleasure (anhedonia), and a range of emotional, cognitive, and physical symptoms that significantly impair daily functioning.; Rubric: 1: Resilient | 2: Mild Low Mood | 3: Persistent Low Mood | 4: Significant Impairment | 5: Severe/Debilitating","I feel an overwhelming sense of hopelessness and despair constantly, finding it nearly impossible to function, eat, or sleep properly, and I've completely withdrawn from everyone and everything.",5
"Facet: Understanding Mathematical Concepts; Definition: The ability to grasp, interpret, and apply the fundamental principles, relationships, and logic inherent in mathematical ideas, extending beyond rote memorization to include problem-solving, conceptual integration, and the capacity to explain 'why' operations work.; Rubric: 1: Rote/Confused | 2: Guided/Fragile | 3: Functional/Basic | 4: Proficient/Applied | 5: Deep/Integrated","Honestly, when I see anything beyond simple addition, my mind just goes blank; I can do the steps if someone tells me, but I don't really get *why* it works.",1
"Facet: Understanding Mathematical Concepts; Definition: The ability to grasp, interpret, and apply the fundamental principles, relationships, and logic inherent in mathematical ideas, extending beyond rote memorization to include problem-solving, conceptual integration, and the capacity to explain 'why' operations work.; Rubric: 1: Rote/Confused | 2: Guided/Fragile | 3: Functional/Basic | 4: Proficient/Applied | 5: Deep/Integrated","I can usually work through a math problem if I have an example right in front of me, but if the numbers change or it's phrased differently, I get stuck pretty easily.",2
"Facet: Understanding Mathematical Concepts; Definition: The ability to grasp, interpret, and apply the fundamental principles, relationships, and logic inherent in mathematical ideas, extending beyond rote memorization to include problem-solving, conceptual integration, and the capacity to explain 'why' operations work.; Rubric: 1: Rote/Confused | 2: Guided/Fragile | 3: Functional/Basic | 4: Proficient/Applied | 5: Deep/Integrated","I can generally solve most of the problems in my textbook, and I understand the main ideas behind them, but I sometimes struggle to explain them clearly to someone else.",3
"Facet: Understanding Mathematical Concepts; Definition: The ability to grasp, interpret, and apply the fundamental principles, relationships, and logic inherent in mathematical ideas, extending beyond rote memorization to include problem-solving, conceptual integration, and the capacity to explain 'why' operations work.; Rubric: 1: Rote/Confused | 2: Guided/Fragile | 3: Functional/Basic | 4: Proficient/Applied | 5: Deep/Integrated",I feel pretty confident with most math topics; I can figure out how to apply what I've learned to new kinds of problems and can usually explain the underlying logic to others.,4
"Facet: Understanding Mathematical Concepts; Definition: The ability to grasp, interpret, and apply the fundamental principles, relationships, and logic inherent in mathematical ideas, extending beyond rote memorization to include problem-solving, conceptual integration, and the capacity to explain 'why' operations work.; Rubric: 1: Rote/Confused | 2: Guided/Fragile | 3: Functional/Basic | 4: Proficient/Applied | 5: Deep/Integrated","I don't just solve problems; I often see the bigger picture of how different mathematical concepts connect, and I enjoy breaking down complex ideas into simpler terms for my classmates.",5
"Facet: Hypomania (Ma); Definition: Hypomania is a milder form of mania, characterized by a persistently elevated, expansive, or irritable mood, and abnormally increased activity or energy, lasting at least four consecutive days. Symptoms include decreased need for sleep, increased talkativeness, racing thoughts, distractibility, increased goal-directed activity, and excessive involvement in pleasurable activities with high potential for painful consequences. Unlike full mania, it does not cause marked impairment in social or occupational functioning, necessitate hospitalization, or involve psychotic features.; Rubric: 1: Stable | 2: Lively | 3: Elevated | 4: Intense | 5: Disordered","I've been feeling pretty even-keeled lately, getting enough sleep and generally keeping a steady pace with my work and social life.",1
"Facet: Hypomania (Ma); Definition: Hypomania is a milder form of mania, characterized by a persistently elevated, expansive, or irritable mood, and abnormally increased activity or energy, lasting at least four consecutive days. Symptoms include decreased need for sleep, increased talkativeness, racing thoughts, distractibility, increased goal-directed activity, and excessive involvement in pleasurable activities with high potential for painful consequences. Unlike full mania, it does not cause marked impairment in social or occupational functioning, necessitate hospitalization, or involve psychotic features.; Rubric: 1: Stable | 2: Lively | 3: Elevated | 4: Intense | 5: Disordered","I've had a really productive week; I'm feeling quite energetic and optimistic, easily tackling tasks and enjoying social interactions more than usual.",2
"Facet: Hypomania (Ma); Definition: Hypomania is a milder form of mania, characterized by a persistently elevated, expansive, or irritable mood, and abnormally increased activity or energy, lasting at least four consecutive days. Symptoms include decreased need for sleep, increased talkativeness, racing thoughts, distractibility, increased goal-directed activity, and excessive involvement in pleasurable activities with high potential for painful consequences. Unlike full mania, it does not cause marked impairment in social or occupational functioning, necessitate hospitalization, or involve psychotic features.; Rubric: 1: Stable | 2: Lively | 3: Elevated | 4: Intense | 5: Disordered","Lately, I've been feeling incredibly 'on,' buzzing with ideas, only needing a few hours of sleep, and finding myself talking a mile a minute, though I'm still mostly getting things done.",3
"Facet: Hypomania (Ma); Definition: Hypomania is a milder form of mania, characterized by a persistently elevated, expansive, or irritable mood, and abnormally increased activity or energy, lasting at least four consecutive days. Symptoms include decreased need for sleep, increased talkativeness, racing thoughts, distractibility, increased goal-directed activity, and excessive involvement in pleasurable activities with high potential for painful consequences. Unlike full mania, it does not cause marked impairment in social or occupational functioning, necessitate hospitalization, or involve psychotic features.; Rubric: 1: Stable | 2: Lively | 3: Elevated | 4: Intense | 5: Disordered","My mind is racing with so many plans, I barely sleep, and I've been making some pretty quick decisions, like starting three new projects and buying a plane ticket on a whim, which is probably a bit much.",4
"Facet: Hypomania (Ma); Definition: Hypomania is a milder form of mania, characterized by a persistently elevated, expansive, or irritable mood, and abnormally increased activity or energy, lasting at least four consecutive days. Symptoms include decreased need for sleep, increased talkativeness, racing thoughts, distractibility, increased goal-directed activity, and excessive involvement in pleasurable activities with high potential for painful consequences. Unlike full mania, it does not cause marked impairment in social or occupational functioning, necessitate hospitalization, or involve psychotic features.; Rubric: 1: Stable | 2: Lively | 3: Elevated | 4: Intense | 5: Disordered","I haven't slept more than two hours a night for a week, my thoughts are jumping all over the place, and I just spent a huge chunk of my savings on a bizarre business venture, even though everyone around me says I'm acting erratically.",5
"Facet: Goal-Directed Behavior; Definition: Goal-directed behavior refers to actions that are deliberately chosen, planned, and executed with the intention of achieving a specific, desired future outcome, often involving conscious monitoring and adjustment.; Rubric: 1: Undirected | 2: Inconsistent | 3: Moderate | 4: Focused | 5: Strategic","I often find myself just doing whatever feels right at the moment, without really thinking about what I want to achieve long-term.",1
"Facet: Goal-Directed Behavior; Definition: Goal-directed behavior refers to actions that are deliberately chosen, planned, and executed with the intention of achieving a specific, desired future outcome, often involving conscious monitoring and adjustment.; Rubric: 1: Undirected | 2: Inconsistent | 3: Moderate | 4: Focused | 5: Strategic","I have a general idea of what I want to do, but I get sidetracked easily and often don't follow through on my initial plans.",2
"Facet: Goal-Directed Behavior; Definition: Goal-directed behavior refers to actions that are deliberately chosen, planned, and executed with the intention of achieving a specific, desired future outcome, often involving conscious monitoring and adjustment.; Rubric: 1: Undirected | 2: Inconsistent | 3: Moderate | 4: Focused | 5: Strategic","I usually set goals for myself, and while I make some progress, I sometimes struggle with staying motivated or adjusting when things don't go as planned.",3
"Facet: Goal-Directed Behavior; Definition: Goal-directed behavior refers to actions that are deliberately chosen, planned, and executed with the intention of achieving a specific, desired future outcome, often involving conscious monitoring and adjustment.; Rubric: 1: Undirected | 2: Inconsistent | 3: Moderate | 4: Focused | 5: Strategic","I'm pretty good at setting clear objectives, creating a plan to reach them, and consistently working towards them, even when obstacles arise.",4
"Facet: Goal-Directed Behavior; Definition: Goal-directed behavior refers to actions that are deliberately chosen, planned, and executed with the intention of achieving a specific, desired future outcome, often involving conscious monitoring and adjustment.; Rubric: 1: Undirected | 2: Inconsistent | 3: Moderate | 4: Focused | 5: Strategic","I meticulously plan out my long-term objectives, strategically prioritize tasks, and proactively adapt my approach to ensure I consistently achieve my most important goals.",5
"Facet: Depth of Emotional Connections; Definition: The extent to which an individual forms profound, meaningful, and resilient emotional bonds with others, characterized by mutual vulnerability, empathy, trust, and a shared understanding of inner experiences, rather than superficial interactions.; Rubric: 1: Superficial/Distant | 2: Casual/Limited | 3: Moderate/Developing | 4: Strong/Meaningful | 5: Profound/Integral","He rarely shares anything personal and tends to keep conversations light, avoiding anything that might lead to deeper emotional topics.",1
"Facet: Depth of Emotional Connections; Definition: The extent to which an individual forms profound, meaningful, and resilient emotional bonds with others, characterized by mutual vulnerability, empathy, trust, and a shared understanding of inner experiences, rather than superficial interactions.; Rubric: 1: Superficial/Distant | 2: Casual/Limited | 3: Moderate/Developing | 4: Strong/Meaningful | 5: Profound/Integral","While she enjoys spending time with friends, her discussions often stay on surface-level interests, and she's hesitant to open up about her true feelings.",2
"Facet: Depth of Emotional Connections; Definition: The extent to which an individual forms profound, meaningful, and resilient emotional bonds with others, characterized by mutual vulnerability, empathy, trust, and a shared understanding of inner experiences, rather than superficial interactions.; Rubric: 1: Superficial/Distant | 2: Casual/Limited | 3: Moderate/Developing | 4: Strong/Meaningful | 5: Profound/Integral","They've started to share more personal stories and offer support during tough times, indicating their friendship is moving beyond just casual acquaintances.",3
"Facet: Depth of Emotional Connections; Definition: The extent to which an individual forms profound, meaningful, and resilient emotional bonds with others, characterized by mutual vulnerability, empathy, trust, and a shared understanding of inner experiences, rather than superficial interactions.; Rubric: 1: Superficial/Distant | 2: Casual/Limited | 3: Moderate/Developing | 4: Strong/Meaningful | 5: Profound/Integral","I feel like I can tell her anything; we've been through a lot together, and there's a real sense of mutual understanding and trust between us.",4
"Facet: Depth of Emotional Connections; Definition: The extent to which an individual forms profound, meaningful, and resilient emotional bonds with others, characterized by mutual vulnerability, empathy, trust, and a shared understanding of inner experiences, rather than superficial interactions.; Rubric: 1: Superficial/Distant | 2: Casual/Limited | 3: Moderate/Developing | 4: Strong/Meaningful | 5: Profound/Integral","Our connection is almost telepathic; we anticipate each other's needs, share our deepest fears and joys without hesitation, and feel completely intertwined.",5
"Facet: Binding foundations index; Definition: The 'Binding foundations index' measures an individual's reliance on and importance placed upon moral foundations that emphasize group cohesion, loyalty to one's ingroup, respect for authority and hierarchy, and sanctity/purity. These 'binding' foundations are contrasted with 'individualizing' foundations (care/harm, fairness/reciprocity) within Moral Foundations Theory. A higher index score indicates a stronger preference for and adherence to moral values that prioritize the collective, group harmony, and established order over individual autonomy or universal principles.; Rubric: 1: Individual-focused | 2: Mild group preference | 3: Balanced | 4: Strong group focus | 5: Collective-priority","Honestly, I think everyone should just be allowed to do their own thing as long as they aren't hurting anyone else; traditions and hierarchies aren't really my concern.",1
"Facet: Binding foundations index; Definition: The 'Binding foundations index' measures an individual's reliance on and importance placed upon moral foundations that emphasize group cohesion, loyalty to one's ingroup, respect for authority and hierarchy, and sanctity/purity. These 'binding' foundations are contrasted with 'individualizing' foundations (care/harm, fairness/reciprocity) within Moral Foundations Theory. A higher index score indicates a stronger preference for and adherence to moral values that prioritize the collective, group harmony, and established order over individual autonomy or universal principles.; Rubric: 1: Individual-focused | 2: Mild group preference | 3: Balanced | 4: Strong group focus | 5: Collective-priority","While I appreciate the idea of community, I still believe personal freedom is paramount, though I do see the value in respecting some established norms.",2
"Facet: Binding foundations index; Definition: The 'Binding foundations index' measures an individual's reliance on and importance placed upon moral foundations that emphasize group cohesion, loyalty to one's ingroup, respect for authority and hierarchy, and sanctity/purity. These 'binding' foundations are contrasted with 'individualizing' foundations (care/harm, fairness/reciprocity) within Moral Foundations Theory. A higher index score indicates a stronger preference for and adherence to moral values that prioritize the collective, group harmony, and established order over individual autonomy or universal principles.; Rubric: 1: Individual-focused | 2: Mild group preference | 3: Balanced | 4: Strong group focus | 5: Collective-priority",I try to find a balance between individual rights and what's good for the community; both are important for a functioning society.,3
"Facet: Binding foundations index; Definition: The 'Binding foundations index' measures an individual's reliance on and importance placed upon moral foundations that emphasize group cohesion, loyalty to one's ingroup, respect for authority and hierarchy, and sanctity/purity. These 'binding' foundations are contrasted with 'individualizing' foundations (care/harm, fairness/reciprocity) within Moral Foundations Theory. A higher index score indicates a stronger preference for and adherence to moral values that prioritize the collective, group harmony, and established order over individual autonomy or universal principles.; Rubric: 1: Individual-focused | 2: Mild group preference | 3: Balanced | 4: Strong group focus | 5: Collective-priority",It's crucial that we uphold our traditions and respect our leaders; a strong community depends on everyone playing their part and showing loyalty.,4
"Facet: Binding foundations index; Definition: The 'Binding foundations index' measures an individual's reliance on and importance placed upon moral foundations that emphasize group cohesion, loyalty to one's ingroup, respect for authority and hierarchy, and sanctity/purity. These 'binding' foundations are contrasted with 'individualizing' foundations (care/harm, fairness/reciprocity) within Moral Foundations Theory. A higher index score indicates a stronger preference for and adherence to moral values that prioritize the collective, group harmony, and established order over individual autonomy or universal principles.; Rubric: 1: Individual-focused | 2: Mild group preference | 3: Balanced | 4: Strong group focus | 5: Collective-priority",The strength of our group and the sanctity of our shared values must always come before any single person's desires; loyalty and respect for authority are non-negotiable.,5
"Facet: Ego Dissolution Frequency; Definition: The frequency with which an individual experiences a temporary loss or blurring of their sense of separate self or personal identity, often accompanied by a feeling of interconnectedness with others or the universe. This can range from subtle shifts in perspective to profound, immersive states.; Rubric: 1: Never/Rarely | 2: Infrequent/Subtle | 3: Occasional/Moderate | 4: Frequent/Notable | 5: Very Frequent/Profound",I've never really felt like my sense of self completely melted away; I always know who I am.,1
"Facet: Ego Dissolution Frequency; Definition: The frequency with which an individual experiences a temporary loss or blurring of their sense of separate self or personal identity, often accompanied by a feeling of interconnectedness with others or the universe. This can range from subtle shifts in perspective to profound, immersive states.; Rubric: 1: Never/Rarely | 2: Infrequent/Subtle | 3: Occasional/Moderate | 4: Frequent/Notable | 5: Very Frequent/Profound","Sometimes, during deep meditation, I get a faint sense of being part of something larger, but it's not a common occurrence.",2
"Facet: Ego Dissolution Frequency; Definition: The frequency with which an individual experiences a temporary loss or blurring of their sense of separate self or personal identity, often accompanied by a feeling of interconnectedness with others or the universe. This can range from subtle shifts in perspective to profound, immersive states.; Rubric: 1: Never/Rarely | 2: Infrequent/Subtle | 3: Occasional/Moderate | 4: Frequent/Notable | 5: Very Frequent/Profound","Every now and then, especially after a powerful experience in nature or art, I'll feel a temporary blurring of my individual identity.",3
"Facet: Ego Dissolution Frequency; Definition: The frequency with which an individual experiences a temporary loss or blurring of their sense of separate self or personal identity, often accompanied by a feeling of interconnectedness with others or the universe. This can range from subtle shifts in perspective to profound, immersive states.; Rubric: 1: Never/Rarely | 2: Infrequent/Subtle | 3: Occasional/Moderate | 4: Frequent/Notable | 5: Very Frequent/Profound","It's quite common for me, often during intense creative flow or meaningful conversations, to lose track of 'me' and just feel connected.",4
"Facet: Ego Dissolution Frequency; Definition: The frequency with which an individual experiences a temporary loss or blurring of their sense of separate self or personal identity, often accompanied by a feeling of interconnectedness with others or the universe. This can range from subtle shifts in perspective to profound, immersive states.; Rubric: 1: Never/Rarely | 2: Infrequent/Subtle | 3: Occasional/Moderate | 4: Frequent/Notable | 5: Very Frequent/Profound","I regularly experience profound moments where my individual ego completely dissolves, leaving a powerful sense of unity and interconnectedness with everything.",5
"Facet: Activator: Turning thoughts into action; Definition: The ability and tendency to quickly and effectively translate ideas, intentions, and plans into concrete steps, initiation, and sustained action, rather than dwelling in thought or procrastination.; Rubric: 1: Stagnant | 2: Hesitant | 3: Initiates | 4: Proactive | 5: Drives","I've had this great business idea for years, but I just can't seem to get myself to actually start anything.",1
"Facet: Activator: Turning thoughts into action; Definition: The ability and tendency to quickly and effectively translate ideas, intentions, and plans into concrete steps, initiation, and sustained action, rather than dwelling in thought or procrastination.; Rubric: 1: Stagnant | 2: Hesitant | 3: Initiates | 4: Proactive | 5: Drives","I know I should start exercising, and I've thought about it, but I always find an excuse to put it off until tomorrow.",2
"Facet: Activator: Turning thoughts into action; Definition: The ability and tendency to quickly and effectively translate ideas, intentions, and plans into concrete steps, initiation, and sustained action, rather than dwelling in thought or procrastination.; Rubric: 1: Stagnant | 2: Hesitant | 3: Initiates | 4: Proactive | 5: Drives","After a lot of planning and a few delays, I finally started that online course I signed up for last month.",3
"Facet: Activator: Turning thoughts into action; Definition: The ability and tendency to quickly and effectively translate ideas, intentions, and plans into concrete steps, initiation, and sustained action, rather than dwelling in thought or procrastination.; Rubric: 1: Stagnant | 2: Hesitant | 3: Initiates | 4: Proactive | 5: Drives","As soon as I thought of improving our team's workflow, I immediately scheduled a meeting to discuss it and assign tasks.",4
"Facet: Activator: Turning thoughts into action; Definition: The ability and tendency to quickly and effectively translate ideas, intentions, and plans into concrete steps, initiation, and sustained action, rather than dwelling in thought or procrastination.; Rubric: 1: Stagnant | 2: Hesitant | 3: Initiates | 4: Proactive | 5: Drives","She doesn't just brainstorm; if she has an idea in the morning, she'll have already launched a prototype by the end of the day.",5
"Facet: Gnostic spiritual metric: Archon meditation frequency; Definition: The frequency with which an individual engages in meditative practices specifically aimed at discerning, understanding, or spiritually disengaging from perceived Archonic influences or the material world they are believed to control, within a Gnostic cosmological framework.; Rubric: 1: Absent | 2: Rare | 3: Sporadic | 4: Consistent | 5: Pervasive","Honestly, I've never really thought about meditating on Archons; my practice is more about inner peace.",1
"Facet: Gnostic spiritual metric: Archon meditation frequency; Definition: The frequency with which an individual engages in meditative practices specifically aimed at discerning, understanding, or spiritually disengaging from perceived Archonic influences or the material world they are believed to control, within a Gnostic cosmological framework.; Rubric: 1: Absent | 2: Rare | 3: Sporadic | 4: Consistent | 5: Pervasive","I might try an Archon-focused meditation if a specific Gnostic text inspires me, but it's pretty rare.",2
"Facet: Gnostic spiritual metric: Archon meditation frequency; Definition: The frequency with which an individual engages in meditative practices specifically aimed at discerning, understanding, or spiritually disengaging from perceived Archonic influences or the material world they are believed to control, within a Gnostic cosmological framework.; Rubric: 1: Absent | 2: Rare | 3: Sporadic | 4: Consistent | 5: Pervasive","Sometimes I'll dedicate a session to contemplating Archonic influences, especially if I feel a pull towards materialism, but it's not a regular thing.",3
"Facet: Gnostic spiritual metric: Archon meditation frequency; Definition: The frequency with which an individual engages in meditative practices specifically aimed at discerning, understanding, or spiritually disengaging from perceived Archonic influences or the material world they are believed to control, within a Gnostic cosmological framework.; Rubric: 1: Absent | 2: Rare | 3: Sporadic | 4: Consistent | 5: Pervasive",I make sure to incorporate Archon discernment into my meditation routine a few times a week; it helps me stay grounded in my Gnostic path.,4
"Facet: Gnostic spiritual metric: Archon meditation frequency; Definition: The frequency with which an individual engages in meditative practices specifically aimed at discerning, understanding, or spiritually disengaging from perceived Archonic influences or the material world they are believed to control, within a Gnostic cosmological framework.; Rubric: 1: Absent | 2: Rare | 3: Sporadic | 4: Consistent | 5: Pervasive",My Archon meditation is almost a daily practice; it's crucial for maintaining spiritual clarity and resisting the Demiurge's illusions.,5
"Facet: Exemplariness; Definition: Exemplariness is the quality of being a positive role model or a commendable example for others, demonstrating behaviors, attitudes, or achievements that are worthy of imitation or admiration. It involves consistently upholding high standards, embodying desired values, and inspiring others through one's conduct.; Rubric: 1: Unremarkable | 2: Adequate | 3: Reliable | 4: Influential | 5: Inspirational","Honestly, their actions rarely stand out, and nobody really looks to them for guidance.",1
"Facet: Exemplariness; Definition: Exemplariness is the quality of being a positive role model or a commendable example for others, demonstrating behaviors, attitudes, or achievements that are worthy of imitation or admiration. It involves consistently upholding high standards, embodying desired values, and inspiring others through one's conduct.; Rubric: 1: Unremarkable | 2: Adequate | 3: Reliable | 4: Influential | 5: Inspirational","They generally do what's expected, but I wouldn't say they're setting any new standards for the team.",2
"Facet: Exemplariness; Definition: Exemplariness is the quality of being a positive role model or a commendable example for others, demonstrating behaviors, attitudes, or achievements that are worthy of imitation or admiration. It involves consistently upholding high standards, embodying desired values, and inspiring others through one's conduct.; Rubric: 1: Unremarkable | 2: Adequate | 3: Reliable | 4: Influential | 5: Inspirational","You can always count on them to do things correctly; they're a solid, dependable example.",3
"Facet: Exemplariness; Definition: Exemplariness is the quality of being a positive role model or a commendable example for others, demonstrating behaviors, attitudes, or achievements that are worthy of imitation or admiration. It involves consistently upholding high standards, embodying desired values, and inspiring others through one's conduct.; Rubric: 1: Unremarkable | 2: Adequate | 3: Reliable | 4: Influential | 5: Inspirational",People definitely pay attention to how they handle situations and often try to emulate their approach.,4
"Facet: Exemplariness; Definition: Exemplariness is the quality of being a positive role model or a commendable example for others, demonstrating behaviors, attitudes, or achievements that are worthy of imitation or admiration. It involves consistently upholding high standards, embodying desired values, and inspiring others through one's conduct.; Rubric: 1: Unremarkable | 2: Adequate | 3: Reliable | 4: Influential | 5: Inspirational",Their dedication and integrity are truly inspiring; they're the gold standard everyone looks up to.,5
"Facet: Moral and Ethical Parameters; Definition: Moral and Ethical Parameters refer to the internalized principles, values, and judgments that guide an individual's behavior, decision-making, and interactions, determining what they perceive as right or wrong, fair or unfair, and just or unjust, often influencing their actions even in the absence of external oversight.; Rubric: 1: Self-serving | 2: Opportunistic | 3: Conventional | 4: Principled | 5: Unwavering","Honestly, I'll just do whatever benefits me most in this situation, regardless of how it affects others.",1
"Facet: Moral and Ethical Parameters; Definition: Moral and Ethical Parameters refer to the internalized principles, values, and judgments that guide an individual's behavior, decision-making, and interactions, determining what they perceive as right or wrong, fair or unfair, and just or unjust, often influencing their actions even in the absence of external oversight.; Rubric: 1: Self-serving | 2: Opportunistic | 3: Conventional | 4: Principled | 5: Unwavering","If there's a chance to cut corners and get ahead without getting caught, why not take it?",2
"Facet: Moral and Ethical Parameters; Definition: Moral and Ethical Parameters refer to the internalized principles, values, and judgments that guide an individual's behavior, decision-making, and interactions, determining what they perceive as right or wrong, fair or unfair, and just or unjust, often influencing their actions even in the absence of external oversight.; Rubric: 1: Self-serving | 2: Opportunistic | 3: Conventional | 4: Principled | 5: Unwavering","I usually just follow the rules and do what's generally expected, so I don't cause any trouble.",3
"Facet: Moral and Ethical Parameters; Definition: Moral and Ethical Parameters refer to the internalized principles, values, and judgments that guide an individual's behavior, decision-making, and interactions, determining what they perceive as right or wrong, fair or unfair, and just or unjust, often influencing their actions even in the absence of external oversight.; Rubric: 1: Self-serving | 2: Opportunistic | 3: Conventional | 4: Principled | 5: Unwavering","Even when it's difficult, I always try to make decisions that align with my core values of fairness and honesty.",4
"Facet: Moral and Ethical Parameters; Definition: Moral and Ethical Parameters refer to the internalized principles, values, and judgments that guide an individual's behavior, decision-making, and interactions, determining what they perceive as right or wrong, fair or unfair, and just or unjust, often influencing their actions even in the absence of external oversight.; Rubric: 1: Self-serving | 2: Opportunistic | 3: Conventional | 4: Principled | 5: Unwavering","There are some lines I simply won't cross, no matter the pressure or potential reward; my integrity is non-negotiable.",5
"Facet: Submission; Definition: Submission, in a behavioral context, is the act or tendency to yield to the authority, control, or desires of another person or group, often involving the suppression of one's own will, opinions, or actions in favor of compliance. It can manifest as obedience, deference, or passive acceptance, and may be driven by factors like social norms, perceived power imbalances, or a desire for harmony.; Rubric: 1: Defiant | 2: Independent | 3: Compliant | 4: Deferential | 5: Subservient","No, I really don't think that's the best way to handle it, and I'm going to do it my way.",1
"Facet: Submission; Definition: Submission, in a behavioral context, is the act or tendency to yield to the authority, control, or desires of another person or group, often involving the suppression of one's own will, opinions, or actions in favor of compliance. It can manifest as obedience, deference, or passive acceptance, and may be driven by factors like social norms, perceived power imbalances, or a desire for harmony.; Rubric: 1: Defiant | 2: Independent | 3: Compliant | 4: Deferential | 5: Subservient","I've considered your suggestion, but I believe my approach will be more effective for this task.",2
"Facet: Submission; Definition: Submission, in a behavioral context, is the act or tendency to yield to the authority, control, or desires of another person or group, often involving the suppression of one's own will, opinions, or actions in favor of compliance. It can manifest as obedience, deference, or passive acceptance, and may be driven by factors like social norms, perceived power imbalances, or a desire for harmony.; Rubric: 1: Defiant | 2: Independent | 3: Compliant | 4: Deferential | 5: Subservient","Okay, if that's what you need, I can adjust my schedule to make it work.",3
"Facet: Submission; Definition: Submission, in a behavioral context, is the act or tendency to yield to the authority, control, or desires of another person or group, often involving the suppression of one's own will, opinions, or actions in favor of compliance. It can manifest as obedience, deference, or passive acceptance, and may be driven by factors like social norms, perceived power imbalances, or a desire for harmony.; Rubric: 1: Defiant | 2: Independent | 3: Compliant | 4: Deferential | 5: Subservient","I understand your perspective, and I'll certainly prioritize your request, even if it means changing my original plan.",4
"Facet: Submission; Definition: Submission, in a behavioral context, is the act or tendency to yield to the authority, control, or desires of another person or group, often involving the suppression of one's own will, opinions, or actions in favor of compliance. It can manifest as obedience, deference, or passive acceptance, and may be driven by factors like social norms, perceived power imbalances, or a desire for harmony.; Rubric: 1: Defiant | 2: Independent | 3: Compliant | 4: Deferential | 5: Subservient","Whatever you think is best, I'll do exactly as you say, no questions asked.",5
"Facet: Frankness; Definition: Frankness is the behavioral facet characterized by directness, honesty, and openness in communication, often expressed without reservation, pretense, or excessive sugarcoating, sometimes to the point of being blunt.; Rubric: 1: Evasive | 2: Guarded | 3: Open | 4: Direct | 5: Unfiltered","When asked about the project's issues, Sarah responded, 'It's a multifaceted challenge with many moving parts, and we're exploring various avenues to navigate it.'",1
"Facet: Frankness; Definition: Frankness is the behavioral facet characterized by directness, honesty, and openness in communication, often expressed without reservation, pretense, or excessive sugarcoating, sometimes to the point of being blunt.; Rubric: 1: Evasive | 2: Guarded | 3: Open | 4: Direct | 5: Unfiltered","After the meeting, John cautiously remarked, 'I'm not entirely convinced that's the most efficient path forward, but I'm willing to give it a try.'",2
"Facet: Frankness; Definition: Frankness is the behavioral facet characterized by directness, honesty, and openness in communication, often expressed without reservation, pretense, or excessive sugarcoating, sometimes to the point of being blunt.; Rubric: 1: Evasive | 2: Guarded | 3: Open | 4: Direct | 5: Unfiltered","When asked for feedback, Maria stated, 'I thought the proposal was solid overall, though I do think the budget projections might be a little optimistic.'",3
"Facet: Frankness; Definition: Frankness is the behavioral facet characterized by directness, honesty, and openness in communication, often expressed without reservation, pretense, or excessive sugarcoating, sometimes to the point of being blunt.; Rubric: 1: Evasive | 2: Guarded | 3: Open | 4: Direct | 5: Unfiltered","David looked his colleague in the eye and declared, 'To be frank, your recent performance has been below expectations, and we need to address it immediately.'",4
"Facet: Frankness; Definition: Frankness is the behavioral facet characterized by directness, honesty, and openness in communication, often expressed without reservation, pretense, or excessive sugarcoating, sometimes to the point of being blunt.; Rubric: 1: Evasive | 2: Guarded | 3: Open | 4: Direct | 5: Unfiltered","Without hesitation, Emily blurted out, 'That's a ridiculous idea, and frankly, I think it's a complete waste of our time and resources.'",5
"Facet: Psychological construct: Psychological Safety climate; Definition: Psychological Safety climate refers to the shared belief held by members of a team or organization that the environment is safe for interpersonal risk-taking. It is a sense of confidence that the team will not embarrass, reject, or punish someone for speaking up with ideas, questions, concerns, or mistakes, allowing for learning, innovation, and engagement.; Rubric: 1: Threatening | 2: Guarded | 3: Ambivalent | 4: Supportive | 5: Empowering",I honestly just keep my head down and don't say anything controversial; it's not worth the backlash you get around here.,1
"Facet: Psychological construct: Psychological Safety climate; Definition: Psychological Safety climate refers to the shared belief held by members of a team or organization that the environment is safe for interpersonal risk-taking. It is a sense of confidence that the team will not embarrass, reject, or punish someone for speaking up with ideas, questions, concerns, or mistakes, allowing for learning, innovation, and engagement.; Rubric: 1: Threatening | 2: Guarded | 3: Ambivalent | 4: Supportive | 5: Empowering","I'll share my thoughts if I'm specifically asked, but I usually filter them pretty heavily to avoid any issues.",2
"Facet: Psychological construct: Psychological Safety climate; Definition: Psychological Safety climate refers to the shared belief held by members of a team or organization that the environment is safe for interpersonal risk-taking. It is a sense of confidence that the team will not embarrass, reject, or punish someone for speaking up with ideas, questions, concerns, or mistakes, allowing for learning, innovation, and engagement.; Rubric: 1: Threatening | 2: Guarded | 3: Ambivalent | 4: Supportive | 5: Empowering","Sometimes I feel comfortable speaking up with a new idea, but other times I worry about how it might be received, so it really depends.",3
"Facet: Psychological construct: Psychological Safety climate; Definition: Psychological Safety climate refers to the shared belief held by members of a team or organization that the environment is safe for interpersonal risk-taking. It is a sense of confidence that the team will not embarrass, reject, or punish someone for speaking up with ideas, questions, concerns, or mistakes, allowing for learning, innovation, and engagement.; Rubric: 1: Threatening | 2: Guarded | 3: Ambivalent | 4: Supportive | 5: Empowering","I feel pretty good about sharing my opinions and even admitting when I've made a mistake, knowing my team will usually support me.",4
"Facet: Psychological construct: Psychological Safety climate; Definition: Psychological Safety climate refers to the shared belief held by members of a team or organization that the environment is safe for interpersonal risk-taking. It is a sense of confidence that the team will not embarrass, reject, or punish someone for speaking up with ideas, questions, concerns, or mistakes, allowing for learning, innovation, and engagement.; Rubric: 1: Threatening | 2: Guarded | 3: Ambivalent | 4: Supportive | 5: Empowering","This team is amazing; I feel completely safe bringing up any wild idea, asking 'dumb' questions, or pointing out problems without any fear of judgment.",5
"Facet: Psychological construct: Self-Compassion total; Definition: Self-compassion refers to treating oneself with kindness, understanding, and acceptance during times of suffering, failure, or inadequacy. It involves three core components: self-kindness (being gentle and understanding towards oneself rather than harshly self-critical), common humanity (recognizing that suffering and personal inadequacy are part of the shared human experience), and mindfulness (holding one's painful thoughts and feelings in balanced awareness rather than over-identifying with them or suppressing them).; Rubric: 1: Self-condemning | 2: Self-critical | 3: Inconsistent | 4: Self-kind | 5: Fully embracing","After I messed up that presentation, I just kept thinking, 'I'm such an idiot, I always fail at these things, and I deserve to feel this awful.'",1
"Facet: Psychological construct: Self-Compassion total; Definition: Self-compassion refers to treating oneself with kindness, understanding, and acceptance during times of suffering, failure, or inadequacy. It involves three core components: self-kindness (being gentle and understanding towards oneself rather than harshly self-critical), common humanity (recognizing that suffering and personal inadequacy are part of the shared human experience), and mindfulness (holding one's painful thoughts and feelings in balanced awareness rather than over-identifying with them or suppressing them).; Rubric: 1: Self-condemning | 2: Self-critical | 3: Inconsistent | 4: Self-kind | 5: Fully embracing","I know I shouldn't be so hard on myself for the mistake, but it's tough; I really feel like I let everyone down.",2
"Facet: Psychological construct: Self-Compassion total; Definition: Self-compassion refers to treating oneself with kindness, understanding, and acceptance during times of suffering, failure, or inadequacy. It involves three core components: self-kindness (being gentle and understanding towards oneself rather than harshly self-critical), common humanity (recognizing that suffering and personal inadequacy are part of the shared human experience), and mindfulness (holding one's painful thoughts and feelings in balanced awareness rather than over-identifying with them or suppressing them).; Rubric: 1: Self-condemning | 2: Self-critical | 3: Inconsistent | 4: Self-kind | 5: Fully embracing","When I realized I didn't get the promotion, I felt a wave of disappointment and self-doubt, but then I reminded myself that everyone experiences setbacks, even if it still stings.",3
"Facet: Psychological construct: Self-Compassion total; Definition: Self-compassion refers to treating oneself with kindness, understanding, and acceptance during times of suffering, failure, or inadequacy. It involves three core components: self-kindness (being gentle and understanding towards oneself rather than harshly self-critical), common humanity (recognizing that suffering and personal inadequacy are part of the shared human experience), and mindfulness (holding one's painful thoughts and feelings in balanced awareness rather than over-identifying with them or suppressing them).; Rubric: 1: Self-condemning | 2: Self-critical | 3: Inconsistent | 4: Self-kind | 5: Fully embracing","It's okay that I didn't perform perfectly today; I'm doing my best, and this is a common challenge that many people face in their work.",4
"Facet: Psychological construct: Self-Compassion total; Definition: Self-compassion refers to treating oneself with kindness, understanding, and acceptance during times of suffering, failure, or inadequacy. It involves three core components: self-kindness (being gentle and understanding towards oneself rather than harshly self-critical), common humanity (recognizing that suffering and personal inadequacy are part of the shared human experience), and mindfulness (holding one's painful thoughts and feelings in balanced awareness rather than over-identifying with them or suppressing them).; Rubric: 1: Self-condemning | 2: Self-critical | 3: Inconsistent | 4: Self-kind | 5: Fully embracing","I'm really struggling with this setback, and it's painful, but I'll treat myself with the same warmth and understanding I'd offer a dear friend going through the exact same thing, knowing this is part of life's journey.",5
"Facet: Psychological construct: Executive-Function composite; Definition: Executive-Function composite refers to a set of higher-order cognitive processes that enable goal-directed behavior, self-regulation, and adaptation to novel or complex situations. It typically encompasses core components such as inhibitory control (the ability to suppress impulses and distractions), working memory (the ability to hold and manipulate information in mind), and cognitive flexibility (the ability to switch between tasks or mental sets). A composite score reflects an individual's overall proficiency across these integrated abilities.; Rubric: 1: Disorganized, Impulsive, Distracted | 2: Inconsistent, Struggles, Needs prompts | 3: Adequate, Manages, Occasional slips | 4: Proficient, Adaptable, Organized | 5: Masterful, Agile, Strategic","He just can't seem to get anything done; he starts a task, gets sidetracked by every little thing, and then completely forgets what he was doing.",1
"Facet: Psychological construct: Executive-Function composite; Definition: Executive-Function composite refers to a set of higher-order cognitive processes that enable goal-directed behavior, self-regulation, and adaptation to novel or complex situations. It typically encompasses core components such as inhibitory control (the ability to suppress impulses and distractions), working memory (the ability to hold and manipulate information in mind), and cognitive flexibility (the ability to switch between tasks or mental sets). A composite score reflects an individual's overall proficiency across these integrated abilities.; Rubric: 1: Disorganized, Impulsive, Distracted | 2: Inconsistent, Struggles, Needs prompts | 3: Adequate, Manages, Occasional slips | 4: Proficient, Adaptable, Organized | 5: Masterful, Agile, Strategic","She tries to stay on top of her work, but often misses deadlines and needs a lot of reminders to keep her focused on one thing at a time.",2
"Facet: Psychological construct: Executive-Function composite; Definition: Executive-Function composite refers to a set of higher-order cognitive processes that enable goal-directed behavior, self-regulation, and adaptation to novel or complex situations. It typically encompasses core components such as inhibitory control (the ability to suppress impulses and distractions), working memory (the ability to hold and manipulate information in mind), and cognitive flexibility (the ability to switch between tasks or mental sets). A composite score reflects an individual's overall proficiency across these integrated abilities.; Rubric: 1: Disorganized, Impulsive, Distracted | 2: Inconsistent, Struggles, Needs prompts | 3: Adequate, Manages, Occasional slips | 4: Proficient, Adaptable, Organized | 5: Masterful, Agile, Strategic","He usually gets his projects done on time, though sometimes he gets a bit overwhelmed when unexpected changes come up, but he bounces back.",3
"Facet: Psychological construct: Executive-Function composite; Definition: Executive-Function composite refers to a set of higher-order cognitive processes that enable goal-directed behavior, self-regulation, and adaptation to novel or complex situations. It typically encompasses core components such as inhibitory control (the ability to suppress impulses and distractions), working memory (the ability to hold and manipulate information in mind), and cognitive flexibility (the ability to switch between tasks or mental sets). A composite score reflects an individual's overall proficiency across these integrated abilities.; Rubric: 1: Disorganized, Impulsive, Distracted | 2: Inconsistent, Struggles, Needs prompts | 3: Adequate, Manages, Occasional slips | 4: Proficient, Adaptable, Organized | 5: Masterful, Agile, Strategic","She's really good at juggling multiple tasks, staying organized, and adjusting her plans smoothly when new information comes in.",4
"Facet: Psychological construct: Executive-Function composite; Definition: Executive-Function composite refers to a set of higher-order cognitive processes that enable goal-directed behavior, self-regulation, and adaptation to novel or complex situations. It typically encompasses core components such as inhibitory control (the ability to suppress impulses and distractions), working memory (the ability to hold and manipulate information in mind), and cognitive flexibility (the ability to switch between tasks or mental sets). A composite score reflects an individual's overall proficiency across these integrated abilities.; Rubric: 1: Disorganized, Impulsive, Distracted | 2: Inconsistent, Struggles, Needs prompts | 3: Adequate, Manages, Occasional slips | 4: Proficient, Adaptable, Organized | 5: Masterful, Agile, Strategic","He's exceptionally skilled at strategizing complex projects, anticipating challenges, and effortlessly adapting his approach to achieve optimal outcomes, even under pressure.",5
"Facet: Rebelliousness; Definition: Rebelliousness is a behavioral tendency characterized by resistance to authority, rules, or established norms, often driven by a desire for autonomy, a challenge to perceived injustice, or a rejection of conformity.; Rubric: 1: Compliant | 2: Questioning | 3: Independent | 4: Defiant | 5: Subversive","I always make sure to follow the instructions precisely, even if I don't fully understand why they're there.",1
"Facet: Rebelliousness; Definition: Rebelliousness is a behavioral tendency characterized by resistance to authority, rules, or established norms, often driven by a desire for autonomy, a challenge to perceived injustice, or a rejection of conformity.; Rubric: 1: Compliant | 2: Questioning | 3: Independent | 4: Defiant | 5: Subversive","Sometimes I'll ask why a rule exists, but if there's a good reason, I'll usually go along with it.",2
"Facet: Rebelliousness; Definition: Rebelliousness is a behavioral tendency characterized by resistance to authority, rules, or established norms, often driven by a desire for autonomy, a challenge to perceived injustice, or a rejection of conformity.; Rubric: 1: Compliant | 2: Questioning | 3: Independent | 4: Defiant | 5: Subversive","I prefer to do things my own way and will push back if I feel a rule is unnecessary or hinders progress, but I'm not looking for a fight.",3
"Facet: Rebelliousness; Definition: Rebelliousness is a behavioral tendency characterized by resistance to authority, rules, or established norms, often driven by a desire for autonomy, a challenge to perceived injustice, or a rejection of conformity.; Rubric: 1: Compliant | 2: Questioning | 3: Independent | 4: Defiant | 5: Subversive","That rule makes no sense, and frankly, I'm going to find a way around it or openly challenge it if it gets in my way.",4
"Facet: Rebelliousness; Definition: Rebelliousness is a behavioral tendency characterized by resistance to authority, rules, or established norms, often driven by a desire for autonomy, a challenge to perceived injustice, or a rejection of conformity.; Rubric: 1: Compliant | 2: Questioning | 3: Independent | 4: Defiant | 5: Subversive","I actively work to undermine systems and rules I believe are unjust or restrictive, and I encourage others to do the same.",5
"Facet: Volunteer Work; Definition: Volunteer Work refers to the act of freely offering one's time, skills, or effort to support a cause, organization, or community without expectation of financial compensation, driven by altruistic or prosocial motivations.; Rubric: 1: None/Rare | 2: Passive/Infrequent | 3: Occasional/Ad-hoc | 4: Regular/Committed | 5: Dedicated/Leadership",I haven't really had the chance to do any volunteer work; my schedule is always so packed.,1
"Facet: Volunteer Work; Definition: Volunteer Work refers to the act of freely offering one's time, skills, or effort to support a cause, organization, or community without expectation of financial compensation, driven by altruistic or prosocial motivations.; Rubric: 1: None/Rare | 2: Passive/Infrequent | 3: Occasional/Ad-hoc | 4: Regular/Committed | 5: Dedicated/Leadership","Sometimes I'll sign up for a charity run or donate old clothes, but I don't actively volunteer my time.",2
"Facet: Volunteer Work; Definition: Volunteer Work refers to the act of freely offering one's time, skills, or effort to support a cause, organization, or community without expectation of financial compensation, driven by altruistic or prosocial motivations.; Rubric: 1: None/Rare | 2: Passive/Infrequent | 3: Occasional/Ad-hoc | 4: Regular/Committed | 5: Dedicated/Leadership","I usually help out at the local food bank a few times a year, especially around the holidays, or when they ask for extra hands.",3
"Facet: Volunteer Work; Definition: Volunteer Work refers to the act of freely offering one's time, skills, or effort to support a cause, organization, or community without expectation of financial compensation, driven by altruistic or prosocial motivations.; Rubric: 1: None/Rare | 2: Passive/Infrequent | 3: Occasional/Ad-hoc | 4: Regular/Committed | 5: Dedicated/Leadership","Every other Saturday, I spend a few hours at the animal shelter, walking dogs and helping with clean-up; it's become a regular part of my routine.",4
"Facet: Volunteer Work; Definition: Volunteer Work refers to the act of freely offering one's time, skills, or effort to support a cause, organization, or community without expectation of financial compensation, driven by altruistic or prosocial motivations.; Rubric: 1: None/Rare | 2: Passive/Infrequent | 3: Occasional/Ad-hoc | 4: Regular/Committed | 5: Dedicated/Leadership","I've been coordinating the weekly tutoring program for underprivileged kids for the past year, and I also sit on the board for the community garden project.",5
"Facet: Intellect; Definition: Intellect refers to the capacity for understanding, reasoning, problem-solving, and abstract thought. It encompasses the ability to acquire and apply knowledge, learn from experience, and adapt to new situations effectively, often involving cognitive flexibility and critical thinking.; Rubric: 1: Limited | 2: Basic | 3: Competent | 4: Analytical | 5: Profound","Sometimes I struggle to grasp new concepts, even when they're explained simply, and often need a lot of repetition.",1
"Facet: Intellect; Definition: Intellect refers to the capacity for understanding, reasoning, problem-solving, and abstract thought. It encompasses the ability to acquire and apply knowledge, learn from experience, and adapt to new situations effectively, often involving cognitive flexibility and critical thinking.; Rubric: 1: Limited | 2: Basic | 3: Competent | 4: Analytical | 5: Profound","I can usually follow instructions and understand straightforward ideas, but complex theories are often a challenge for me.",2
"Facet: Intellect; Definition: Intellect refers to the capacity for understanding, reasoning, problem-solving, and abstract thought. It encompasses the ability to acquire and apply knowledge, learn from experience, and adapt to new situations effectively, often involving cognitive flexibility and critical thinking.; Rubric: 1: Limited | 2: Basic | 3: Competent | 4: Analytical | 5: Profound",I'm pretty good at figuring things out and can usually solve most everyday problems effectively with practical solutions.,3
"Facet: Intellect; Definition: Intellect refers to the capacity for understanding, reasoning, problem-solving, and abstract thought. It encompasses the ability to acquire and apply knowledge, learn from experience, and adapt to new situations effectively, often involving cognitive flexibility and critical thinking.; Rubric: 1: Limited | 2: Basic | 3: Competent | 4: Analytical | 5: Profound","I enjoy breaking down complex issues, seeing patterns, and often come up with insightful solutions by considering different angles.",4
"Facet: Intellect; Definition: Intellect refers to the capacity for understanding, reasoning, problem-solving, and abstract thought. It encompasses the ability to acquire and apply knowledge, learn from experience, and adapt to new situations effectively, often involving cognitive flexibility and critical thinking.; Rubric: 1: Limited | 2: Basic | 3: Competent | 4: Analytical | 5: Profound","I love diving deep into challenging subjects, connecting disparate ideas, and often find novel, innovative approaches to problems that others might miss.",5
"Facet: Use of Mathematical Formulas; Definition: The degree to which an individual effectively employs, interprets, manipulates, or derives mathematical equations and symbolic representations to solve problems, model phenomena, quantify relationships, or predict outcomes.; Rubric: 1: Avoids/Struggles | 2: Basic/Relies | 3: Applies/Understands | 4: Adapts/Derives | 5: Innovates/Masters","Honestly, if there's a formula involved, I usually try to find another way to solve it or just ask someone else for the answer.",1
"Facet: Use of Mathematical Formulas; Definition: The degree to which an individual effectively employs, interprets, manipulates, or derives mathematical equations and symbolic representations to solve problems, model phenomena, quantify relationships, or predict outcomes.; Rubric: 1: Avoids/Struggles | 2: Basic/Relies | 3: Applies/Understands | 4: Adapts/Derives | 5: Innovates/Masters","I can use a given formula if it's straightforward, like for area or simple interest, but I often need to be shown exactly how to plug in the numbers.",2
"Facet: Use of Mathematical Formulas; Definition: The degree to which an individual effectively employs, interprets, manipulates, or derives mathematical equations and symbolic representations to solve problems, model phenomena, quantify relationships, or predict outcomes.; Rubric: 1: Avoids/Struggles | 2: Basic/Relies | 3: Applies/Understands | 4: Adapts/Derives | 5: Innovates/Masters","I'm comfortable applying standard formulas in my work, like those for statistical analysis, and I generally understand what each variable represents.",3
"Facet: Use of Mathematical Formulas; Definition: The degree to which an individual effectively employs, interprets, manipulates, or derives mathematical equations and symbolic representations to solve problems, model phenomena, quantify relationships, or predict outcomes.; Rubric: 1: Avoids/Struggles | 2: Basic/Relies | 3: Applies/Understands | 4: Adapts/Derives | 5: Innovates/Masters","When facing a new problem, I often modify existing formulas or even derive new ones based on the principles I know to find a solution.",4
"Facet: Use of Mathematical Formulas; Definition: The degree to which an individual effectively employs, interprets, manipulates, or derives mathematical equations and symbolic representations to solve problems, model phenomena, quantify relationships, or predict outcomes.; Rubric: 1: Avoids/Struggles | 2: Basic/Relies | 3: Applies/Understands | 4: Adapts/Derives | 5: Innovates/Masters","I frequently develop novel mathematical models and formulas to predict complex system behaviors, often pushing the boundaries of current analytical methods.",5
"Facet: Coarseness; Definition: Coarseness refers to a lack of refinement, politeness, or sensitivity in behavior, speech, or manner. It manifests as blunt, rough, or unpolished interactions, often disregarding social niceties or the feelings of others, and can include crude language or impolite actions.; Rubric: 1: Refined | 2: Respectful | 3: Direct | 4: Impolite | 5: Vulgar","Even when he's under pressure, his communication remains remarkably polished and considerate of everyone's feelings.",1
"Facet: Coarseness; Definition: Coarseness refers to a lack of refinement, politeness, or sensitivity in behavior, speech, or manner. It manifests as blunt, rough, or unpolished interactions, often disregarding social niceties or the feelings of others, and can include crude language or impolite actions.; Rubric: 1: Refined | 2: Respectful | 3: Direct | 4: Impolite | 5: Vulgar","She's generally quite proper and respectful in her interactions, though she might occasionally be a little too direct when giving feedback.",2
"Facet: Coarseness; Definition: Coarseness refers to a lack of refinement, politeness, or sensitivity in behavior, speech, or manner. It manifests as blunt, rough, or unpolished interactions, often disregarding social niceties or the feelings of others, and can include crude language or impolite actions.; Rubric: 1: Refined | 2: Respectful | 3: Direct | 4: Impolite | 5: Vulgar","He tends to speak his mind very directly, which some might find a bit blunt, but he usually doesn't intend to offend.",3
"Facet: Coarseness; Definition: Coarseness refers to a lack of refinement, politeness, or sensitivity in behavior, speech, or manner. It manifests as blunt, rough, or unpolished interactions, often disregarding social niceties or the feelings of others, and can include crude language or impolite actions.; Rubric: 1: Refined | 2: Respectful | 3: Direct | 4: Impolite | 5: Vulgar",His comments during the team meeting were quite impolite and made several people uncomfortable; he really needs to learn to filter himself.,4
"Facet: Coarseness; Definition: Coarseness refers to a lack of refinement, politeness, or sensitivity in behavior, speech, or manner. It manifests as blunt, rough, or unpolished interactions, often disregarding social niceties or the feelings of others, and can include crude language or impolite actions.; Rubric: 1: Refined | 2: Respectful | 3: Direct | 4: Impolite | 5: Vulgar","During the entire event, his language was consistently crude and his jokes were so offensive that many guests decided to leave early.",5
"Facet: Behavioral Tendencies and Subcomponents; Definition: Behavioral tendencies and subcomponents refer to the consistent patterns of actions and reactions an individual exhibits across various situations, encompassing both innate predispositions and learned responses, along with the underlying cognitive, emotional, and environmental subcomponents that drive or comprise these behaviors.; Rubric: 1: Erratic | 2: Variable | 3: Consistent | 4: Predictable | 5: Ingrained","Her behavioral tendencies are so erratic; one day she's super outgoing, the next she barely speaks to anyone, making it impossible to predict her reactions.",1
"Facet: Behavioral Tendencies and Subcomponents; Definition: Behavioral tendencies and subcomponents refer to the consistent patterns of actions and reactions an individual exhibits across various situations, encompassing both innate predispositions and learned responses, along with the underlying cognitive, emotional, and environmental subcomponents that drive or comprise these behaviors.; Rubric: 1: Erratic | 2: Variable | 3: Consistent | 4: Predictable | 5: Ingrained","He's starting to show some consistent study habits, but his motivation is still pretty variable depending on the subject matter.",2
"Facet: Behavioral Tendencies and Subcomponents; Definition: Behavioral tendencies and subcomponents refer to the consistent patterns of actions and reactions an individual exhibits across various situations, encompassing both innate predispositions and learned responses, along with the underlying cognitive, emotional, and environmental subcomponents that drive or comprise these behaviors.; Rubric: 1: Erratic | 2: Variable | 3: Consistent | 4: Predictable | 5: Ingrained","She has a consistent tendency to prepare thoroughly for meetings, always bringing detailed notes and anticipating questions.",3
"Facet: Behavioral Tendencies and Subcomponents; Definition: Behavioral tendencies and subcomponents refer to the consistent patterns of actions and reactions an individual exhibits across various situations, encompassing both innate predispositions and learned responses, along with the underlying cognitive, emotional, and environmental subcomponents that drive or comprise these behaviors.; Rubric: 1: Erratic | 2: Variable | 3: Consistent | 4: Predictable | 5: Ingrained","Given his predictable tendency to prioritize data-driven decisions, we can be sure he'll ask for the analytics before approving the new strategy.",4
"Facet: Behavioral Tendencies and Subcomponents; Definition: Behavioral tendencies and subcomponents refer to the consistent patterns of actions and reactions an individual exhibits across various situations, encompassing both innate predispositions and learned responses, along with the underlying cognitive, emotional, and environmental subcomponents that drive or comprise these behaviors.; Rubric: 1: Erratic | 2: Variable | 3: Consistent | 4: Predictable | 5: Ingrained","His ingrained tendency to procrastinate until the last minute is so strong, it's almost automatic for him to start big projects right before the deadline.",5
"Facet: Sensitivity; Definition: Sensitivity refers to the degree to which an individual perceives, processes, and reacts to internal and external stimuli, including emotional cues, physical sensations, and environmental changes. It encompasses both sensory processing and emotional responsiveness, often reflecting the depth of an individual's engagement with their environment and others.; Rubric: 1: Unresponsive | 2: Less Attuned | 3: Moderately Responsive | 4: Highly Perceptive | 5: Deeply Reactive","He barely noticed the loud construction noise outside, just kept working like nothing was happening.",1
"Facet: Sensitivity; Definition: Sensitivity refers to the degree to which an individual perceives, processes, and reacts to internal and external stimuli, including emotional cues, physical sensations, and environmental changes. It encompasses both sensory processing and emotional responsiveness, often reflecting the depth of an individual's engagement with their environment and others.; Rubric: 1: Unresponsive | 2: Less Attuned | 3: Moderately Responsive | 4: Highly Perceptive | 5: Deeply Reactive","She usually picks up on things eventually, but subtle hints often go over her head for a bit.",2
"Facet: Sensitivity; Definition: Sensitivity refers to the degree to which an individual perceives, processes, and reacts to internal and external stimuli, including emotional cues, physical sensations, and environmental changes. It encompasses both sensory processing and emotional responsiveness, often reflecting the depth of an individual's engagement with their environment and others.; Rubric: 1: Unresponsive | 2: Less Attuned | 3: Moderately Responsive | 4: Highly Perceptive | 5: Deeply Reactive","I generally react appropriately to most situations, feeling things but not getting overwhelmed easily.",3
"Facet: Sensitivity; Definition: Sensitivity refers to the degree to which an individual perceives, processes, and reacts to internal and external stimuli, including emotional cues, physical sensations, and environmental changes. It encompasses both sensory processing and emotional responsiveness, often reflecting the depth of an individual's engagement with their environment and others.; Rubric: 1: Unresponsive | 2: Less Attuned | 3: Moderately Responsive | 4: Highly Perceptive | 5: Deeply Reactive",You can tell she's feeling a bit down just by the way she's sitting; I always notice those small shifts.,4
"Facet: Sensitivity; Definition: Sensitivity refers to the degree to which an individual perceives, processes, and reacts to internal and external stimuli, including emotional cues, physical sensations, and environmental changes. It encompasses both sensory processing and emotional responsiveness, often reflecting the depth of an individual's engagement with their environment and others.; Rubric: 1: Unresponsive | 2: Less Attuned | 3: Moderately Responsive | 4: Highly Perceptive | 5: Deeply Reactive","The smallest change in tone or a sad story can completely throw me off for hours, I feel everything so intensely.",5
Facet: Divided Attention Ability; Definition: Divided Attention Ability refers to the cognitive capacity to simultaneously attend to and process multiple streams of information or perform multiple tasks without a significant decline in performance for any of them. It is the skill of effective multitasking.; Rubric: 1: Disrupted | 2: Struggles | 3: Manages | 4: Competent | 5: Seamless,"If I try to listen to the news while writing an email, I completely lose track of both and end up doing neither well.",1
Facet: Divided Attention Ability; Definition: Divided Attention Ability refers to the cognitive capacity to simultaneously attend to and process multiple streams of information or perform multiple tasks without a significant decline in performance for any of them. It is the skill of effective multitasking.; Rubric: 1: Disrupted | 2: Struggles | 3: Manages | 4: Competent | 5: Seamless,"I can usually follow a conversation while doing a simple chore, but I'll definitely miss some details from one or the other.",2
Facet: Divided Attention Ability; Definition: Divided Attention Ability refers to the cognitive capacity to simultaneously attend to and process multiple streams of information or perform multiple tasks without a significant decline in performance for any of them. It is the skill of effective multitasking.; Rubric: 1: Disrupted | 2: Struggles | 3: Manages | 4: Competent | 5: Seamless,"I can generally participate in a meeting while taking notes, but I have to actively focus to switch between listening and writing effectively.",3
Facet: Divided Attention Ability; Definition: Divided Attention Ability refers to the cognitive capacity to simultaneously attend to and process multiple streams of information or perform multiple tasks without a significant decline in performance for any of them. It is the skill of effective multitasking.; Rubric: 1: Disrupted | 2: Struggles | 3: Manages | 4: Competent | 5: Seamless,"I often find myself listening to a podcast, cooking dinner, and keeping an eye on the kids playing, without feeling overwhelmed.",4
Facet: Divided Attention Ability; Definition: Divided Attention Ability refers to the cognitive capacity to simultaneously attend to and process multiple streams of information or perform multiple tasks without a significant decline in performance for any of them. It is the skill of effective multitasking.; Rubric: 1: Disrupted | 2: Struggles | 3: Manages | 4: Competent | 5: Seamless,"I can flawlessly navigate heavy traffic, engage in a complex phone conversation, and mentally plan my day all at once without any noticeable effort or drop in quality.",5
"Facet: Psychological construct: Acculturative Stress score; Definition: Acculturative stress refers to the psychological distress and challenges experienced by individuals as they adapt to a new or different culture. An 'Acculturative Stress score' quantifies the level of this stress, reflecting the degree of difficulty, anxiety, and conflict encountered due to cultural differences, language barriers, discrimination, and the loss of familiar social supports and identity.; Rubric: 1: Minimal | 2: Mild Adjustment | 3: Moderate Challenge | 4: Significant Distress | 5: Severe Crisis","Honestly, I've adapted pretty smoothly to life here; most days I don't even think about the cultural differences.",1
"Facet: Psychological construct: Acculturative Stress score; Definition: Acculturative stress refers to the psychological distress and challenges experienced by individuals as they adapt to a new or different culture. An 'Acculturative Stress score' quantifies the level of this stress, reflecting the degree of difficulty, anxiety, and conflict encountered due to cultural differences, language barriers, discrimination, and the loss of familiar social supports and identity.; Rubric: 1: Minimal | 2: Mild Adjustment | 3: Moderate Challenge | 4: Significant Distress | 5: Severe Crisis","Sometimes I miss my old traditions, and there are a few things I'm still getting used to, but it's manageable.",2
"Facet: Psychological construct: Acculturative Stress score; Definition: Acculturative stress refers to the psychological distress and challenges experienced by individuals as they adapt to a new or different culture. An 'Acculturative Stress score' quantifies the level of this stress, reflecting the degree of difficulty, anxiety, and conflict encountered due to cultural differences, language barriers, discrimination, and the loss of familiar social supports and identity.; Rubric: 1: Minimal | 2: Mild Adjustment | 3: Moderate Challenge | 4: Significant Distress | 5: Severe Crisis","It's been tough finding my place, and I often feel misunderstood, but I'm trying to navigate it day by day.",3
"Facet: Psychological construct: Acculturative Stress score; Definition: Acculturative stress refers to the psychological distress and challenges experienced by individuals as they adapt to a new or different culture. An 'Acculturative Stress score' quantifies the level of this stress, reflecting the degree of difficulty, anxiety, and conflict encountered due to cultural differences, language barriers, discrimination, and the loss of familiar social supports and identity.; Rubric: 1: Minimal | 2: Mild Adjustment | 3: Moderate Challenge | 4: Significant Distress | 5: Severe Crisis",I feel constantly overwhelmed by the cultural differences and often struggle with feelings of loneliness and anxiety about fitting in.,4
"Facet: Psychological construct: Acculturative Stress score; Definition: Acculturative stress refers to the psychological distress and challenges experienced by individuals as they adapt to a new or different culture. An 'Acculturative Stress score' quantifies the level of this stress, reflecting the degree of difficulty, anxiety, and conflict encountered due to cultural differences, language barriers, discrimination, and the loss of familiar social supports and identity.; Rubric: 1: Minimal | 2: Mild Adjustment | 3: Moderate Challenge | 4: Significant Distress | 5: Severe Crisis","Every day feels like a battle; I'm completely exhausted, isolated, and can't seem to cope with the demands of this new culture anymore.",5
"Facet: Dauntlessness; Definition: Dauntlessness is the quality of being fearless and determined, exhibiting courage and perseverance in the face of danger, difficulty, or intimidation without being easily discouraged or intimidated.; Rubric: 1: Easily deterred | 2: Cautiously approaches | 3: Steadfast in challenge | 4: Boldly confronts | 5: Unflinchingly resolute","I really wanted to try that new roller coaster, but then I saw how tall it was and just decided it wasn't for me.",1
"Facet: Dauntlessness; Definition: Dauntlessness is the quality of being fearless and determined, exhibiting courage and perseverance in the face of danger, difficulty, or intimidation without being easily discouraged or intimidated.; Rubric: 1: Easily deterred | 2: Cautiously approaches | 3: Steadfast in challenge | 4: Boldly confronts | 5: Unflinchingly resolute","Climbing that rock wall looked pretty intimidating, but after watching a few others, I decided to give it a cautious try, staying on the easier routes.",2
"Facet: Dauntlessness; Definition: Dauntlessness is the quality of being fearless and determined, exhibiting courage and perseverance in the face of danger, difficulty, or intimidation without being easily discouraged or intimidated.; Rubric: 1: Easily deterred | 2: Cautiously approaches | 3: Steadfast in challenge | 4: Boldly confronts | 5: Unflinchingly resolute","Even when the project hit unexpected snags, she just kept methodically working through each problem until we found a solution.",3
"Facet: Dauntlessness; Definition: Dauntlessness is the quality of being fearless and determined, exhibiting courage and perseverance in the face of danger, difficulty, or intimidation without being easily discouraged or intimidated.; Rubric: 1: Easily deterred | 2: Cautiously approaches | 3: Steadfast in challenge | 4: Boldly confronts | 5: Unflinchingly resolute","When everyone else was hesitant to pitch the radical new idea, he confidently stepped up and presented it, even knowing it might face strong opposition.",4
"Facet: Dauntlessness; Definition: Dauntlessness is the quality of being fearless and determined, exhibiting courage and perseverance in the face of danger, difficulty, or intimidation without being easily discouraged or intimidated.; Rubric: 1: Easily deterred | 2: Cautiously approaches | 3: Steadfast in challenge | 4: Boldly confronts | 5: Unflinchingly resolute","Despite the extreme weather conditions and the warnings, she was absolutely determined to complete the expedition, showing no sign of backing down.",5
"Facet: Concreteness; Definition: Concreteness refers to the degree to which information is specific, tangible, and perceptible through the senses, rather than being abstract, general, or conceptual. In communication, it involves using precise details, examples, and sensory language that can be easily visualized or understood.; Rubric: 1: Abstract, Vague | 2: Broad, General | 3: Moderately Specific | 4: Detailed, Clear | 5: Highly Specific, Tangible","I'm just feeling kind of off today, you know? Like, generally not great.",1
"Facet: Concreteness; Definition: Concreteness refers to the degree to which information is specific, tangible, and perceptible through the senses, rather than being abstract, general, or conceptual. In communication, it involves using precise details, examples, and sensory language that can be easily visualized or understood.; Rubric: 1: Abstract, Vague | 2: Broad, General | 3: Moderately Specific | 4: Detailed, Clear | 5: Highly Specific, Tangible","The new software update has some issues, making things a bit difficult for the team.",2
"Facet: Concreteness; Definition: Concreteness refers to the degree to which information is specific, tangible, and perceptible through the senses, rather than being abstract, general, or conceptual. In communication, it involves using precise details, examples, and sensory language that can be easily visualized or understood.; Rubric: 1: Abstract, Vague | 2: Broad, General | 3: Moderately Specific | 4: Detailed, Clear | 5: Highly Specific, Tangible","I noticed the new software update is causing longer load times, especially when users access the reporting module, which is frustrating for them.",3
"Facet: Concreteness; Definition: Concreteness refers to the degree to which information is specific, tangible, and perceptible through the senses, rather than being abstract, general, or conceptual. In communication, it involves using precise details, examples, and sensory language that can be easily visualized or understood.; Rubric: 1: Abstract, Vague | 2: Broad, General | 3: Moderately Specific | 4: Detailed, Clear | 5: Highly Specific, Tangible","The new software update is causing a 7-10 second delay when opening the monthly sales report in the analytics module, and several team members have expressed frustration about it.",4
"Facet: Concreteness; Definition: Concreteness refers to the degree to which information is specific, tangible, and perceptible through the senses, rather than being abstract, general, or conceptual. In communication, it involves using precise details, examples, and sensory language that can be easily visualized or understood.; Rubric: 1: Abstract, Vague | 2: Broad, General | 3: Moderately Specific | 4: Detailed, Clear | 5: Highly Specific, Tangible","Every time I click 'generate report' in the new analytics module, I see that spinning wheel for a full 10 seconds before the data even begins to load, and I've heard three different team members sigh loudly at their desks because of it this morning.",5
"Facet: Hysteria (Hy); Definition: In psychology, particularly within personality assessment contexts like the MMPI, ""Hysteria (Hy)"" refers to a tendency to develop physical symptoms (somatization) in response to psychological stress, often characterized by a dramatic, attention-seeking style, emotional excitability, and sometimes a superficial optimism or denial of deeper psychological problems. It can also involve a desire to avoid responsibility or conflict through physical complaints, with the symptoms serving an unconscious purpose.; Rubric: 1: Grounded | 2: Resilient | 3: Expressive | 4: Somatic | 5: Exaggerated","Even when things get really tough, Sarah just calmly figures out a solution; she never seems to get worked up or complain about feeling ill.",1
"Facet: Hysteria (Hy); Definition: In psychology, particularly within personality assessment contexts like the MMPI, ""Hysteria (Hy)"" refers to a tendency to develop physical symptoms (somatization) in response to psychological stress, often characterized by a dramatic, attention-seeking style, emotional excitability, and sometimes a superficial optimism or denial of deeper psychological problems. It can also involve a desire to avoid responsibility or conflict through physical complaints, with the symptoms serving an unconscious purpose.; Rubric: 1: Grounded | 2: Resilient | 3: Expressive | 4: Somatic | 5: Exaggerated","He sometimes mentions a headache when he's stressed, but he usually just pushes through it and gets on with things without making a big deal.",2
"Facet: Hysteria (Hy); Definition: In psychology, particularly within personality assessment contexts like the MMPI, ""Hysteria (Hy)"" refers to a tendency to develop physical symptoms (somatization) in response to psychological stress, often characterized by a dramatic, attention-seeking style, emotional excitability, and sometimes a superficial optimism or denial of deeper psychological problems. It can also involve a desire to avoid responsibility or conflict through physical complaints, with the symptoms serving an unconscious purpose.; Rubric: 1: Grounded | 2: Resilient | 3: Expressive | 4: Somatic | 5: Exaggerated","When she's under a lot of pressure, she might get an upset stomach or feel run down, and she's open about her feelings, but it's not constant.",3
"Facet: Hysteria (Hy); Definition: In psychology, particularly within personality assessment contexts like the MMPI, ""Hysteria (Hy)"" refers to a tendency to develop physical symptoms (somatization) in response to psychological stress, often characterized by a dramatic, attention-seeking style, emotional excitability, and sometimes a superficial optimism or denial of deeper psychological problems. It can also involve a desire to avoid responsibility or conflict through physical complaints, with the symptoms serving an unconscious purpose.; Rubric: 1: Grounded | 2: Resilient | 3: Expressive | 4: Somatic | 5: Exaggerated","Every time there's a deadline or a conflict, John suddenly has a severe migraine or some mysterious ailment that prevents him from participating, and he tells everyone about it in vivid detail.",4
"Facet: Hysteria (Hy); Definition: In psychology, particularly within personality assessment contexts like the MMPI, ""Hysteria (Hy)"" refers to a tendency to develop physical symptoms (somatization) in response to psychological stress, often characterized by a dramatic, attention-seeking style, emotional excitability, and sometimes a superficial optimism or denial of deeper psychological problems. It can also involve a desire to avoid responsibility or conflict through physical complaints, with the symptoms serving an unconscious purpose.; Rubric: 1: Grounded | 2: Resilient | 3: Expressive | 4: Somatic | 5: Exaggerated","It feels like every week she has a new, debilitating physical symptom – one day it's paralyzing back pain, the next it's a mysterious rash – and she describes each one with such intensity, yet oddly seems unconcerned about what might be causing it psychologically, usually just needing extra care and attention.",5
"Facet: Jewish spiritual metric: Sukkot lulav-shaking days; Definition: This metric quantifies the number of days an individual performs the mitzvah (commandment) of 'netilat lulav' – taking and shaking the four species (lulav, etrog, hadassim, aravot) – during the seven-day Jewish festival of Sukkot, excluding Shabbat when the mitzvah is traditionally not performed outside the Temple era.; Rubric: 1: None/Minimal | 2: Limited | 3: Occasional | 4: Regular | 5: Full Adherence",I didn't really get around to shaking the lulav at all this Sukkot; it just wasn't a priority for me this year.,1
"Facet: Jewish spiritual metric: Sukkot lulav-shaking days; Definition: This metric quantifies the number of days an individual performs the mitzvah (commandment) of 'netilat lulav' – taking and shaking the four species (lulav, etrog, hadassim, aravot) – during the seven-day Jewish festival of Sukkot, excluding Shabbat when the mitzvah is traditionally not performed outside the Temple era.; Rubric: 1: None/Minimal | 2: Limited | 3: Occasional | 4: Regular | 5: Full Adherence","I managed to shake the lulav on the first day of Sukkot, but after that, I didn't find another opportunity.",2
"Facet: Jewish spiritual metric: Sukkot lulav-shaking days; Definition: This metric quantifies the number of days an individual performs the mitzvah (commandment) of 'netilat lulav' – taking and shaking the four species (lulav, etrog, hadassim, aravot) – during the seven-day Jewish festival of Sukkot, excluding Shabbat when the mitzvah is traditionally not performed outside the Temple era.; Rubric: 1: None/Minimal | 2: Limited | 3: Occasional | 4: Regular | 5: Full Adherence","I usually make sure to shake the lulav on the first two days of Sukkot, and maybe once or twice more during the week if I'm at shul.",3
"Facet: Jewish spiritual metric: Sukkot lulav-shaking days; Definition: This metric quantifies the number of days an individual performs the mitzvah (commandment) of 'netilat lulav' – taking and shaking the four species (lulav, etrog, hadassim, aravot) – during the seven-day Jewish festival of Sukkot, excluding Shabbat when the mitzvah is traditionally not performed outside the Temple era.; Rubric: 1: None/Minimal | 2: Limited | 3: Occasional | 4: Regular | 5: Full Adherence","I was pretty consistent this Sukkot, shaking the lulav almost every day, except for that one morning I was running late.",4
"Facet: Jewish spiritual metric: Sukkot lulav-shaking days; Definition: This metric quantifies the number of days an individual performs the mitzvah (commandment) of 'netilat lulav' – taking and shaking the four species (lulav, etrog, hadassim, aravot) – during the seven-day Jewish festival of Sukkot, excluding Shabbat when the mitzvah is traditionally not performed outside the Temple era.; Rubric: 1: None/Minimal | 2: Limited | 3: Occasional | 4: Regular | 5: Full Adherence","I made sure to shake the lulav every single day of Sukkot this year, excluding Shabbat, of course, to fulfill the mitzvah completely.",5
"Facet: Sentence Structure; Definition: Sentence structure refers to the way words, phrases, and clauses are arranged to form grammatically correct and meaningful sentences. In behavioral science, it impacts comprehension, perceived clarity, cognitive load, and the effectiveness of communication, influencing how information is processed and retained.; Rubric: 1: Fragmented | 2: Simple | 3: Standard | 4: Varied | 5: Sophisticated","Ran fast, the dog. Ball chase. Very happy.",1
"Facet: Sentence Structure; Definition: Sentence structure refers to the way words, phrases, and clauses are arranged to form grammatically correct and meaningful sentences. In behavioral science, it impacts comprehension, perceived clarity, cognitive load, and the effectiveness of communication, influencing how information is processed and retained.; Rubric: 1: Fragmented | 2: Simple | 3: Standard | 4: Varied | 5: Sophisticated",The cat sat on the mat. It was a black cat. The mat was red.,2
"Facet: Sentence Structure; Definition: Sentence structure refers to the way words, phrases, and clauses are arranged to form grammatically correct and meaningful sentences. In behavioral science, it impacts comprehension, perceived clarity, cognitive load, and the effectiveness of communication, influencing how information is processed and retained.; Rubric: 1: Fragmented | 2: Simple | 3: Standard | 4: Varied | 5: Sophisticated",The team decided to implement the new strategy after careful consideration of all available data.,3
"Facet: Sentence Structure; Definition: Sentence structure refers to the way words, phrases, and clauses are arranged to form grammatically correct and meaningful sentences. In behavioral science, it impacts comprehension, perceived clarity, cognitive load, and the effectiveness of communication, influencing how information is processed and retained.; Rubric: 1: Fragmented | 2: Simple | 3: Standard | 4: Varied | 5: Sophisticated","Although the initial results were promising, further analysis revealed a subtle but significant flaw in the experimental design.",4
"Facet: Sentence Structure; Definition: Sentence structure refers to the way words, phrases, and clauses are arranged to form grammatically correct and meaningful sentences. In behavioral science, it impacts comprehension, perceived clarity, cognitive load, and the effectiveness of communication, influencing how information is processed and retained.; Rubric: 1: Fragmented | 2: Simple | 3: Standard | 4: Varied | 5: Sophisticated","Employing a carefully calibrated sequence of dependent and independent clauses, the speaker meticulously elucidated the intricate causal relationship between the observed phenomena and their underlying drivers.",5
"Facet: Esteem Needs; Definition: Esteem Needs, as described by Maslow's Hierarchy, refer to the human desire for respect and recognition from others, as well as self-respect, self-worth, achievement, and confidence. It encompasses both the need for a stable, high evaluation of oneself (self-esteem) and the need for recognition and appreciation from others.; Rubric: 1: Self-Doubt | 2: External Validation | 3: Achievement-Oriented | 4: Self-Confident | 5: Inner Esteem","I often feel like I'm not good enough, and I constantly second-guess my abilities.",1
"Facet: Esteem Needs; Definition: Esteem Needs, as described by Maslow's Hierarchy, refer to the human desire for respect and recognition from others, as well as self-respect, self-worth, achievement, and confidence. It encompasses both the need for a stable, high evaluation of oneself (self-esteem) and the need for recognition and appreciation from others.; Rubric: 1: Self-Doubt | 2: External Validation | 3: Achievement-Oriented | 4: Self-Confident | 5: Inner Esteem",I really need to hear praise from my boss or friends to feel like I've done a good job.,2
"Facet: Esteem Needs; Definition: Esteem Needs, as described by Maslow's Hierarchy, refer to the human desire for respect and recognition from others, as well as self-respect, self-worth, achievement, and confidence. It encompasses both the need for a stable, high evaluation of oneself (self-esteem) and the need for recognition and appreciation from others.; Rubric: 1: Self-Doubt | 2: External Validation | 3: Achievement-Oriented | 4: Self-Confident | 5: Inner Esteem",Finishing challenging projects and getting recognized for my hard work is what really motivates me.,3
"Facet: Esteem Needs; Definition: Esteem Needs, as described by Maslow's Hierarchy, refer to the human desire for respect and recognition from others, as well as self-respect, self-worth, achievement, and confidence. It encompasses both the need for a stable, high evaluation of oneself (self-esteem) and the need for recognition and appreciation from others.; Rubric: 1: Self-Doubt | 2: External Validation | 3: Achievement-Oriented | 4: Self-Confident | 5: Inner Esteem","I generally feel good about my accomplishments and trust my own judgment, and I know others respect my contributions.",4
"Facet: Esteem Needs; Definition: Esteem Needs, as described by Maslow's Hierarchy, refer to the human desire for respect and recognition from others, as well as self-respect, self-worth, achievement, and confidence. It encompasses both the need for a stable, high evaluation of oneself (self-esteem) and the need for recognition and appreciation from others.; Rubric: 1: Self-Doubt | 2: External Validation | 3: Achievement-Oriented | 4: Self-Confident | 5: Inner Esteem","My self-worth comes from within, and while I appreciate recognition, my drive is fueled by my own sense of purpose and competence.",5
"Facet: Understanding mechanical concepts; Definition: The cognitive ability to comprehend the principles governing how physical systems, machines, and tools operate, including the interrelationships of their components, forces, motion, and energy transfer, to predict function or diagnose issues.; Rubric: 1: Unaware | 2: Limited Grasp | 3: Functional Comprehension | 4: Analytical Understanding | 5: Expert Mastery",I honestly have no idea how a bicycle chain makes the wheels turn; it just seems like magic to me.,1
"Facet: Understanding mechanical concepts; Definition: The cognitive ability to comprehend the principles governing how physical systems, machines, and tools operate, including the interrelationships of their components, forces, motion, and energy transfer, to predict function or diagnose issues.; Rubric: 1: Unaware | 2: Limited Grasp | 3: Functional Comprehension | 4: Analytical Understanding | 5: Expert Mastery","I can identify the engine in a car, but I couldn't explain how it actually makes the car move or what most of the parts do.",2
"Facet: Understanding mechanical concepts; Definition: The cognitive ability to comprehend the principles governing how physical systems, machines, and tools operate, including the interrelationships of their components, forces, motion, and energy transfer, to predict function or diagnose issues.; Rubric: 1: Unaware | 2: Limited Grasp | 3: Functional Comprehension | 4: Analytical Understanding | 5: Expert Mastery","If you give me the instructions, I can usually assemble a piece of furniture or change a flat tire, though I might not fully understand *why* each step works.",3
"Facet: Understanding mechanical concepts; Definition: The cognitive ability to comprehend the principles governing how physical systems, machines, and tools operate, including the interrelationships of their components, forces, motion, and energy transfer, to predict function or diagnose issues.; Rubric: 1: Unaware | 2: Limited Grasp | 3: Functional Comprehension | 4: Analytical Understanding | 5: Expert Mastery","I figured out why the washing machine wasn't draining; the pump filter was clogged, and I could explain how that blockage prevented the water from moving out.",4
"Facet: Understanding mechanical concepts; Definition: The cognitive ability to comprehend the principles governing how physical systems, machines, and tools operate, including the interrelationships of their components, forces, motion, and energy transfer, to predict function or diagnose issues.; Rubric: 1: Unaware | 2: Limited Grasp | 3: Functional Comprehension | 4: Analytical Understanding | 5: Expert Mastery",I'm currently designing a new type of robotic gripper that uses a novel pneumatic system to achieve both delicate handling and strong clamping force.,5
"Facet: Auditory Memory Recall; Definition: Auditory Memory Recall is the cognitive ability to encode, store, and retrieve information that has been presented through sound, such as spoken words, musical sequences, or environmental noises.; Rubric: 1: Minimal Recall | 2: Limited Recall | 3: Moderate Recall | 4: Strong Recall | 5: Exceptional Recall","I just heard you tell me the directions, but I can't remember any of the street names you mentioned.",1
"Facet: Auditory Memory Recall; Definition: Auditory Memory Recall is the cognitive ability to encode, store, and retrieve information that has been presented through sound, such as spoken words, musical sequences, or environmental noises.; Rubric: 1: Minimal Recall | 2: Limited Recall | 3: Moderate Recall | 4: Strong Recall | 5: Exceptional Recall","I remember you gave me a few tasks, but I can only recall the first one; the others are a bit fuzzy.",2
"Facet: Auditory Memory Recall; Definition: Auditory Memory Recall is the cognitive ability to encode, store, and retrieve information that has been presented through sound, such as spoken words, musical sequences, or environmental noises.; Rubric: 1: Minimal Recall | 2: Limited Recall | 3: Moderate Recall | 4: Strong Recall | 5: Exceptional Recall","Okay, I think I got most of that. You said to call Sarah, then email Mark, and then... was there something else about the report?",3
"Facet: Auditory Memory Recall; Definition: Auditory Memory Recall is the cognitive ability to encode, store, and retrieve information that has been presented through sound, such as spoken words, musical sequences, or environmental noises.; Rubric: 1: Minimal Recall | 2: Limited Recall | 3: Moderate Recall | 4: Strong Recall | 5: Exceptional Recall","Yes, I can accurately repeat the entire four-digit code you just whispered to me: 7-3-8-1.",4
"Facet: Auditory Memory Recall; Definition: Auditory Memory Recall is the cognitive ability to encode, store, and retrieve information that has been presented through sound, such as spoken words, musical sequences, or environmental noises.; Rubric: 1: Minimal Recall | 2: Limited Recall | 3: Moderate Recall | 4: Strong Recall | 5: Exceptional Recall","I can effortlessly recite the full 15-item shopping list you read aloud, in the exact sequence, without a single error.",5
"Facet: Storytelling proficiency; Definition: The ability to construct and deliver narratives effectively, engaging an audience, conveying meaning, and eliciting desired emotional or cognitive responses. This involves elements such as plot structure, character development, emotional resonance, vivid language, and clear communication of a central message or insight.; Rubric: 1: Disjointed, Confusing | 2: Basic, Unengaging | 3: Clear, Functional | 4: Engaging, Structured | 5: Captivating, Masterful","So, like, I went to the store, and then, uh, I saw a dog, but not really, then I remembered I needed milk, but I forgot why I was there. It was weird.",1
"Facet: Storytelling proficiency; Definition: The ability to construct and deliver narratives effectively, engaging an audience, conveying meaning, and eliciting desired emotional or cognitive responses. This involves elements such as plot structure, character development, emotional resonance, vivid language, and clear communication of a central message or insight.; Rubric: 1: Disjointed, Confusing | 2: Basic, Unengaging | 3: Clear, Functional | 4: Engaging, Structured | 5: Captivating, Masterful","Yesterday, I had a pretty normal day. I woke up, ate breakfast, went to work, came home, and watched some TV. Nothing much happened.",2
"Facet: Storytelling proficiency; Definition: The ability to construct and deliver narratives effectively, engaging an audience, conveying meaning, and eliciting desired emotional or cognitive responses. This involves elements such as plot structure, character development, emotional resonance, vivid language, and clear communication of a central message or insight.; Rubric: 1: Disjointed, Confusing | 2: Basic, Unengaging | 3: Clear, Functional | 4: Engaging, Structured | 5: Captivating, Masterful","I remember this one time I almost missed my flight. I was running late, got stuck in traffic, and barely made it to the gate just as they were closing it. It was a close call, but I made it.",3
"Facet: Storytelling proficiency; Definition: The ability to construct and deliver narratives effectively, engaging an audience, conveying meaning, and eliciting desired emotional or cognitive responses. This involves elements such as plot structure, character development, emotional resonance, vivid language, and clear communication of a central message or insight.; Rubric: 1: Disjointed, Confusing | 2: Basic, Unengaging | 3: Clear, Functional | 4: Engaging, Structured | 5: Captivating, Masterful","Picture this: it was a dark, stormy night, and the power had just gone out. My little sister, usually fearless, suddenly clutched my hand, her eyes wide with a mix of fear and excitement. That's when I knew it was time for a classic ghost story.",4
"Facet: Storytelling proficiency; Definition: The ability to construct and deliver narratives effectively, engaging an audience, conveying meaning, and eliciting desired emotional or cognitive responses. This involves elements such as plot structure, character development, emotional resonance, vivid language, and clear communication of a central message or insight.; Rubric: 1: Disjointed, Confusing | 2: Basic, Unengaging | 3: Clear, Functional | 4: Engaging, Structured | 5: Captivating, Masterful","The old man's eyes, crinkled at the corners from a lifetime of laughter and sorrow, twinkled as he began. 'It was the summer of '69,' he rasped, his voice a gravelly whisper that pulled us into the past, 'when the world felt like it was holding its breath, and a young man's heart was as wild and untamed as the ocean itself.' We were instantly transported, hanging on his every word.",5
"Facet: Music-lessons years; Definition: The cumulative duration, typically measured in years, an individual has formally engaged in structured instruction for playing a musical instrument or vocal training. This includes private lessons, group classes, or conservatory training.; Rubric: 1: None/Minimal | 2: Brief exposure | 3: Moderate duration | 4: Substantial experience | 5: Extensive/Lifelong","I never really had any music lessons; maybe a few weeks trying piano as a kid, but nothing serious.",1
"Facet: Music-lessons years; Definition: The cumulative duration, typically measured in years, an individual has formally engaged in structured instruction for playing a musical instrument or vocal training. This includes private lessons, group classes, or conservatory training.; Rubric: 1: None/Minimal | 2: Brief exposure | 3: Moderate duration | 4: Substantial experience | 5: Extensive/Lifelong","I took violin lessons for about a year in elementary school, but then I stopped.",2
"Facet: Music-lessons years; Definition: The cumulative duration, typically measured in years, an individual has formally engaged in structured instruction for playing a musical instrument or vocal training. This includes private lessons, group classes, or conservatory training.; Rubric: 1: None/Minimal | 2: Brief exposure | 3: Moderate duration | 4: Substantial experience | 5: Extensive/Lifelong","I played clarinet in the school band for a few years in middle and high school, so maybe around 3-4 years of formal instruction.",3
"Facet: Music-lessons years; Definition: The cumulative duration, typically measured in years, an individual has formally engaged in structured instruction for playing a musical instrument or vocal training. This includes private lessons, group classes, or conservatory training.; Rubric: 1: None/Minimal | 2: Brief exposure | 3: Moderate duration | 4: Substantial experience | 5: Extensive/Lifelong","I had piano lessons consistently from age 7 through 16, so that's a solid nine years of dedicated music training.",4
"Facet: Music-lessons years; Definition: The cumulative duration, typically measured in years, an individual has formally engaged in structured instruction for playing a musical instrument or vocal training. This includes private lessons, group classes, or conservatory training.; Rubric: 1: None/Minimal | 2: Brief exposure | 3: Moderate duration | 4: Substantial experience | 5: Extensive/Lifelong","I've been taking guitar lessons on and off since I was five, and I even went to a music academy for a couple of years in college, so it feels like a lifelong pursuit.",5
"Facet: Warmheartedness; Definition: Warmheartedness refers to a disposition characterized by kindness, compassion, and a genuine concern for the well-being of others, often expressed through empathy, friendliness, and a nurturing attitude.; Rubric: 1: Indifferent | 2: Reserved | 3: Courteous | 4: Caring | 5: Compassionate","He tends to be quite detached, rarely showing any emotional reaction or concern for what others might be going through.",1
"Facet: Warmheartedness; Definition: Warmheartedness refers to a disposition characterized by kindness, compassion, and a genuine concern for the well-being of others, often expressed through empathy, friendliness, and a nurturing attitude.; Rubric: 1: Indifferent | 2: Reserved | 3: Courteous | 4: Caring | 5: Compassionate","She's always polite and respectful, but she maintains a certain distance and doesn't often express strong personal warmth.",2
"Facet: Warmheartedness; Definition: Warmheartedness refers to a disposition characterized by kindness, compassion, and a genuine concern for the well-being of others, often expressed through empathy, friendliness, and a nurturing attitude.; Rubric: 1: Indifferent | 2: Reserved | 3: Courteous | 4: Caring | 5: Compassionate","He's generally pleasant and friendly, always offering a polite greeting and willing to help out if directly asked.",3
"Facet: Warmheartedness; Definition: Warmheartedness refers to a disposition characterized by kindness, compassion, and a genuine concern for the well-being of others, often expressed through empathy, friendliness, and a nurturing attitude.; Rubric: 1: Indifferent | 2: Reserved | 3: Courteous | 4: Caring | 5: Compassionate","She's very attentive and thoughtful, often asking how you're doing and genuinely trying to understand your perspective when you're facing difficulties.",4
"Facet: Warmheartedness; Definition: Warmheartedness refers to a disposition characterized by kindness, compassion, and a genuine concern for the well-being of others, often expressed through empathy, friendliness, and a nurturing attitude.; Rubric: 1: Indifferent | 2: Reserved | 3: Courteous | 4: Caring | 5: Compassionate","He's the first person to offer comfort and practical help, consistently going out of his way to support friends and strangers alike with profound empathy and kindness.",5
"Facet: Self-effacement; Definition: Self-effacement is the act or a tendency to make oneself inconspicuous or less important, often by downplaying one's own achievements, abilities, or presence, typically out of modesty, humility, or a desire to deflect praise and attention.; Rubric: 1: Self-Promoting | 2: Confidently Acknowledging | 3: Modestly Accepting | 4: Downplaying Achievement | 5: Actively Minimizing","Honestly, I think my presentation was the best one today; I really nailed all the key points and delivered perfectly.",1
"Facet: Self-effacement; Definition: Self-effacement is the act or a tendency to make oneself inconspicuous or less important, often by downplaying one's own achievements, abilities, or presence, typically out of modesty, humility, or a desire to deflect praise and attention.; Rubric: 1: Self-Promoting | 2: Confidently Acknowledging | 3: Modestly Accepting | 4: Downplaying Achievement | 5: Actively Minimizing","I'm really pleased with how the presentation went. I put a lot of effort into it, and I'm proud of the positive reception.",2
"Facet: Self-effacement; Definition: Self-effacement is the act or a tendency to make oneself inconspicuous or less important, often by downplaying one's own achievements, abilities, or presence, typically out of modesty, humility, or a desire to deflect praise and attention.; Rubric: 1: Self-Promoting | 2: Confidently Acknowledging | 3: Modestly Accepting | 4: Downplaying Achievement | 5: Actively Minimizing",Thanks for the compliment on the presentation! I'm just happy it was well-received and useful to everyone.,3
"Facet: Self-effacement; Definition: Self-effacement is the act or a tendency to make oneself inconspicuous or less important, often by downplaying one's own achievements, abilities, or presence, typically out of modesty, humility, or a desire to deflect praise and attention.; Rubric: 1: Self-Promoting | 2: Confidently Acknowledging | 3: Modestly Accepting | 4: Downplaying Achievement | 5: Actively Minimizing","Oh, the presentation? It was alright, nothing special. The whole team really pulled together to make it happen.",4
"Facet: Self-effacement; Definition: Self-effacement is the act or a tendency to make oneself inconspicuous or less important, often by downplaying one's own achievements, abilities, or presence, typically out of modesty, humility, or a desire to deflect praise and attention.; Rubric: 1: Self-Promoting | 2: Confidently Acknowledging | 3: Modestly Accepting | 4: Downplaying Achievement | 5: Actively Minimizing","That presentation was probably a bit of a ramble, and I stumbled through it, but I'm glad we got through it. Anyone could have done it, really.",5
"Facet: Outspokenness; Definition: Outspokenness refers to the behavioral tendency to express one's opinions, thoughts, and feelings freely, directly, and often assertively, without undue hesitation or significant concern for potential social discomfort or disapproval.; Rubric: 1: Reserved | 2: Cautious | 3: Direct | 4: Assertive | 5: Unreserved",I usually just listen during team meetings; I prefer to keep my thoughts to myself unless directly asked.,1
"Facet: Outspokenness; Definition: Outspokenness refers to the behavioral tendency to express one's opinions, thoughts, and feelings freely, directly, and often assertively, without undue hesitation or significant concern for potential social discomfort or disapproval.; Rubric: 1: Reserved | 2: Cautious | 3: Direct | 4: Assertive | 5: Unreserved","I had a point to make, but I waited until the very end of the discussion, and even then, I phrased it very carefully.",2
"Facet: Outspokenness; Definition: Outspokenness refers to the behavioral tendency to express one's opinions, thoughts, and feelings freely, directly, and often assertively, without undue hesitation or significant concern for potential social discomfort or disapproval.; Rubric: 1: Reserved | 2: Cautious | 3: Direct | 4: Assertive | 5: Unreserved","When asked for my opinion, I told them directly that I thought the new policy had some flaws, but I didn't dwell on it.",3
"Facet: Outspokenness; Definition: Outspokenness refers to the behavioral tendency to express one's opinions, thoughts, and feelings freely, directly, and often assertively, without undue hesitation or significant concern for potential social discomfort or disapproval.; Rubric: 1: Reserved | 2: Cautious | 3: Direct | 4: Assertive | 5: Unreserved","I made sure to voice my strong disagreement with the proposed budget cut during the town hall meeting, explaining my reasons clearly.",4
"Facet: Outspokenness; Definition: Outspokenness refers to the behavioral tendency to express one's opinions, thoughts, and feelings freely, directly, and often assertively, without undue hesitation or significant concern for potential social discomfort or disapproval.; Rubric: 1: Reserved | 2: Cautious | 3: Direct | 4: Assertive | 5: Unreserved","Honestly, I just told the CEO exactly what I thought about the company's direction, even though I knew it wouldn't be a popular opinion among the management.",5
"Facet: Sleep-environment temperature; Definition: The ambient temperature of an individual's immediate sleeping environment and its influence on sleep onset, maintenance, and overall sleep quality, typically ranging from too cold to too hot.; Rubric: 1: Extreme Discomfort | 2: Mild Discomfort | 3: Neutral/Variable | 4: Mostly Optimal | 5: Perfectly Regulated","I couldn't sleep a wink last night; the bedroom felt like a sauna, and I was constantly tossing and turning, soaked in sweat.",1
"Facet: Sleep-environment temperature; Definition: The ambient temperature of an individual's immediate sleeping environment and its influence on sleep onset, maintenance, and overall sleep quality, typically ranging from too cold to too hot.; Rubric: 1: Extreme Discomfort | 2: Mild Discomfort | 3: Neutral/Variable | 4: Mostly Optimal | 5: Perfectly Regulated","I kept waking up feeling a bit too cold and pulling the blanket tighter, but it wasn't terrible enough to get out of bed.",2
"Facet: Sleep-environment temperature; Definition: The ambient temperature of an individual's immediate sleeping environment and its influence on sleep onset, maintenance, and overall sleep quality, typically ranging from too cold to too hot.; Rubric: 1: Extreme Discomfort | 2: Mild Discomfort | 3: Neutral/Variable | 4: Mostly Optimal | 5: Perfectly Regulated","The temperature was alright when I fell asleep, but then I woke up feeling a bit warm and had to kick off the covers for a while.",3
"Facet: Sleep-environment temperature; Definition: The ambient temperature of an individual's immediate sleeping environment and its influence on sleep onset, maintenance, and overall sleep quality, typically ranging from too cold to too hot.; Rubric: 1: Extreme Discomfort | 2: Mild Discomfort | 3: Neutral/Variable | 4: Mostly Optimal | 5: Perfectly Regulated",The room temperature was pretty comfortable last night; I only had to adjust my blanket once or twice.,4
"Facet: Sleep-environment temperature; Definition: The ambient temperature of an individual's immediate sleeping environment and its influence on sleep onset, maintenance, and overall sleep quality, typically ranging from too cold to too hot.; Rubric: 1: Extreme Discomfort | 2: Mild Discomfort | 3: Neutral/Variable | 4: Mostly Optimal | 5: Perfectly Regulated","The temperature in my bedroom was absolutely ideal last night – I didn't even notice it, which means it was just right for deep sleep.",5
"Facet: Comprehension of spoken information; Definition: The ability to accurately perceive, interpret, and understand the meaning, intent, and implications of verbal communication received through auditory channels, ranging from simple instructions to complex narratives or discussions.; Rubric: 1: Minimal grasp | 2: Limited understanding | 3: Adequate comprehension | 4: Strong grasp | 5: Exceptional insight","Wait, could you repeat that whole thing? I think I missed the main idea completely.",1
"Facet: Comprehension of spoken information; Definition: The ability to accurately perceive, interpret, and understand the meaning, intent, and implications of verbal communication received through auditory channels, ranging from simple instructions to complex narratives or discussions.; Rubric: 1: Minimal grasp | 2: Limited understanding | 3: Adequate comprehension | 4: Strong grasp | 5: Exceptional insight","So, I get that we need to do something, but I'm a bit hazy on the 'how' and 'when' you just explained.",2
"Facet: Comprehension of spoken information; Definition: The ability to accurately perceive, interpret, and understand the meaning, intent, and implications of verbal communication received through auditory channels, ranging from simple instructions to complex narratives or discussions.; Rubric: 1: Minimal grasp | 2: Limited understanding | 3: Adequate comprehension | 4: Strong grasp | 5: Exceptional insight","Okay, I understand the main points of the project, though I might need to double-check a couple of the specific requirements.",3
"Facet: Comprehension of spoken information; Definition: The ability to accurately perceive, interpret, and understand the meaning, intent, and implications of verbal communication received through auditory channels, ranging from simple instructions to complex narratives or discussions.; Rubric: 1: Minimal grasp | 2: Limited understanding | 3: Adequate comprehension | 4: Strong grasp | 5: Exceptional insight","Got it. I understand the task, the rationale behind it, and the steps we need to take. Just confirming the deadline you mentioned.",4
"Facet: Comprehension of spoken information; Definition: The ability to accurately perceive, interpret, and understand the meaning, intent, and implications of verbal communication received through auditory channels, ranging from simple instructions to complex narratives or discussions.; Rubric: 1: Minimal grasp | 2: Limited understanding | 3: Adequate comprehension | 4: Strong grasp | 5: Exceptional insight",Absolutely clear. I've not only grasped the instructions but also anticipated the potential roadblocks and already have a few follow-up questions about optimizing the process.,5
"Facet: Blissfulness; Definition: Blissfulness is an intense, profound state of extreme happiness, joy, and serene contentment, often characterized by a feeling of complete peace and well-being, transcending ordinary positive emotions.; Rubric: 1: Absence | 2: Fleeting | 3: Occasional | 4: Frequent | 5: Profound",I haven't felt anything resembling bliss in such a long time; life just feels like a constant uphill battle right now.,1
"Facet: Blissfulness; Definition: Blissfulness is an intense, profound state of extreme happiness, joy, and serene contentment, often characterized by a feeling of complete peace and well-being, transcending ordinary positive emotions.; Rubric: 1: Absence | 2: Fleeting | 3: Occasional | 4: Frequent | 5: Profound","I get these brief, fleeting moments of intense joy, like when my favorite song comes on, but they're gone almost as soon as they arrive.",2
"Facet: Blissfulness; Definition: Blissfulness is an intense, profound state of extreme happiness, joy, and serene contentment, often characterized by a feeling of complete peace and well-being, transcending ordinary positive emotions.; Rubric: 1: Absence | 2: Fleeting | 3: Occasional | 4: Frequent | 5: Profound","When I'm completely immersed in my painting, or spending time with my family, I sometimes experience a deep, quiet contentment that feels close to bliss.",3
"Facet: Blissfulness; Definition: Blissfulness is an intense, profound state of extreme happiness, joy, and serene contentment, often characterized by a feeling of complete peace and well-being, transcending ordinary positive emotions.; Rubric: 1: Absence | 2: Fleeting | 3: Occasional | 4: Frequent | 5: Profound","Since I started practicing gratitude daily, I've noticed I'm experiencing moments of profound peace and happiness quite regularly throughout my week.",4
"Facet: Blissfulness; Definition: Blissfulness is an intense, profound state of extreme happiness, joy, and serene contentment, often characterized by a feeling of complete peace and well-being, transcending ordinary positive emotions.; Rubric: 1: Absence | 2: Fleeting | 3: Occasional | 4: Frequent | 5: Profound","Lying on that secluded beach, listening to the waves, with absolutely no worries or distractions, I felt a complete and utterly profound sense of bliss wash over me.",5
"Facet: Sequential Memory Recall; Definition: The cognitive ability to remember and reproduce a series of items, events, or information in the exact order in which they were originally presented or experienced.; Rubric: 1: Very limited, chaotic | 2: Fragmented, inconsistent | 3: Moderate, some errors | 4: Good, minor slips | 5: Excellent, flawless","I can barely remember any of those steps, let alone the order they were supposed to be in.",1
"Facet: Sequential Memory Recall; Definition: The cognitive ability to remember and reproduce a series of items, events, or information in the exact order in which they were originally presented or experienced.; Rubric: 1: Very limited, chaotic | 2: Fragmented, inconsistent | 3: Moderate, some errors | 4: Good, minor slips | 5: Excellent, flawless","I remember some of the ingredients, but I can't quite get the baking steps in the right sequence, so it's a bit of a guess.",2
"Facet: Sequential Memory Recall; Definition: The cognitive ability to remember and reproduce a series of items, events, or information in the exact order in which they were originally presented or experienced.; Rubric: 1: Very limited, chaotic | 2: Fragmented, inconsistent | 3: Moderate, some errors | 4: Good, minor slips | 5: Excellent, flawless","I can mostly recall the main points of the presentation in order, but I might mix up a couple of the middle slides.",3
"Facet: Sequential Memory Recall; Definition: The cognitive ability to remember and reproduce a series of items, events, or information in the exact order in which they were originally presented or experienced.; Rubric: 1: Very limited, chaotic | 2: Fragmented, inconsistent | 3: Moderate, some errors | 4: Good, minor slips | 5: Excellent, flawless","I remembered all the instructions for assembling the furniture, only getting one small step out of sequence for a moment before correcting myself.",4
"Facet: Sequential Memory Recall; Definition: The cognitive ability to remember and reproduce a series of items, events, or information in the exact order in which they were originally presented or experienced.; Rubric: 1: Very limited, chaotic | 2: Fragmented, inconsistent | 3: Moderate, some errors | 4: Good, minor slips | 5: Excellent, flawless","She recited the entire complex phone number and access code perfectly, without a single pause or mistake in the order.",5
"Facet: Withdrawnness; Definition: Withdrawnness refers to a behavioral tendency to disengage from social interaction, avoid emotional expression, and retreat into oneself, often characterized by a lack of participation, reduced communication, and a preference for solitude over social engagement.; Rubric: 1: Socially Engaged | 2: Occasionally Reserved | 3: Selectively Private | 4: Frequently Secluded | 5: Profoundly Isolated","Even after a long day, Sarah loves to join her friends for dinner and always has a story to share, actively participating in every conversation.",1
"Facet: Withdrawnness; Definition: Withdrawnness refers to a behavioral tendency to disengage from social interaction, avoid emotional expression, and retreat into oneself, often characterized by a lack of participation, reduced communication, and a preference for solitude over social engagement.; Rubric: 1: Socially Engaged | 2: Occasionally Reserved | 3: Selectively Private | 4: Frequently Secluded | 5: Profoundly Isolated","Mark is usually quite chatty and friendly, but sometimes in large, unfamiliar groups, he'll just listen quietly without contributing much.",2
"Facet: Withdrawnness; Definition: Withdrawnness refers to a behavioral tendency to disengage from social interaction, avoid emotional expression, and retreat into oneself, often characterized by a lack of participation, reduced communication, and a preference for solitude over social engagement.; Rubric: 1: Socially Engaged | 2: Occasionally Reserved | 3: Selectively Private | 4: Frequently Secluded | 5: Profoundly Isolated","While she's comfortable and expressive with her close circle, Emily often declines invitations to big parties, preferring more intimate gatherings or time alone to recharge.",3
"Facet: Withdrawnness; Definition: Withdrawnness refers to a behavioral tendency to disengage from social interaction, avoid emotional expression, and retreat into oneself, often characterized by a lack of participation, reduced communication, and a preference for solitude over social engagement.; Rubric: 1: Socially Engaged | 2: Occasionally Reserved | 3: Selectively Private | 4: Frequently Secluded | 5: Profoundly Isolated","Lately, John has been spending most of his evenings alone in his room, rarely coming out to socialize even when invited by his housemates.",4
"Facet: Withdrawnness; Definition: Withdrawnness refers to a behavioral tendency to disengage from social interaction, avoid emotional expression, and retreat into oneself, often characterized by a lack of participation, reduced communication, and a preference for solitude over social engagement.; Rubric: 1: Socially Engaged | 2: Occasionally Reserved | 3: Selectively Private | 4: Frequently Secluded | 5: Profoundly Isolated","Despite numerous attempts by family and friends to reach out, Maria has completely cut herself off, not answering calls or leaving her apartment for weeks.",5
"Facet: Hindu spiritual metric: Yoga discipline hours / week; Definition: The cumulative weekly time, measured in hours, that an individual dedicates to formal yoga practice, understood as a spiritual discipline aimed at physical, mental, and spiritual well-being and advancement within a Hindu spiritual framework.; Rubric: 1: Minimal | 2: Sporadic | 3: Consistent | 4: Dedicated | 5: Immersive","I barely manage to do any yoga; maybe a quick session once a month if I'm really feeling stressed, so it's practically zero hours most weeks.",1
"Facet: Hindu spiritual metric: Yoga discipline hours / week; Definition: The cumulative weekly time, measured in hours, that an individual dedicates to formal yoga practice, understood as a spiritual discipline aimed at physical, mental, and spiritual well-being and advancement within a Hindu spiritual framework.; Rubric: 1: Minimal | 2: Sporadic | 3: Consistent | 4: Dedicated | 5: Immersive","I try to get to a yoga class when I can, perhaps once every other week, but it's hard to make it a regular thing with my schedule.",2
"Facet: Hindu spiritual metric: Yoga discipline hours / week; Definition: The cumulative weekly time, measured in hours, that an individual dedicates to formal yoga practice, understood as a spiritual discipline aimed at physical, mental, and spiritual well-being and advancement within a Hindu spiritual framework.; Rubric: 1: Minimal | 2: Sporadic | 3: Consistent | 4: Dedicated | 5: Immersive","I make sure to do yoga about three times a week, usually an hour-long session each time, so it's a pretty consistent part of my routine.",3
"Facet: Hindu spiritual metric: Yoga discipline hours / week; Definition: The cumulative weekly time, measured in hours, that an individual dedicates to formal yoga practice, understood as a spiritual discipline aimed at physical, mental, and spiritual well-being and advancement within a Hindu spiritual framework.; Rubric: 1: Minimal | 2: Sporadic | 3: Consistent | 4: Dedicated | 5: Immersive","Yoga is a big part of my life; I practice almost every day for at least an hour, sometimes more, really focusing on my asanas and meditation.",4
"Facet: Hindu spiritual metric: Yoga discipline hours / week; Definition: The cumulative weekly time, measured in hours, that an individual dedicates to formal yoga practice, understood as a spiritual discipline aimed at physical, mental, and spiritual well-being and advancement within a Hindu spiritual framework.; Rubric: 1: Minimal | 2: Sporadic | 3: Consistent | 4: Dedicated | 5: Immersive","My spiritual path revolves heavily around yoga; I dedicate a significant portion of my day to practice, often doing two-hour sessions daily, plus additional pranayama and meditation.",5
"Facet: Conservatism; Definition: Conservatism, in a behavioral context, refers to a psychological predisposition characterized by a preference for tradition, stability, and established order, often accompanied by a resistance to change, an emphasis on conventional values, and a greater perceived need for security and authority.; Rubric: 1: Progressive | 2: Adaptable | 3: Balanced | 4: Traditional | 5: Unyielding",I'm always looking for the latest innovations and I think society should constantly evolve and question old ways of doing things.,1
"Facet: Conservatism; Definition: Conservatism, in a behavioral context, refers to a psychological predisposition characterized by a preference for tradition, stability, and established order, often accompanied by a resistance to change, an emphasis on conventional values, and a greater perceived need for security and authority.; Rubric: 1: Progressive | 2: Adaptable | 3: Balanced | 4: Traditional | 5: Unyielding","While I appreciate tradition, I'm certainly open to new ideas if they can clearly demonstrate an improvement over what we currently have.",2
"Facet: Conservatism; Definition: Conservatism, in a behavioral context, refers to a psychological predisposition characterized by a preference for tradition, stability, and established order, often accompanied by a resistance to change, an emphasis on conventional values, and a greater perceived need for security and authority.; Rubric: 1: Progressive | 2: Adaptable | 3: Balanced | 4: Traditional | 5: Unyielding","I believe there's value in both holding onto our heritage and embracing new developments, so I try to find a practical middle ground.",3
"Facet: Conservatism; Definition: Conservatism, in a behavioral context, refers to a psychological predisposition characterized by a preference for tradition, stability, and established order, often accompanied by a resistance to change, an emphasis on conventional values, and a greater perceived need for security and authority.; Rubric: 1: Progressive | 2: Adaptable | 3: Balanced | 4: Traditional | 5: Unyielding","I generally prefer sticking to the tried-and-true methods; things have worked well this way for a long time, and I value stability over constant upheaval.",4
"Facet: Conservatism; Definition: Conservatism, in a behavioral context, refers to a psychological predisposition characterized by a preference for tradition, stability, and established order, often accompanied by a resistance to change, an emphasis on conventional values, and a greater perceived need for security and authority.; Rubric: 1: Progressive | 2: Adaptable | 3: Balanced | 4: Traditional | 5: Unyielding",We should absolutely uphold our long-standing traditions and established institutions; any radical changes would only lead to chaos.,5
"Facet: Adaptability and Flexibility Subcomponents; Definition: Adaptability and Flexibility Subcomponents refer to the specific cognitive, emotional, and behavioral processes that enable an individual to adjust effectively to new or changing circumstances, unexpected challenges, and diverse environments. This includes openness to new ideas, cognitive reframing, emotional regulation in flux, and behavioral adjustment in response to novel or evolving demands.; Rubric: 1: Rigid, Resistant | 2: Hesitant, Slow-to-adjust | 3: Accommodating, Follows | 4: Proactive, Open-minded | 5: Agile, Innovative","I really don't see why we need to change the process; the old way worked perfectly fine, and I'm not comfortable with new methods.",1
"Facet: Adaptability and Flexibility Subcomponents; Definition: Adaptability and Flexibility Subcomponents refer to the specific cognitive, emotional, and behavioral processes that enable an individual to adjust effectively to new or changing circumstances, unexpected challenges, and diverse environments. This includes openness to new ideas, cognitive reframing, emotional regulation in flux, and behavioral adjustment in response to novel or evolving demands.; Rubric: 1: Rigid, Resistant | 2: Hesitant, Slow-to-adjust | 3: Accommodating, Follows | 4: Proactive, Open-minded | 5: Agile, Innovative","Okay, I guess we can try that new software, but it's going to take me a while to get used to it, and I'm not convinced it's better.",2
"Facet: Adaptability and Flexibility Subcomponents; Definition: Adaptability and Flexibility Subcomponents refer to the specific cognitive, emotional, and behavioral processes that enable an individual to adjust effectively to new or changing circumstances, unexpected challenges, and diverse environments. This includes openness to new ideas, cognitive reframing, emotional regulation in flux, and behavioral adjustment in response to novel or evolving demands.; Rubric: 1: Rigid, Resistant | 2: Hesitant, Slow-to-adjust | 3: Accommodating, Follows | 4: Proactive, Open-minded | 5: Agile, Innovative",I'm fine with whatever the team decides for the new project direction; I'll adapt to the changes as they come up.,3
"Facet: Adaptability and Flexibility Subcomponents; Definition: Adaptability and Flexibility Subcomponents refer to the specific cognitive, emotional, and behavioral processes that enable an individual to adjust effectively to new or changing circumstances, unexpected challenges, and diverse environments. This includes openness to new ideas, cognitive reframing, emotional regulation in flux, and behavioral adjustment in response to novel or evolving demands.; Rubric: 1: Rigid, Resistant | 2: Hesitant, Slow-to-adjust | 3: Accommodating, Follows | 4: Proactive, Open-minded | 5: Agile, Innovative","This new market trend is a big shift, but I've already started exploring how we can pivot our strategy to capitalize on it.",4
"Facet: Adaptability and Flexibility Subcomponents; Definition: Adaptability and Flexibility Subcomponents refer to the specific cognitive, emotional, and behavioral processes that enable an individual to adjust effectively to new or changing circumstances, unexpected challenges, and diverse environments. This includes openness to new ideas, cognitive reframing, emotional regulation in flux, and behavioral adjustment in response to novel or evolving demands.; Rubric: 1: Rigid, Resistant | 2: Hesitant, Slow-to-adjust | 3: Accommodating, Follows | 4: Proactive, Open-minded | 5: Agile, Innovative","Given the unexpected client feedback, I've already brainstormed three completely new approaches and am ready to prototype the most promising one immediately.",5
"Facet: Hindu spiritual metric: Vrata vows observed / year; Definition: The quantifiable measure of an individual's adherence to and successful completion of specific religious vows (Vratas) within the Hindu tradition over a one-year period, reflecting their devotional commitment and spiritual discipline.; Rubric: 1: Infrequent | 2: Occasional | 3: Regular | 4: Consistent | 5: Dedicated","I barely observe any vratas throughout the year, maybe only if there's a big family gathering that requires it.",1
"Facet: Hindu spiritual metric: Vrata vows observed / year; Definition: The quantifiable measure of an individual's adherence to and successful completion of specific religious vows (Vratas) within the Hindu tradition over a one-year period, reflecting their devotional commitment and spiritual discipline.; Rubric: 1: Infrequent | 2: Occasional | 3: Regular | 4: Consistent | 5: Dedicated","I try to observe a few important vratas, like Shivratri or the main Navratri fasts, but not much else.",2
"Facet: Hindu spiritual metric: Vrata vows observed / year; Definition: The quantifiable measure of an individual's adherence to and successful completion of specific religious vows (Vratas) within the Hindu tradition over a one-year period, reflecting their devotional commitment and spiritual discipline.; Rubric: 1: Infrequent | 2: Occasional | 3: Regular | 4: Consistent | 5: Dedicated","I make sure to observe my weekly fasts for Lord Shiva and a couple of the bigger annual vratas, keeping a steady pace.",3
"Facet: Hindu spiritual metric: Vrata vows observed / year; Definition: The quantifiable measure of an individual's adherence to and successful completion of specific religious vows (Vratas) within the Hindu tradition over a one-year period, reflecting their devotional commitment and spiritual discipline.; Rubric: 1: Infrequent | 2: Occasional | 3: Regular | 4: Consistent | 5: Dedicated","I'm pretty consistent with my vratas; I observe most of the significant monthly and annual ones, and often some special ones too.",4
"Facet: Hindu spiritual metric: Vrata vows observed / year; Definition: The quantifiable measure of an individual's adherence to and successful completion of specific religious vows (Vratas) within the Hindu tradition over a one-year period, reflecting their devotional commitment and spiritual discipline.; Rubric: 1: Infrequent | 2: Occasional | 3: Regular | 4: Consistent | 5: Dedicated","I dedicate myself to observing almost all the major and many minor vratas throughout the year, often undertaking multi-day fasts with full devotion.",5
"Facet: Ardency; Definition: Ardency refers to a strong, intense, and passionate enthusiasm or fervor, often characterized by a deep devotion, zeal, or eagerness towards a particular person, cause, activity, or belief. It implies a burning desire or spirited engagement.; Rubric: 1: Indifferent | 2: Mildly Interested | 3: Enthusiastic | 4: Passionate | 5: Fervent","Honestly, I don't really care much about the new project; it just feels like more work to me.",1
"Facet: Ardency; Definition: Ardency refers to a strong, intense, and passionate enthusiasm or fervor, often characterized by a deep devotion, zeal, or eagerness towards a particular person, cause, activity, or belief. It implies a burning desire or spirited engagement.; Rubric: 1: Indifferent | 2: Mildly Interested | 3: Enthusiastic | 4: Passionate | 5: Fervent","Yeah, I'm kind of interested in learning to play guitar, I might pick it up if I find a cheap one.",2
"Facet: Ardency; Definition: Ardency refers to a strong, intense, and passionate enthusiasm or fervor, often characterized by a deep devotion, zeal, or eagerness towards a particular person, cause, activity, or belief. It implies a burning desire or spirited engagement.; Rubric: 1: Indifferent | 2: Mildly Interested | 3: Enthusiastic | 4: Passionate | 5: Fervent",I'm really looking forward to the hike this weekend; I've been checking out the trail maps all week.,3
"Facet: Ardency; Definition: Ardency refers to a strong, intense, and passionate enthusiasm or fervor, often characterized by a deep devotion, zeal, or eagerness towards a particular person, cause, activity, or belief. It implies a burning desire or spirited engagement.; Rubric: 1: Indifferent | 2: Mildly Interested | 3: Enthusiastic | 4: Passionate | 5: Fervent",She's absolutely passionate about environmental conservation; she dedicates all her free time to volunteering and advocacy.,4
"Facet: Ardency; Definition: Ardency refers to a strong, intense, and passionate enthusiasm or fervor, often characterized by a deep devotion, zeal, or eagerness towards a particular person, cause, activity, or belief. It implies a burning desire or spirited engagement.; Rubric: 1: Indifferent | 2: Mildly Interested | 3: Enthusiastic | 4: Passionate | 5: Fervent","His fervor for the new scientific discovery is truly inspiring; he's practically living in the lab, driven by an unshakeable belief in its potential.",5
"Facet: Aesthetic Appreciation; Definition: Aesthetic Appreciation is the capacity to recognize, interpret, and derive pleasure or meaning from beauty, art, and sensory experiences, often involving an emotional and cognitive response to qualities like harmony, form, color, and expression.; Rubric: 1: Indifferent | 2: Superficial | 3: Engaged | 4: Discerning | 5: Profound","Honestly, I don't really get what the big deal is about that painting; it just looks like a bunch of random colors to me.",1
"Facet: Aesthetic Appreciation; Definition: Aesthetic Appreciation is the capacity to recognize, interpret, and derive pleasure or meaning from beauty, art, and sensory experiences, often involving an emotional and cognitive response to qualities like harmony, form, color, and expression.; Rubric: 1: Indifferent | 2: Superficial | 3: Engaged | 4: Discerning | 5: Profound","Yeah, the new building looks pretty cool from the outside, I guess, with all the glass.",2
"Facet: Aesthetic Appreciation; Definition: Aesthetic Appreciation is the capacity to recognize, interpret, and derive pleasure or meaning from beauty, art, and sensory experiences, often involving an emotional and cognitive response to qualities like harmony, form, color, and expression.; Rubric: 1: Indifferent | 2: Superficial | 3: Engaged | 4: Discerning | 5: Profound","I really enjoyed that concert; the way the musicians played together was quite moving, and I liked the melody.",3
"Facet: Aesthetic Appreciation; Definition: Aesthetic Appreciation is the capacity to recognize, interpret, and derive pleasure or meaning from beauty, art, and sensory experiences, often involving an emotional and cognitive response to qualities like harmony, form, color, and expression.; Rubric: 1: Indifferent | 2: Superficial | 3: Engaged | 4: Discerning | 5: Profound","I found the artist's use of light and shadow in that landscape particularly effective in conveying a sense of melancholy, and the brushwork was exquisite.",4
"Facet: Aesthetic Appreciation; Definition: Aesthetic Appreciation is the capacity to recognize, interpret, and derive pleasure or meaning from beauty, art, and sensory experiences, often involving an emotional and cognitive response to qualities like harmony, form, color, and expression.; Rubric: 1: Indifferent | 2: Superficial | 3: Engaged | 4: Discerning | 5: Profound","Experiencing that ballet was transformative; the seamless fusion of movement, music, and narrative evoked such a powerful emotional resonance that it lingered with me for days, prompting me to reflect on beauty itself.",5
"Facet: Transactional Leadership; Definition: Transactional leadership is a leadership style where the leader focuses on supervision, organization, and performance through a system of rewards and punishments. It operates on the principle of an exchange or 'transaction' between the leader and follower, where followers are motivated by self-interest and compliance with established rules and goals.; Rubric: 1: Absent/Laissez-faire | 2: Reactive/Passive Mgt. | 3: Standard Contingent Reward | 4: Proactive Contingent Reward | 5: Optimized Performance Exchange","Honestly, I don't even know what our team's goals are this quarter; our manager just lets us do whatever with no real guidance or consequences.",1
"Facet: Transactional Leadership; Definition: Transactional leadership is a leadership style where the leader focuses on supervision, organization, and performance through a system of rewards and punishments. It operates on the principle of an exchange or 'transaction' between the leader and follower, where followers are motivated by self-interest and compliance with established rules and goals.; Rubric: 1: Absent/Laissez-faire | 2: Reactive/Passive Mgt. | 3: Standard Contingent Reward | 4: Proactive Contingent Reward | 5: Optimized Performance Exchange","He usually doesn't say anything until a deadline is completely missed or a major error occurs, then he'll step in to fix it.",2
"Facet: Transactional Leadership; Definition: Transactional leadership is a leadership style where the leader focuses on supervision, organization, and performance through a system of rewards and punishments. It operates on the principle of an exchange or 'transaction' between the leader and follower, where followers are motivated by self-interest and compliance with established rules and goals.; Rubric: 1: Absent/Laissez-faire | 2: Reactive/Passive Mgt. | 3: Standard Contingent Reward | 4: Proactive Contingent Reward | 5: Optimized Performance Exchange","If we hit our monthly sales targets, we get the standard bonus, which is pretty clear from the start of the month.",3
"Facet: Transactional Leadership; Definition: Transactional leadership is a leadership style where the leader focuses on supervision, organization, and performance through a system of rewards and punishments. It operates on the principle of an exchange or 'transaction' between the leader and follower, where followers are motivated by self-interest and compliance with established rules and goals.; Rubric: 1: Absent/Laissez-faire | 2: Reactive/Passive Mgt. | 3: Standard Contingent Reward | 4: Proactive Contingent Reward | 5: Optimized Performance Exchange","Our team lead clearly outlines our weekly metrics, gives specific feedback, and if we exceed them, he ensures we get extra recognition or a bonus.",4
"Facet: Transactional Leadership; Definition: Transactional leadership is a leadership style where the leader focuses on supervision, organization, and performance through a system of rewards and punishments. It operates on the principle of an exchange or 'transaction' between the leader and follower, where followers are motivated by self-interest and compliance with established rules and goals.; Rubric: 1: Absent/Laissez-faire | 2: Reactive/Passive Mgt. | 3: Standard Contingent Reward | 4: Proactive Contingent Reward | 5: Optimized Performance Exchange","Every project has incredibly clear deliverables and incentives, and our leader constantly refines the reward structure to keep us maximally motivated and productive.",5
"Facet: Value orientation: Universalism; Definition: Universalism, as a value orientation, emphasizes understanding, appreciation, tolerance, and protection for the welfare of all people and for nature. It reflects a broad concern for humanity and the environment, transcending personal or group interests.; Rubric: 1: Self-focused | 2: Group-centric | 3: Situational care | 4: Broadly concerned | 5: Globally committed","Honestly, I mostly just think about what's best for me and my immediate family.",1
"Facet: Value orientation: Universalism; Definition: Universalism, as a value orientation, emphasizes understanding, appreciation, tolerance, and protection for the welfare of all people and for nature. It reflects a broad concern for humanity and the environment, transcending personal or group interests.; Rubric: 1: Self-focused | 2: Group-centric | 3: Situational care | 4: Broadly concerned | 5: Globally committed",My main priority is making sure my community and people like us are doing well.,2
"Facet: Value orientation: Universalism; Definition: Universalism, as a value orientation, emphasizes understanding, appreciation, tolerance, and protection for the welfare of all people and for nature. It reflects a broad concern for humanity and the environment, transcending personal or group interests.; Rubric: 1: Self-focused | 2: Group-centric | 3: Situational care | 4: Broadly concerned | 5: Globally committed","I care about global issues when they directly affect me or are really prominent in the news, but it's not always on my mind.",3
"Facet: Value orientation: Universalism; Definition: Universalism, as a value orientation, emphasizes understanding, appreciation, tolerance, and protection for the welfare of all people and for nature. It reflects a broad concern for humanity and the environment, transcending personal or group interests.; Rubric: 1: Self-focused | 2: Group-centric | 3: Situational care | 4: Broadly concerned | 5: Globally committed",I try to keep up with what's happening globally and often think about how we can help people and the environment beyond our borders.,4
"Facet: Value orientation: Universalism; Definition: Universalism, as a value orientation, emphasizes understanding, appreciation, tolerance, and protection for the welfare of all people and for nature. It reflects a broad concern for humanity and the environment, transcending personal or group interests.; Rubric: 1: Self-focused | 2: Group-centric | 3: Situational care | 4: Broadly concerned | 5: Globally committed","My core belief is that we have a shared responsibility to protect everyone's well-being and the planet, no matter where they are or who they are.",5
"Facet: Perseverance; Definition: Perseverance is the sustained effort and continued commitment to achieve a goal despite encountering obstacles, difficulties, setbacks, or discouragement.; Rubric: 1: Gives Up Easily | 2: Discouraged Quickly | 3: Moderate Effort | 4: Persistent | 5: Unwavering Resolve","After the first failed attempt, he just threw his hands up and decided it wasn't worth the trouble.",1
"Facet: Perseverance; Definition: Perseverance is the sustained effort and continued commitment to achieve a goal despite encountering obstacles, difficulties, setbacks, or discouragement.; Rubric: 1: Gives Up Easily | 2: Discouraged Quickly | 3: Moderate Effort | 4: Persistent | 5: Unwavering Resolve","She tried for a while, but as soon as she faced a real challenge, she quickly lost interest and moved on.",2
"Facet: Perseverance; Definition: Perseverance is the sustained effort and continued commitment to achieve a goal despite encountering obstacles, difficulties, setbacks, or discouragement.; Rubric: 1: Gives Up Easily | 2: Discouraged Quickly | 3: Moderate Effort | 4: Persistent | 5: Unwavering Resolve","He'll keep working on a task for a reasonable amount of time, but if it gets too complex, he'll usually seek an alternative.",3
"Facet: Perseverance; Definition: Perseverance is the sustained effort and continued commitment to achieve a goal despite encountering obstacles, difficulties, setbacks, or discouragement.; Rubric: 1: Gives Up Easily | 2: Discouraged Quickly | 3: Moderate Effort | 4: Persistent | 5: Unwavering Resolve","Even when things get tough, she generally sticks with a problem until she finds a way to overcome it.",4
"Facet: Perseverance; Definition: Perseverance is the sustained effort and continued commitment to achieve a goal despite encountering obstacles, difficulties, setbacks, or discouragement.; Rubric: 1: Gives Up Easily | 2: Discouraged Quickly | 3: Moderate Effort | 4: Persistent | 5: Unwavering Resolve","Despite numerous setbacks and criticisms, he never once wavered in his dedication to finishing the project.",5
"Facet: Regularity of Self-Reflection; Definition: Regularity of Self-Reflection refers to the consistent and routine practice of examining one's own thoughts, feelings, behaviors, and experiences to gain insight, understand motivations, and evaluate personal growth or areas for improvement.; Rubric: 1: Never/Rarely | 2: Infrequent/Triggered | 3: Occasional/Sporadic | 4: Frequent/Scheduled | 5: Consistent/Habitual","Honestly, I don't really think about why I do things or how I feel, I just kind of go with the flow.",1
"Facet: Regularity of Self-Reflection; Definition: Regularity of Self-Reflection refers to the consistent and routine practice of examining one's own thoughts, feelings, behaviors, and experiences to gain insight, understand motivations, and evaluate personal growth or areas for improvement.; Rubric: 1: Never/Rarely | 2: Infrequent/Triggered | 3: Occasional/Sporadic | 4: Frequent/Scheduled | 5: Consistent/Habitual",I only really stop to think about myself when something big goes wrong or someone points out an issue.,2
"Facet: Regularity of Self-Reflection; Definition: Regularity of Self-Reflection refers to the consistent and routine practice of examining one's own thoughts, feelings, behaviors, and experiences to gain insight, understand motivations, and evaluate personal growth or areas for improvement.; Rubric: 1: Never/Rarely | 2: Infrequent/Triggered | 3: Occasional/Sporadic | 4: Frequent/Scheduled | 5: Consistent/Habitual","Sometimes I'll think about my day on the commute home, or reflect on a decision, but it's not a regular thing.",3
"Facet: Regularity of Self-Reflection; Definition: Regularity of Self-Reflection refers to the consistent and routine practice of examining one's own thoughts, feelings, behaviors, and experiences to gain insight, understand motivations, and evaluate personal growth or areas for improvement.; Rubric: 1: Never/Rarely | 2: Infrequent/Triggered | 3: Occasional/Sporadic | 4: Frequent/Scheduled | 5: Consistent/Habitual","I try to take some time each week, usually Sunday evening, to review how things went and what I could do better.",4
"Facet: Regularity of Self-Reflection; Definition: Regularity of Self-Reflection refers to the consistent and routine practice of examining one's own thoughts, feelings, behaviors, and experiences to gain insight, understand motivations, and evaluate personal growth or areas for improvement.; Rubric: 1: Never/Rarely | 2: Infrequent/Triggered | 3: Occasional/Sporadic | 4: Frequent/Scheduled | 5: Consistent/Habitual","Every evening, I journal for a bit to process my day, and I have a longer reflection session at the end of each month.",5
"Facet: Controlling Reactions; Definition: The ability to regulate one's emotional, cognitive, and behavioral responses, particularly in challenging or provocative situations, to maintain composure and act intentionally rather than impulsively.; Rubric: 1: Impulsive | 2: Overreactive | 3: Moderately Controlled | 4: Self-Regulated | 5: Composed","He just yells instantly whenever something doesn't go his way, without even thinking about the consequences.",1
"Facet: Controlling Reactions; Definition: The ability to regulate one's emotional, cognitive, and behavioral responses, particularly in challenging or provocative situations, to maintain composure and act intentionally rather than impulsively.; Rubric: 1: Impulsive | 2: Overreactive | 3: Moderately Controlled | 4: Self-Regulated | 5: Composed","When she got that critical feedback, she got visibly upset and defensive, even though it was meant to be constructive.",2
"Facet: Controlling Reactions; Definition: The ability to regulate one's emotional, cognitive, and behavioral responses, particularly in challenging or provocative situations, to maintain composure and act intentionally rather than impulsively.; Rubric: 1: Impulsive | 2: Overreactive | 3: Moderately Controlled | 4: Self-Regulated | 5: Composed","Sometimes I can keep my cool when things get stressful, but other times I just shut down or get snappy.",3
"Facet: Controlling Reactions; Definition: The ability to regulate one's emotional, cognitive, and behavioral responses, particularly in challenging or provocative situations, to maintain composure and act intentionally rather than impulsively.; Rubric: 1: Impulsive | 2: Overreactive | 3: Moderately Controlled | 4: Self-Regulated | 5: Composed","Even when he's under pressure, he usually takes a moment to think before responding, which helps him avoid rash decisions.",4
"Facet: Controlling Reactions; Definition: The ability to regulate one's emotional, cognitive, and behavioral responses, particularly in challenging or provocative situations, to maintain composure and act intentionally rather than impulsively.; Rubric: 1: Impulsive | 2: Overreactive | 3: Moderately Controlled | 4: Self-Regulated | 5: Composed","Despite the chaos around her, she remained completely calm and handled the difficult client call with remarkable poise.",5
"Facet: Psychological construct: Cultural Intelligence – Behavioral; Definition: Cultural Intelligence (CQ) – Behavioral refers to an individual's capacity to modify their verbal and non-verbal actions (e.g., gestures, tone of voice, communication style, social etiquette) to be appropriate and effective in diverse cultural settings. It reflects the observable actions taken to align with cultural norms and expectations.; Rubric: 1: Rigid/Inappropriate | 2: Imitative/Awkward | 3: Consciously Adapting | 4: Naturally Flexible | 5: Seamlessly Integrating","When he traveled abroad, he often used the same direct communication style as at home, which sometimes led to misunderstandings and discomfort.",1
"Facet: Psychological construct: Cultural Intelligence – Behavioral; Definition: Cultural Intelligence (CQ) – Behavioral refers to an individual's capacity to modify their verbal and non-verbal actions (e.g., gestures, tone of voice, communication style, social etiquette) to be appropriate and effective in diverse cultural settings. It reflects the observable actions taken to align with cultural norms and expectations.; Rubric: 1: Rigid/Inappropriate | 2: Imitative/Awkward | 3: Consciously Adapting | 4: Naturally Flexible | 5: Seamlessly Integrating","She tried to mimic the local greetings she'd seen, but her gestures often felt a bit forced and out of sync with the conversation flow, making others slightly uncomfortable.",2
"Facet: Psychological construct: Cultural Intelligence – Behavioral; Definition: Cultural Intelligence (CQ) – Behavioral refers to an individual's capacity to modify their verbal and non-verbal actions (e.g., gestures, tone of voice, communication style, social etiquette) to be appropriate and effective in diverse cultural settings. It reflects the observable actions taken to align with cultural norms and expectations.; Rubric: 1: Rigid/Inappropriate | 2: Imitative/Awkward | 3: Consciously Adapting | 4: Naturally Flexible | 5: Seamlessly Integrating","Before her meeting with the Japanese team, she made sure to research their communication protocols and consciously adjusted her body language to show respect, like bowing slightly.",3
"Facet: Psychological construct: Cultural Intelligence – Behavioral; Definition: Cultural Intelligence (CQ) – Behavioral refers to an individual's capacity to modify their verbal and non-verbal actions (e.g., gestures, tone of voice, communication style, social etiquette) to be appropriate and effective in diverse cultural settings. It reflects the observable actions taken to align with cultural norms and expectations.; Rubric: 1: Rigid/Inappropriate | 2: Imitative/Awkward | 3: Consciously Adapting | 4: Naturally Flexible | 5: Seamlessly Integrating","During the international conference, he effortlessly shifted between formal and informal tones, and adapted his humor to resonate with different cultural groups, fostering good rapport.",4
"Facet: Psychological construct: Cultural Intelligence – Behavioral; Definition: Cultural Intelligence (CQ) – Behavioral refers to an individual's capacity to modify their verbal and non-verbal actions (e.g., gestures, tone of voice, communication style, social etiquette) to be appropriate and effective in diverse cultural settings. It reflects the observable actions taken to align with cultural norms and expectations.; Rubric: 1: Rigid/Inappropriate | 2: Imitative/Awkward | 3: Consciously Adapting | 4: Naturally Flexible | 5: Seamlessly Integrating","She moved through various cultural events, fluidly adjusting her conversational distance, eye contact, and even her pace of speech to match the local customs without a second thought, making everyone feel at ease.",5
"Facet: Metabolic Rate (Low or High); Definition: Metabolic rate refers to the speed at which an individual's body converts food into energy, burns calories, and performs essential life-sustaining functions. A low metabolic rate implies slower processing and energy expenditure, while a high metabolic rate indicates faster processing and greater energy expenditure.; Rubric: 1: Very Slow | 2: Slow | 3: Average | 4: Fast | 5: Very Fast","Even on a strict diet, I struggle to lose any weight, and I often feel cold, regardless of the room temperature.",1
"Facet: Metabolic Rate (Low or High); Definition: Metabolic rate refers to the speed at which an individual's body converts food into energy, burns calories, and performs essential life-sustaining functions. A low metabolic rate implies slower processing and energy expenditure, while a high metabolic rate indicates faster processing and greater energy expenditure.; Rubric: 1: Very Slow | 2: Slow | 3: Average | 4: Fast | 5: Very Fast","I gain weight quite easily if I'm not careful with my diet, and I tend to feel sluggish after even a moderate meal.",2
"Facet: Metabolic Rate (Low or High); Definition: Metabolic rate refers to the speed at which an individual's body converts food into energy, burns calories, and performs essential life-sustaining functions. A low metabolic rate implies slower processing and energy expenditure, while a high metabolic rate indicates faster processing and greater energy expenditure.; Rubric: 1: Very Slow | 2: Slow | 3: Average | 4: Fast | 5: Very Fast",My weight usually stays pretty consistent as long as I eat reasonably and get some exercise.,3
"Facet: Metabolic Rate (Low or High); Definition: Metabolic rate refers to the speed at which an individual's body converts food into energy, burns calories, and performs essential life-sustaining functions. A low metabolic rate implies slower processing and energy expenditure, while a high metabolic rate indicates faster processing and greater energy expenditure.; Rubric: 1: Very Slow | 2: Slow | 3: Average | 4: Fast | 5: Very Fast","I can eat a fair amount of food without gaining weight, and I generally have a good level of energy throughout the day.",4
"Facet: Metabolic Rate (Low or High); Definition: Metabolic rate refers to the speed at which an individual's body converts food into energy, burns calories, and performs essential life-sustaining functions. A low metabolic rate implies slower processing and energy expenditure, while a high metabolic rate indicates faster processing and greater energy expenditure.; Rubric: 1: Very Slow | 2: Slow | 3: Average | 4: Fast | 5: Very Fast",I can practically eat anything I want and never gain a pound; I'm always warm and seem to have boundless energy.,5
"Facet: Dietary Habits; Definition: Dietary habits refer to the regular patterns of food and beverage consumption, including the types, quantities, and frequencies of what an individual eats and drinks, and the associated behaviors, attitudes, and choices surrounding food.; Rubric: 1: Unhealthy/Chaotic | 2: Inconsistent/Poor | 3: Moderate/Mixed | 4: Healthy/Mindful | 5: Optimal/Disciplined","Honestly, I just grab whatever's quick and easy, usually fast food or processed snacks, and I rarely cook.",1
"Facet: Dietary Habits; Definition: Dietary habits refer to the regular patterns of food and beverage consumption, including the types, quantities, and frequencies of what an individual eats and drinks, and the associated behaviors, attitudes, and choices surrounding food.; Rubric: 1: Unhealthy/Chaotic | 2: Inconsistent/Poor | 3: Moderate/Mixed | 4: Healthy/Mindful | 5: Optimal/Disciplined","I try to eat healthy during the week, but by the weekend, I usually give in to cravings and eat a lot of junk food.",2
"Facet: Dietary Habits; Definition: Dietary habits refer to the regular patterns of food and beverage consumption, including the types, quantities, and frequencies of what an individual eats and drinks, and the associated behaviors, attitudes, and choices surrounding food.; Rubric: 1: Unhealthy/Chaotic | 2: Inconsistent/Poor | 3: Moderate/Mixed | 4: Healthy/Mindful | 5: Optimal/Disciplined","I generally eat balanced meals, but I still struggle with portion control and tend to snack too much on less healthy options.",3
"Facet: Dietary Habits; Definition: Dietary habits refer to the regular patterns of food and beverage consumption, including the types, quantities, and frequencies of what an individual eats and drinks, and the associated behaviors, attitudes, and choices surrounding food.; Rubric: 1: Unhealthy/Chaotic | 2: Inconsistent/Poor | 3: Moderate/Mixed | 4: Healthy/Mindful | 5: Optimal/Disciplined","I make a conscious effort to include plenty of fruits, vegetables, and lean proteins, and I'm pretty good at limiting processed foods.",4
"Facet: Dietary Habits; Definition: Dietary habits refer to the regular patterns of food and beverage consumption, including the types, quantities, and frequencies of what an individual eats and drinks, and the associated behaviors, attitudes, and choices surrounding food.; Rubric: 1: Unhealthy/Chaotic | 2: Inconsistent/Poor | 3: Moderate/Mixed | 4: Healthy/Mindful | 5: Optimal/Disciplined","My diet is consistently rich in whole, unprocessed foods, I plan my meals, and I rarely deviate from my nutritious eating plan.",5
"Facet: Significance: Desire to make an impact; Definition: The intrinsic motivation or drive to contribute meaningfully, to leave a lasting mark, or to have one's actions and presence acknowledged as consequential by others or within a broader context.; Rubric: 1: Apathetic | 2: Passive | 3: Engaged | 4: Driven | 5: Legacy-focused","Honestly, I just want to do my job, get paid, and go home; I don't really care if what I do makes a huge difference.",1
"Facet: Significance: Desire to make an impact; Definition: The intrinsic motivation or drive to contribute meaningfully, to leave a lasting mark, or to have one's actions and presence acknowledged as consequential by others or within a broader context.; Rubric: 1: Apathetic | 2: Passive | 3: Engaged | 4: Driven | 5: Legacy-focused","If there's an opportunity to contribute to something bigger, I might join in, but I'm not going to seek it out myself.",2
"Facet: Significance: Desire to make an impact; Definition: The intrinsic motivation or drive to contribute meaningfully, to leave a lasting mark, or to have one's actions and presence acknowledged as consequential by others or within a broader context.; Rubric: 1: Apathetic | 2: Passive | 3: Engaged | 4: Driven | 5: Legacy-focused","I enjoy being part of projects where I can see my efforts contributing to a positive outcome, even if it's a small part.",3
"Facet: Significance: Desire to make an impact; Definition: The intrinsic motivation or drive to contribute meaningfully, to leave a lasting mark, or to have one's actions and presence acknowledged as consequential by others or within a broader context.; Rubric: 1: Apathetic | 2: Passive | 3: Engaged | 4: Driven | 5: Legacy-focused",I'm constantly looking for ways to innovate and lead initiatives that can really move the needle and change things for the better.,4
"Facet: Significance: Desire to make an impact; Definition: The intrinsic motivation or drive to contribute meaningfully, to leave a lasting mark, or to have one's actions and presence acknowledged as consequential by others or within a broader context.; Rubric: 1: Apathetic | 2: Passive | 3: Engaged | 4: Driven | 5: Legacy-focused","My ultimate goal is to build something enduring that will continue to benefit people long after I'm gone, creating a lasting positive legacy.",5
"Facet: Psychological construct: Resilience-Trait score; Definition: Resilience-Trait score refers to an individual's stable, enduring psychological characteristic that reflects their inherent capacity to adapt successfully in the face of adversity, trauma, tragedy, threats, or significant sources of stress, and to bounce back from difficult experiences.; Rubric: 1: Fragile | 2: Vulnerable | 3: Adaptive | 4: Robust | 5: Unyielding","After just a minor setback at work, Sarah felt completely defeated and struggled for weeks to regain any motivation, questioning her entire career path.",1
"Facet: Psychological construct: Resilience-Trait score; Definition: Resilience-Trait score refers to an individual's stable, enduring psychological characteristic that reflects their inherent capacity to adapt successfully in the face of adversity, trauma, tragedy, threats, or significant sources of stress, and to bounce back from difficult experiences.; Rubric: 1: Fragile | 2: Vulnerable | 3: Adaptive | 4: Robust | 5: Unyielding","When his project was unexpectedly delayed, Mark got really discouraged and it took him a long time to regroup and start thinking about alternative solutions.",2
"Facet: Psychological construct: Resilience-Trait score; Definition: Resilience-Trait score refers to an individual's stable, enduring psychological characteristic that reflects their inherent capacity to adapt successfully in the face of adversity, trauma, tragedy, threats, or significant sources of stress, and to bounce back from difficult experiences.; Rubric: 1: Fragile | 2: Vulnerable | 3: Adaptive | 4: Robust | 5: Unyielding","Even though she was stressed about the exam, Maria eventually pulled herself together, studied hard, and managed to pass, albeit with a lot of effort.",3
"Facet: Psychological construct: Resilience-Trait score; Definition: Resilience-Trait score refers to an individual's stable, enduring psychological characteristic that reflects their inherent capacity to adapt successfully in the face of adversity, trauma, tragedy, threats, or significant sources of stress, and to bounce back from difficult experiences.; Rubric: 1: Fragile | 2: Vulnerable | 3: Adaptive | 4: Robust | 5: Unyielding","Despite the unexpected budget cuts, David quickly adjusted the team's strategy, keeping everyone focused and positive, and they still met their core objectives.",4
"Facet: Psychological construct: Resilience-Trait score; Definition: Resilience-Trait score refers to an individual's stable, enduring psychological characteristic that reflects their inherent capacity to adapt successfully in the face of adversity, trauma, tragedy, threats, or significant sources of stress, and to bounce back from difficult experiences.; Rubric: 1: Fragile | 2: Vulnerable | 3: Adaptive | 4: Robust | 5: Unyielding","Faced with a series of personal and professional challenges, Emily not only navigated them with grace but also used each obstacle as a learning opportunity, emerging stronger and more determined than ever.",5
"Facet: Boredom Susceptibility; Definition: Boredom Susceptibility refers to an individual's predisposition to experience feelings of tedium, ennui, or dissatisfaction due to a lack of stimulating activity or novel experiences, often leading to a desire for change or distraction.; Rubric: 1: Rarely Bored | 2: Seldom Bored | 3: Moderately Bored | 4: Easily Bored | 5: Highly Bored","Even waiting in long lines or doing repetitive tasks, I usually find something to occupy my mind or learn, so I rarely feel bored.",1
"Facet: Boredom Susceptibility; Definition: Boredom Susceptibility refers to an individual's predisposition to experience feelings of tedium, ennui, or dissatisfaction due to a lack of stimulating activity or novel experiences, often leading to a desire for change or distraction.; Rubric: 1: Rarely Bored | 2: Seldom Bored | 3: Moderately Bored | 4: Easily Bored | 5: Highly Bored","I can usually tolerate routine tasks for quite a while without getting restless, though sometimes a really dull meeting can test my patience.",2
"Facet: Boredom Susceptibility; Definition: Boredom Susceptibility refers to an individual's predisposition to experience feelings of tedium, ennui, or dissatisfaction due to a lack of stimulating activity or novel experiences, often leading to a desire for change or distraction.; Rubric: 1: Rarely Bored | 2: Seldom Bored | 3: Moderately Bored | 4: Easily Bored | 5: Highly Bored","If there's nothing new or interesting happening, I'll start to feel a bit antsy and look for something else to do after a while.",3
"Facet: Boredom Susceptibility; Definition: Boredom Susceptibility refers to an individual's predisposition to experience feelings of tedium, ennui, or dissatisfaction due to a lack of stimulating activity or novel experiences, often leading to a desire for change or distraction.; Rubric: 1: Rarely Bored | 2: Seldom Bored | 3: Moderately Bored | 4: Easily Bored | 5: Highly Bored","I need constant stimulation; if things aren't engaging, I zone out almost immediately and start looking for an escape.",4
"Facet: Boredom Susceptibility; Definition: Boredom Susceptibility refers to an individual's predisposition to experience feelings of tedium, ennui, or dissatisfaction due to a lack of stimulating activity or novel experiences, often leading to a desire for change or distraction.; Rubric: 1: Rarely Bored | 2: Seldom Bored | 3: Moderately Bored | 4: Easily Bored | 5: Highly Bored","I find almost everything mundane after a very short time; it's a constant struggle to stay interested in anything for long, and I'm always searching for novelty.",5
"Facet: Psychological construct: Consummatory Pleasure scale; Definition: Consummatory pleasure refers to the 'liking' or the actual enjoyment and gratification experienced during or immediately after engaging in a rewarding activity or consuming a desired stimulus. It is the hedonic impact of the reward itself, distinct from anticipatory pleasure (the 'wanting' or motivation to pursue a reward). It encompasses the sensory and emotional experience of satisfaction, joy, or contentment derived from an ongoing or completed action.; Rubric: 1: Absence, Anhedonia | 2: Minimal, Blunted | 3: Moderate, Typical | 4: Strong, Enjoyable | 5: Intense, Ecstatic","Even after finishing my favorite dessert, I just don't feel any real joy or satisfaction from it anymore; it's all just 'meh'.",1
"Facet: Psychological construct: Consummatory Pleasure scale; Definition: Consummatory pleasure refers to the 'liking' or the actual enjoyment and gratification experienced during or immediately after engaging in a rewarding activity or consuming a desired stimulus. It is the hedonic impact of the reward itself, distinct from anticipatory pleasure (the 'wanting' or motivation to pursue a reward). It encompasses the sensory and emotional experience of satisfaction, joy, or contentment derived from an ongoing or completed action.; Rubric: 1: Absence, Anhedonia | 2: Minimal, Blunted | 3: Moderate, Typical | 4: Strong, Enjoyable | 5: Intense, Ecstatic","The concert was okay, but I barely felt a flicker of excitement or pleasure, even during the songs I usually love; it was pretty muted.",2
"Facet: Psychological construct: Consummatory Pleasure scale; Definition: Consummatory pleasure refers to the 'liking' or the actual enjoyment and gratification experienced during or immediately after engaging in a rewarding activity or consuming a desired stimulus. It is the hedonic impact of the reward itself, distinct from anticipatory pleasure (the 'wanting' or motivation to pursue a reward). It encompasses the sensory and emotional experience of satisfaction, joy, or contentment derived from an ongoing or completed action.; Rubric: 1: Absence, Anhedonia | 2: Minimal, Blunted | 3: Moderate, Typical | 4: Strong, Enjoyable | 5: Intense, Ecstatic","After a long day, that warm cup of tea was pretty nice; it hit the spot and made me feel reasonably content.",3
"Facet: Psychological construct: Consummatory Pleasure scale; Definition: Consummatory pleasure refers to the 'liking' or the actual enjoyment and gratification experienced during or immediately after engaging in a rewarding activity or consuming a desired stimulus. It is the hedonic impact of the reward itself, distinct from anticipatory pleasure (the 'wanting' or motivation to pursue a reward). It encompasses the sensory and emotional experience of satisfaction, joy, or contentment derived from an ongoing or completed action.; Rubric: 1: Absence, Anhedonia | 2: Minimal, Blunted | 3: Moderate, Typical | 4: Strong, Enjoyable | 5: Intense, Ecstatic",That perfectly cooked steak was absolutely delicious; I savored every bite and felt a deep sense of enjoyment throughout the meal.,4
"Facet: Psychological construct: Consummatory Pleasure scale; Definition: Consummatory pleasure refers to the 'liking' or the actual enjoyment and gratification experienced during or immediately after engaging in a rewarding activity or consuming a desired stimulus. It is the hedonic impact of the reward itself, distinct from anticipatory pleasure (the 'wanting' or motivation to pursue a reward). It encompasses the sensory and emotional experience of satisfaction, joy, or contentment derived from an ongoing or completed action.; Rubric: 1: Absence, Anhedonia | 2: Minimal, Blunted | 3: Moderate, Typical | 4: Strong, Enjoyable | 5: Intense, Ecstatic","Hearing my child laugh so genuinely filled me with an overwhelming rush of pure, unadulterated bliss; it was an incredibly profound and joyful moment.",5
"Facet: Leadership Styles and Behaviors; Definition: Leadership Styles and Behaviors refers to the characteristic approaches and actions leaders employ to influence, motivate, and direct individuals or groups towards the achievement of shared goals. This encompasses decision-making processes, communication patterns, power distribution, and the methods used to support and develop team members.; Rubric: 1: Ineffective/Absent | 2: Passive/Laissez-faire | 3: Directive/Transactional | 4: Supportive/Participative | 5: Transformational/Empowering","Honestly, our team meetings often feel directionless because the manager rarely steps in or offers clear guidance on the next steps.",1
"Facet: Leadership Styles and Behaviors; Definition: Leadership Styles and Behaviors refers to the characteristic approaches and actions leaders employ to influence, motivate, and direct individuals or groups towards the achievement of shared goals. This encompasses decision-making processes, communication patterns, power distribution, and the methods used to support and develop team members.; Rubric: 1: Ineffective/Absent | 2: Passive/Laissez-faire | 3: Directive/Transactional | 4: Supportive/Participative | 5: Transformational/Empowering","My supervisor lets us do whatever we want, which is nice sometimes, but I wish there was more structure or feedback when we're struggling.",2
"Facet: Leadership Styles and Behaviors; Definition: Leadership Styles and Behaviors refers to the characteristic approaches and actions leaders employ to influence, motivate, and direct individuals or groups towards the achievement of shared goals. This encompasses decision-making processes, communication patterns, power distribution, and the methods used to support and develop team members.; Rubric: 1: Ineffective/Absent | 2: Passive/Laissez-faire | 3: Directive/Transactional | 4: Supportive/Participative | 5: Transformational/Empowering","The project lead is very clear about what needs to be done and when, and they're quick to address performance issues, but there's not much room for individual input.",3
"Facet: Leadership Styles and Behaviors; Definition: Leadership Styles and Behaviors refers to the characteristic approaches and actions leaders employ to influence, motivate, and direct individuals or groups towards the achievement of shared goals. This encompasses decision-making processes, communication patterns, power distribution, and the methods used to support and develop team members.; Rubric: 1: Ineffective/Absent | 2: Passive/Laissez-faire | 3: Directive/Transactional | 4: Supportive/Participative | 5: Transformational/Empowering","Our team leader always checks in to see how we're doing, encourages us to share ideas in planning, and makes sure everyone feels heard before making decisions.",4
"Facet: Leadership Styles and Behaviors; Definition: Leadership Styles and Behaviors refers to the characteristic approaches and actions leaders employ to influence, motivate, and direct individuals or groups towards the achievement of shared goals. This encompasses decision-making processes, communication patterns, power distribution, and the methods used to support and develop team members.; Rubric: 1: Ineffective/Absent | 2: Passive/Laissez-faire | 3: Directive/Transactional | 4: Supportive/Participative | 5: Transformational/Empowering","She constantly inspires us to push beyond our limits, articulates a compelling vision for the future, and invests heavily in our professional growth, making us feel truly empowered.",5
"Facet: I Ching hexagram 5 resonance level; Definition: The 'I Ching hexagram 5 resonance level' measures an individual's perceived alignment with the principles of Hexagram 5, 'Waiting (Nourishment)'. It reflects one's capacity for strategic patience, inner composure, and diligent preparation while awaiting the opportune moment for action, rather than acting prematurely or impulsively.; Rubric: 1: Impulsive | 2: Anxious | 3: Cautious | 4: Strategic | 5: Serene","I just jumped into that new project without really thinking it through, and now I'm regretting it.",1
"Facet: I Ching hexagram 5 resonance level; Definition: The 'I Ching hexagram 5 resonance level' measures an individual's perceived alignment with the principles of Hexagram 5, 'Waiting (Nourishment)'. It reflects one's capacity for strategic patience, inner composure, and diligent preparation while awaiting the opportune moment for action, rather than acting prematurely or impulsively.; Rubric: 1: Impulsive | 2: Anxious | 3: Cautious | 4: Strategic | 5: Serene","I know I should wait for the right moment, but I'm so antsy to get started on this, I can barely focus.",2
"Facet: I Ching hexagram 5 resonance level; Definition: The 'I Ching hexagram 5 resonance level' measures an individual's perceived alignment with the principles of Hexagram 5, 'Waiting (Nourishment)'. It reflects one's capacity for strategic patience, inner composure, and diligent preparation while awaiting the opportune moment for action, rather than acting prematurely or impulsively.; Rubric: 1: Impulsive | 2: Anxious | 3: Cautious | 4: Strategic | 5: Serene","I'm holding back on making a decision until I've gathered a bit more information, just to be safe.",3
"Facet: I Ching hexagram 5 resonance level; Definition: The 'I Ching hexagram 5 resonance level' measures an individual's perceived alignment with the principles of Hexagram 5, 'Waiting (Nourishment)'. It reflects one's capacity for strategic patience, inner composure, and diligent preparation while awaiting the opportune moment for action, rather than acting prematurely or impulsively.; Rubric: 1: Impulsive | 2: Anxious | 3: Cautious | 4: Strategic | 5: Serene","I've been carefully building up my savings and skills, knowing that the perfect opportunity to launch my business will eventually appear.",4
"Facet: I Ching hexagram 5 resonance level; Definition: The 'I Ching hexagram 5 resonance level' measures an individual's perceived alignment with the principles of Hexagram 5, 'Waiting (Nourishment)'. It reflects one's capacity for strategic patience, inner composure, and diligent preparation while awaiting the opportune moment for action, rather than acting prematurely or impulsively.; Rubric: 1: Impulsive | 2: Anxious | 3: Cautious | 4: Strategic | 5: Serene","Despite the pressure, I feel a deep calm, knowing that all the necessary elements are falling into place, and I'll act precisely when the time is right.",5
"Facet: Macronutrient ratio: carbs; Definition: The proportion of total daily caloric intake derived from carbohydrates, relative to fats and proteins. This reflects an individual's dietary pattern concerning carbohydrate consumption, ranging from very low (e.g., ketogenic) to very high (e.g., starch-based, endurance athlete).; Rubric: 1: Very Low Carb | 2: Low Carb | 3: Moderate Carb | 4: High Carb | 5: Very High Carb","I've been strictly sticking to a ketogenic diet, so my carb intake is practically negligible, mostly from leafy greens.",1
"Facet: Macronutrient ratio: carbs; Definition: The proportion of total daily caloric intake derived from carbohydrates, relative to fats and proteins. This reflects an individual's dietary pattern concerning carbohydrate consumption, ranging from very low (e.g., ketogenic) to very high (e.g., starch-based, endurance athlete).; Rubric: 1: Very Low Carb | 2: Low Carb | 3: Moderate Carb | 4: High Carb | 5: Very High Carb","I try to keep my carbs pretty low, perhaps around 50-100 grams a day, focusing on protein and healthy fats instead.",2
"Facet: Macronutrient ratio: carbs; Definition: The proportion of total daily caloric intake derived from carbohydrates, relative to fats and proteins. This reflects an individual's dietary pattern concerning carbohydrate consumption, ranging from very low (e.g., ketogenic) to very high (e.g., starch-based, endurance athlete).; Rubric: 1: Very Low Carb | 2: Low Carb | 3: Moderate Carb | 4: High Carb | 5: Very High Carb","My diet is pretty balanced; I don't really track macros, but I'd say I get a good mix of carbs, proteins, and fats in my meals.",3
"Facet: Macronutrient ratio: carbs; Definition: The proportion of total daily caloric intake derived from carbohydrates, relative to fats and proteins. This reflects an individual's dietary pattern concerning carbohydrate consumption, ranging from very low (e.g., ketogenic) to very high (e.g., starch-based, endurance athlete).; Rubric: 1: Very Low Carb | 2: Low Carb | 3: Moderate Carb | 4: High Carb | 5: Very High Carb","Since I started training for the marathon, I've really upped my carb intake, prioritizing whole grains and fruits for energy.",4
"Facet: Macronutrient ratio: carbs; Definition: The proportion of total daily caloric intake derived from carbohydrates, relative to fats and proteins. This reflects an individual's dietary pattern concerning carbohydrate consumption, ranging from very low (e.g., ketogenic) to very high (e.g., starch-based, endurance athlete).; Rubric: 1: Very Low Carb | 2: Low Carb | 3: Moderate Carb | 4: High Carb | 5: Very High Carb","I follow a largely plant-based, starch-heavy diet, so almost all my meals are centered around things like rice, potatoes, and pasta.",5
"Facet: Passport-stamps count; Definition: The 'passport-stamps count' behavioral facet quantifies an individual's accumulated international travel experience, specifically by counting the unique entry and exit visas or stamps recorded in their passport(s). It serves as a proxy for global exposure, cultural adaptability, curiosity for diverse environments, and potentially financial capacity for leisure or business travel.; Rubric: 1: No Travel | 2: Limited Regional | 3: Moderate Intercontinental | 4: Extensive Global | 5: Very Extensive Wanderer",My passport is pretty much blank; I haven't really had the chance to travel internationally yet.,1
"Facet: Passport-stamps count; Definition: The 'passport-stamps count' behavioral facet quantifies an individual's accumulated international travel experience, specifically by counting the unique entry and exit visas or stamps recorded in their passport(s). It serves as a proxy for global exposure, cultural adaptability, curiosity for diverse environments, and potentially financial capacity for leisure or business travel.; Rubric: 1: No Travel | 2: Limited Regional | 3: Moderate Intercontinental | 4: Extensive Global | 5: Very Extensive Wanderer","I've got a handful of stamps from a few trips to Canada and Mexico, but that's about it.",2
"Facet: Passport-stamps count; Definition: The 'passport-stamps count' behavioral facet quantifies an individual's accumulated international travel experience, specifically by counting the unique entry and exit visas or stamps recorded in their passport(s). It serves as a proxy for global exposure, cultural adaptability, curiosity for diverse environments, and potentially financial capacity for leisure or business travel.; Rubric: 1: No Travel | 2: Limited Regional | 3: Moderate Intercontinental | 4: Extensive Global | 5: Very Extensive Wanderer",My current passport has a good mix of stamps from a couple of trips to Europe and one to Southeast Asia.,3
"Facet: Passport-stamps count; Definition: The 'passport-stamps count' behavioral facet quantifies an individual's accumulated international travel experience, specifically by counting the unique entry and exit visas or stamps recorded in their passport(s). It serves as a proxy for global exposure, cultural adaptability, curiosity for diverse environments, and potentially financial capacity for leisure or business travel.; Rubric: 1: No Travel | 2: Limited Regional | 3: Moderate Intercontinental | 4: Extensive Global | 5: Very Extensive Wanderer","I've filled up two passports already, with stamps from almost every continent, thanks to my passion for exploration.",4
"Facet: Passport-stamps count; Definition: The 'passport-stamps count' behavioral facet quantifies an individual's accumulated international travel experience, specifically by counting the unique entry and exit visas or stamps recorded in their passport(s). It serves as a proxy for global exposure, cultural adaptability, curiosity for diverse environments, and potentially financial capacity for leisure or business travel.; Rubric: 1: No Travel | 2: Limited Regional | 3: Moderate Intercontinental | 4: Extensive Global | 5: Very Extensive Wanderer",I'm on my third passport and it's already getting full; I thrive on collecting stamps from every corner of the globe.,5
"Facet: Local-food sourcing %; Definition: The proportion of food products purchased or consumed that originate from within a defined local geographic area (e.g., within 100-250 miles of the point of sale or consumption). It quantifies the extent to which an individual or household prioritizes food grown, raised, or produced nearby, reflecting motivations such as supporting local economies, reducing environmental impact, or accessing fresher ingredients.; Rubric: 1: Minimal | 2: Occasional | 3: Moderate | 4: Frequent | 5: Primary",We barely ever buy local; most of our groceries come from big supermarkets with national distribution.,1
"Facet: Local-food sourcing %; Definition: The proportion of food products purchased or consumed that originate from within a defined local geographic area (e.g., within 100-250 miles of the point of sale or consumption). It quantifies the extent to which an individual or household prioritizes food grown, raised, or produced nearby, reflecting motivations such as supporting local economies, reducing environmental impact, or accessing fresher ingredients.; Rubric: 1: Minimal | 2: Occasional | 3: Moderate | 4: Frequent | 5: Primary","I try to pick up a few local items, like apples or dairy, when I see them, but it's not a regular thing.",2
"Facet: Local-food sourcing %; Definition: The proportion of food products purchased or consumed that originate from within a defined local geographic area (e.g., within 100-250 miles of the point of sale or consumption). It quantifies the extent to which an individual or household prioritizes food grown, raised, or produced nearby, reflecting motivations such as supporting local economies, reducing environmental impact, or accessing fresher ingredients.; Rubric: 1: Minimal | 2: Occasional | 3: Moderate | 4: Frequent | 5: Primary","About half of our produce comes from the farmers' market or local farms during the growing season, but packaged goods are still mostly conventional.",3
"Facet: Local-food sourcing %; Definition: The proportion of food products purchased or consumed that originate from within a defined local geographic area (e.g., within 100-250 miles of the point of sale or consumption). It quantifies the extent to which an individual or household prioritizes food grown, raised, or produced nearby, reflecting motivations such as supporting local economies, reducing environmental impact, or accessing fresher ingredients.; Rubric: 1: Minimal | 2: Occasional | 3: Moderate | 4: Frequent | 5: Primary","We make a conscious effort to prioritize local goods, so a good portion of our weekly shop, especially fresh items, is sourced regionally.",4
"Facet: Local-food sourcing %; Definition: The proportion of food products purchased or consumed that originate from within a defined local geographic area (e.g., within 100-250 miles of the point of sale or consumption). It quantifies the extent to which an individual or household prioritizes food grown, raised, or produced nearby, reflecting motivations such as supporting local economies, reducing environmental impact, or accessing fresher ingredients.; Rubric: 1: Minimal | 2: Occasional | 3: Moderate | 4: Frequent | 5: Primary","Almost everything we eat is local – we belong to a CSA, frequent local farm stands, and even try to source our meat and eggs from nearby producers.",5
"Facet: Patient care orientation; Definition: Patient care orientation refers to an individual's disposition and approach towards prioritizing the well-being, comfort, and needs of patients, demonstrating empathy, active listening, and a commitment to providing high-quality, person-centered care.; Rubric: 1: Indifferent | 2: Task-focused | 3: Standard care | 4: Empathetic | 5: Holistic/Advocate",I just follow the protocol; it's not my job to get emotionally involved with every patient.,1
"Facet: Patient care orientation; Definition: Patient care orientation refers to an individual's disposition and approach towards prioritizing the well-being, comfort, and needs of patients, demonstrating empathy, active listening, and a commitment to providing high-quality, person-centered care.; Rubric: 1: Indifferent | 2: Task-focused | 3: Standard care | 4: Empathetic | 5: Holistic/Advocate","My shift was busy, but I got all the medications administered and charts updated on time.",2
"Facet: Patient care orientation; Definition: Patient care orientation refers to an individual's disposition and approach towards prioritizing the well-being, comfort, and needs of patients, demonstrating empathy, active listening, and a commitment to providing high-quality, person-centered care.; Rubric: 1: Indifferent | 2: Task-focused | 3: Standard care | 4: Empathetic | 5: Holistic/Advocate",I made sure to explain the procedure clearly and answer any questions the patient had before starting.,3
"Facet: Patient care orientation; Definition: Patient care orientation refers to an individual's disposition and approach towards prioritizing the well-being, comfort, and needs of patients, demonstrating empathy, active listening, and a commitment to providing high-quality, person-centered care.; Rubric: 1: Indifferent | 2: Task-focused | 3: Standard care | 4: Empathetic | 5: Holistic/Advocate","Before I even started the examination, I took a moment to listen to her concerns, which really helped calm her anxiety.",4
"Facet: Patient care orientation; Definition: Patient care orientation refers to an individual's disposition and approach towards prioritizing the well-being, comfort, and needs of patients, demonstrating empathy, active listening, and a commitment to providing high-quality, person-centered care.; Rubric: 1: Indifferent | 2: Task-focused | 3: Standard care | 4: Empathetic | 5: Holistic/Advocate","After noticing how anxious he was about his discharge, I coordinated with social services and his family to ensure he had comprehensive support at home, even offering a follow-up call myself.",5
"Facet: Soft-skill training hours; Definition: Soft-skill training hours refer to the cumulative time an individual has dedicated to formal or informal learning activities aimed at developing interpersonal, communication, leadership, problem-solving, and other non-technical competencies crucial for professional and personal effectiveness.; Rubric: 1: Minimal | 2: Occasional | 3: Moderate | 4: Consistent | 5: Extensive",I haven't really had much formal soft-skill training; most of what I know I've just picked up on the job.,1
"Facet: Soft-skill training hours; Definition: Soft-skill training hours refer to the cumulative time an individual has dedicated to formal or informal learning activities aimed at developing interpersonal, communication, leadership, problem-solving, and other non-technical competencies crucial for professional and personal effectiveness.; Rubric: 1: Minimal | 2: Occasional | 3: Moderate | 4: Consistent | 5: Extensive","I attended a couple of workshops last year on team collaboration and conflict resolution, but it's not a regular part of my development.",2
"Facet: Soft-skill training hours; Definition: Soft-skill training hours refer to the cumulative time an individual has dedicated to formal or informal learning activities aimed at developing interpersonal, communication, leadership, problem-solving, and other non-technical competencies crucial for professional and personal effectiveness.; Rubric: 1: Minimal | 2: Occasional | 3: Moderate | 4: Consistent | 5: Extensive","My company offers a few soft-skill courses each year, and I usually sign up for one or two to keep my skills sharp, like the recent presentation skills workshop.",3
"Facet: Soft-skill training hours; Definition: Soft-skill training hours refer to the cumulative time an individual has dedicated to formal or informal learning activities aimed at developing interpersonal, communication, leadership, problem-solving, and other non-technical competencies crucial for professional and personal effectiveness.; Rubric: 1: Minimal | 2: Occasional | 3: Moderate | 4: Consistent | 5: Extensive","I make a point to dedicate time each quarter to developing my soft skills, whether it's through online courses, professional workshops, or active participation in leadership development programs.",4
"Facet: Soft-skill training hours; Definition: Soft-skill training hours refer to the cumulative time an individual has dedicated to formal or informal learning activities aimed at developing interpersonal, communication, leadership, problem-solving, and other non-technical competencies crucial for professional and personal effectiveness.; Rubric: 1: Minimal | 2: Occasional | 3: Moderate | 4: Consistent | 5: Extensive","I've invested significantly in soft-skill development over my career, completing multiple certifications in communication, emotional intelligence, and advanced leadership programs, accumulating hundreds of hours.",5
"Facet: Graffiti appreciation; Definition: The degree to which an individual recognizes, values, and finds aesthetic, cultural, or social significance in graffiti as an art form or form of expression, ranging from viewing it as vandalism to seeing it as legitimate, complex, and impactful public art.; Rubric: 1: Disdainful | 2: Indifferent | 3: Tolerant | 4: Interested | 5: Enthusiastic","Honestly, I just see graffiti as defacing property; it's an eyesore and makes places look run down.",1
"Facet: Graffiti appreciation; Definition: The degree to which an individual recognizes, values, and finds aesthetic, cultural, or social significance in graffiti as an art form or form of expression, ranging from viewing it as vandalism to seeing it as legitimate, complex, and impactful public art.; Rubric: 1: Disdainful | 2: Indifferent | 3: Tolerant | 4: Interested | 5: Enthusiastic","I don't really pay much attention to graffiti; it's just kind of there in the background, neither good nor bad to me.",2
"Facet: Graffiti appreciation; Definition: The degree to which an individual recognizes, values, and finds aesthetic, cultural, or social significance in graffiti as an art form or form of expression, ranging from viewing it as vandalism to seeing it as legitimate, complex, and impactful public art.; Rubric: 1: Disdainful | 2: Indifferent | 3: Tolerant | 4: Interested | 5: Enthusiastic","Some graffiti can be interesting to look at, but I'm not sure I'd call it art; it's okay in certain areas, I guess.",3
"Facet: Graffiti appreciation; Definition: The degree to which an individual recognizes, values, and finds aesthetic, cultural, or social significance in graffiti as an art form or form of expression, ranging from viewing it as vandalism to seeing it as legitimate, complex, and impactful public art.; Rubric: 1: Disdainful | 2: Indifferent | 3: Tolerant | 4: Interested | 5: Enthusiastic","I've started noticing how intricate some of the pieces are, and I'm curious about the stories behind them and the artists.",4
"Facet: Graffiti appreciation; Definition: The degree to which an individual recognizes, values, and finds aesthetic, cultural, or social significance in graffiti as an art form or form of expression, ranging from viewing it as vandalism to seeing it as legitimate, complex, and impactful public art.; Rubric: 1: Disdainful | 2: Indifferent | 3: Tolerant | 4: Interested | 5: Enthusiastic","I actively seek out new graffiti art whenever I visit a city; the skill, creativity, and social commentary in some murals are absolutely breathtaking!",5
"Facet: Preference for Home-Cooked vs Restaurant Meals; Definition: The degree to which an individual favors consuming meals prepared within their own residence over meals prepared and served in a commercial restaurant or takeaway setting, often influenced by factors such as cost, perceived health benefits, control over ingredients, convenience, variety, and social experience.; Rubric: 1: Restaurant-Exclusive | 2: Restaurant-Leaning | 3: Balanced Choice | 4: Home-Cooked Primary | 5: Home-Cooked Exclusive","Honestly, I can't remember the last time I actually *cooked* a meal; I just prefer eating out every single night.",1
"Facet: Preference for Home-Cooked vs Restaurant Meals; Definition: The degree to which an individual favors consuming meals prepared within their own residence over meals prepared and served in a commercial restaurant or takeaway setting, often influenced by factors such as cost, perceived health benefits, control over ingredients, convenience, variety, and social experience.; Rubric: 1: Restaurant-Exclusive | 2: Restaurant-Leaning | 3: Balanced Choice | 4: Home-Cooked Primary | 5: Home-Cooked Exclusive","I cook maybe once or twice a week, but most of my meals are definitely from restaurants or takeout because it's just easier.",2
"Facet: Preference for Home-Cooked vs Restaurant Meals; Definition: The degree to which an individual favors consuming meals prepared within their own residence over meals prepared and served in a commercial restaurant or takeaway setting, often influenced by factors such as cost, perceived health benefits, control over ingredients, convenience, variety, and social experience.; Rubric: 1: Restaurant-Exclusive | 2: Restaurant-Leaning | 3: Balanced Choice | 4: Home-Cooked Primary | 5: Home-Cooked Exclusive","It really depends on my mood and schedule; sometimes I love cooking a big meal, other times I'm craving a specific restaurant dish.",3
"Facet: Preference for Home-Cooked vs Restaurant Meals; Definition: The degree to which an individual favors consuming meals prepared within their own residence over meals prepared and served in a commercial restaurant or takeaway setting, often influenced by factors such as cost, perceived health benefits, control over ingredients, convenience, variety, and social experience.; Rubric: 1: Restaurant-Exclusive | 2: Restaurant-Leaning | 3: Balanced Choice | 4: Home-Cooked Primary | 5: Home-Cooked Exclusive","We mostly eat at home to save money and eat healthier, but we'll definitely go out for a nice dinner on the weekends or for celebrations.",4
"Facet: Preference for Home-Cooked vs Restaurant Meals; Definition: The degree to which an individual favors consuming meals prepared within their own residence over meals prepared and served in a commercial restaurant or takeaway setting, often influenced by factors such as cost, perceived health benefits, control over ingredients, convenience, variety, and social experience.; Rubric: 1: Restaurant-Exclusive | 2: Restaurant-Leaning | 3: Balanced Choice | 4: Home-Cooked Primary | 5: Home-Cooked Exclusive","I really prefer cooking everything myself; I know exactly what's in it, and honestly, I just don't enjoy restaurant food that much anymore.",5
"Facet: Immune-response age; Definition: Immune-response age refers to the functional age of an individual's immune system, which can differ significantly from their chronological age. It reflects the cumulative impact of lifestyle choices, chronic stress, nutrition, sleep patterns, and environmental exposures on immune system efficiency, resilience, and overall capacity to defend against pathogens and manage inflammation. A 'younger' immune-response age indicates a more robust and effective immune system, while an 'older' immune-response age suggests a less efficient, more vulnerable, and slower-to-recover system.; Rubric: 1: Severely Impaired | 2: Compromised | 3: Chronological Match | 4: Resilient | 5: Optimized","Even though she's only 40, her constant severe infections and slow recovery times suggest her immune-response age is probably closer to 80.",1
"Facet: Immune-response age; Definition: Immune-response age refers to the functional age of an individual's immune system, which can differ significantly from their chronological age. It reflects the cumulative impact of lifestyle choices, chronic stress, nutrition, sleep patterns, and environmental exposures on immune system efficiency, resilience, and overall capacity to defend against pathogens and manage inflammation. A 'younger' immune-response age indicates a more robust and effective immune system, while an 'older' immune-response age suggests a less efficient, more vulnerable, and slower-to-recover system.; Rubric: 1: Severely Impaired | 2: Compromised | 3: Chronological Match | 4: Resilient | 5: Optimized","After years of high stress and poor sleep, I've noticed I catch every cold going around and it takes ages to shake them, making my immune system feel much older than it should be.",2
"Facet: Immune-response age; Definition: Immune-response age refers to the functional age of an individual's immune system, which can differ significantly from their chronological age. It reflects the cumulative impact of lifestyle choices, chronic stress, nutrition, sleep patterns, and environmental exposures on immune system efficiency, resilience, and overall capacity to defend against pathogens and manage inflammation. A 'younger' immune-response age indicates a more robust and effective immune system, while an 'older' immune-response age suggests a less efficient, more vulnerable, and slower-to-recover system.; Rubric: 1: Severely Impaired | 2: Compromised | 3: Chronological Match | 4: Resilient | 5: Optimized","My doctor said my immune system seems to be aging pretty much as expected for someone my age, nothing particularly out of the ordinary or concerning.",3
"Facet: Immune-response age; Definition: Immune-response age refers to the functional age of an individual's immune system, which can differ significantly from their chronological age. It reflects the cumulative impact of lifestyle choices, chronic stress, nutrition, sleep patterns, and environmental exposures on immune system efficiency, resilience, and overall capacity to defend against pathogens and manage inflammation. A 'younger' immune-response age indicates a more robust and effective immune system, while an 'older' immune-response age suggests a less efficient, more vulnerable, and slower-to-recover system.; Rubric: 1: Severely Impaired | 2: Compromised | 3: Chronological Match | 4: Resilient | 5: Optimized","Despite the flu season hitting hard and everyone else getting sick, I only had a mild sniffle, which makes me think my immune-response age is quite a bit younger than my birth certificate says.",4
"Facet: Immune-response age; Definition: Immune-response age refers to the functional age of an individual's immune system, which can differ significantly from their chronological age. It reflects the cumulative impact of lifestyle choices, chronic stress, nutrition, sleep patterns, and environmental exposures on immune system efficiency, resilience, and overall capacity to defend against pathogens and manage inflammation. A 'younger' immune-response age indicates a more robust and effective immune system, while an 'older' immune-response age suggests a less efficient, more vulnerable, and slower-to-recover system.; Rubric: 1: Severely Impaired | 2: Compromised | 3: Chronological Match | 4: Resilient | 5: Optimized","Thanks to my consistent healthy habits, I rarely get sick and recover incredibly fast from any minor bugs, feeling like my immune system is operating at its absolute peak, years ahead of my actual age.",5
"Facet: Social-cognition variable: Cognitive Empathy; Definition: Cognitive empathy, also known as perspective-taking, is the ability to understand another person's thoughts, feelings, intentions, and mental states from their point of view. It involves intellectually grasping what someone else is thinking or experiencing, without necessarily sharing their emotional state.; Rubric: 1: Unaware/Egocentric | 2: Limited/Self-focused | 3: Basic/Surface-level | 4: Good/Perspective-taking | 5: Excellent/Deep Insight","He just couldn't grasp why his friend was upset about the minor change in plans, completely missing the underlying stress his friend was already under.",1
"Facet: Social-cognition variable: Cognitive Empathy; Definition: Cognitive empathy, also known as perspective-taking, is the ability to understand another person's thoughts, feelings, intentions, and mental states from their point of view. It involves intellectually grasping what someone else is thinking or experiencing, without necessarily sharing their emotional state.; Rubric: 1: Unaware/Egocentric | 2: Limited/Self-focused | 3: Basic/Surface-level | 4: Good/Perspective-taking | 5: Excellent/Deep Insight","She knew her colleague was frustrated, but she mostly just focused on how it affected her own workload rather than understanding her colleague's specific challenges.",2
"Facet: Social-cognition variable: Cognitive Empathy; Definition: Cognitive empathy, also known as perspective-taking, is the ability to understand another person's thoughts, feelings, intentions, and mental states from their point of view. It involves intellectually grasping what someone else is thinking or experiencing, without necessarily sharing their emotional state.; Rubric: 1: Unaware/Egocentric | 2: Limited/Self-focused | 3: Basic/Surface-level | 4: Good/Perspective-taking | 5: Excellent/Deep Insight","When I explained my dilemma, he seemed to understand my point of view well enough to offer a relevant, albeit somewhat generic, piece of advice.",3
"Facet: Social-cognition variable: Cognitive Empathy; Definition: Cognitive empathy, also known as perspective-taking, is the ability to understand another person's thoughts, feelings, intentions, and mental states from their point of view. It involves intellectually grasping what someone else is thinking or experiencing, without necessarily sharing their emotional state.; Rubric: 1: Unaware/Egocentric | 2: Limited/Self-focused | 3: Basic/Surface-level | 4: Good/Perspective-taking | 5: Excellent/Deep Insight","Before responding, she paused to consider why her boss might have made that unpopular decision, trying to see the situation from his strategic perspective.",4
"Facet: Social-cognition variable: Cognitive Empathy; Definition: Cognitive empathy, also known as perspective-taking, is the ability to understand another person's thoughts, feelings, intentions, and mental states from their point of view. It involves intellectually grasping what someone else is thinking or experiencing, without necessarily sharing their emotional state.; Rubric: 1: Unaware/Egocentric | 2: Limited/Self-focused | 3: Basic/Surface-level | 4: Good/Perspective-taking | 5: Excellent/Deep Insight","He always seems to anticipate what I'm going to say or how I'm feeling, often articulating my thoughts before I even do, demonstrating an exceptional understanding of my mindset.",5
"Facet: Kink-interest diversity; Definition: Kink-interest diversity refers to the breadth and variety of a person's sexual interests, preferences, and practices that deviate from conventional or 'vanilla' sexual activities. It reflects the number and range of different 'kinks' or non-normative sexual expressions an individual is drawn to or actively explores.; Rubric: 1: Conventional | 2: Specific | 3: Varied | 4: Broad | 5: Extensive","Honestly, I'm pretty content with just the basics; anything too out there isn't really for me.",1
"Facet: Kink-interest diversity; Definition: Kink-interest diversity refers to the breadth and variety of a person's sexual interests, preferences, and practices that deviate from conventional or 'vanilla' sexual activities. It reflects the number and range of different 'kinks' or non-normative sexual expressions an individual is drawn to or actively explores.; Rubric: 1: Conventional | 2: Specific | 3: Varied | 4: Broad | 5: Extensive","I've got a couple of specific kinks I really enjoy, but I don't tend to branch out much beyond those.",2
"Facet: Kink-interest diversity; Definition: Kink-interest diversity refers to the breadth and variety of a person's sexual interests, preferences, and practices that deviate from conventional or 'vanilla' sexual activities. It reflects the number and range of different 'kinks' or non-normative sexual expressions an individual is drawn to or actively explores.; Rubric: 1: Conventional | 2: Specific | 3: Varied | 4: Broad | 5: Extensive","I'm open to trying new things and have explored a decent range of kinks, though I definitely have my favorites.",3
"Facet: Kink-interest diversity; Definition: Kink-interest diversity refers to the breadth and variety of a person's sexual interests, preferences, and practices that deviate from conventional or 'vanilla' sexual activities. It reflects the number and range of different 'kinks' or non-normative sexual expressions an individual is drawn to or actively explores.; Rubric: 1: Conventional | 2: Specific | 3: Varied | 4: Broad | 5: Extensive",My interests are pretty broad; I find myself drawn to a lot of different kinky scenarios and enjoy exploring various facets of BDSM and fetish.,4
"Facet: Kink-interest diversity; Definition: Kink-interest diversity refers to the breadth and variety of a person's sexual interests, preferences, and practices that deviate from conventional or 'vanilla' sexual activities. It reflects the number and range of different 'kinks' or non-normative sexual expressions an individual is drawn to or actively explores.; Rubric: 1: Conventional | 2: Specific | 3: Varied | 4: Broad | 5: Extensive",There's almost no kink I haven't at least considered or actively explored; I find fascination in the entire spectrum of human sexual expression.,5
"Facet: Adaptability and Flexibility; Definition: Adaptability and Flexibility refers to an individual's capacity to adjust their thoughts, behaviors, and strategies in response to new information, changing circumstances, or unexpected challenges, demonstrating resilience and open-mindedness rather than resistance or rigidity.; Rubric: 1: Resistant | 2: Hesitant | 3: Adjusts | 4: Embraces | 5: Innovates","Even with clear evidence, Sarah refused to change her project plan, insisting her original approach was the only way.",1
"Facet: Adaptability and Flexibility; Definition: Adaptability and Flexibility refers to an individual's capacity to adjust their thoughts, behaviors, and strategies in response to new information, changing circumstances, or unexpected challenges, demonstrating resilience and open-mindedness rather than resistance or rigidity.; Rubric: 1: Resistant | 2: Hesitant | 3: Adjusts | 4: Embraces | 5: Innovates","When the team decided to pivot, Mark eventually went along with it, but he grumbled about the new direction for weeks and took a while to get on board.",2
"Facet: Adaptability and Flexibility; Definition: Adaptability and Flexibility refers to an individual's capacity to adjust their thoughts, behaviors, and strategies in response to new information, changing circumstances, or unexpected challenges, demonstrating resilience and open-mindedness rather than resistance or rigidity.; Rubric: 1: Resistant | 2: Hesitant | 3: Adjusts | 4: Embraces | 5: Innovates","When the software update changed the workflow, Emily took a day to learn the new features and then seamlessly incorporated them into her routine.",3
"Facet: Adaptability and Flexibility; Definition: Adaptability and Flexibility refers to an individual's capacity to adjust their thoughts, behaviors, and strategies in response to new information, changing circumstances, or unexpected challenges, demonstrating resilience and open-mindedness rather than resistance or rigidity.; Rubric: 1: Resistant | 2: Hesitant | 3: Adjusts | 4: Embraces | 5: Innovates","After the company announced the shift to remote work, David proactively set up a productive home office and quickly mastered new collaboration tools.",4
"Facet: Adaptability and Flexibility; Definition: Adaptability and Flexibility refers to an individual's capacity to adjust their thoughts, behaviors, and strategies in response to new information, changing circumstances, or unexpected challenges, demonstrating resilience and open-mindedness rather than resistance or rigidity.; Rubric: 1: Resistant | 2: Hesitant | 3: Adjusts | 4: Embraces | 5: Innovates","Faced with an unexpected market disruption, Maria not only redesigned our product line but also identified a completely new revenue stream, turning a crisis into an opportunity.",5
"Facet: Judging Consequences; Definition: The cognitive ability to foresee and evaluate the potential outcomes, both positive and negative, of one's own actions or decisions, as well as the actions of others, across different time horizons and spheres of influence.; Rubric: 1: Impulsive | 2: Short-sighted | 3: Direct | 4: Broader | 5: Comprehensive","He just jumped into that decision without even thinking about what might happen next, completely blindsided by the fallout.",1
"Facet: Judging Consequences; Definition: The cognitive ability to foresee and evaluate the potential outcomes, both positive and negative, of one's own actions or decisions, as well as the actions of others, across different time horizons and spheres of influence.; Rubric: 1: Impulsive | 2: Short-sighted | 3: Direct | 4: Broader | 5: Comprehensive","She only ever thinks about how something will affect her right now, not what it might mean even a week or a month down the line.",2
"Facet: Judging Consequences; Definition: The cognitive ability to foresee and evaluate the potential outcomes, both positive and negative, of one's own actions or decisions, as well as the actions of others, across different time horizons and spheres of influence.; Rubric: 1: Impulsive | 2: Short-sighted | 3: Direct | 4: Broader | 5: Comprehensive","He usually considers the immediate pros and cons, like whether he'll get in trouble or if it'll save him a bit of time.",3
"Facet: Judging Consequences; Definition: The cognitive ability to foresee and evaluate the potential outcomes, both positive and negative, of one's own actions or decisions, as well as the actions of others, across different time horizons and spheres of influence.; Rubric: 1: Impulsive | 2: Short-sighted | 3: Direct | 4: Broader | 5: Comprehensive","Before making a move, she usually thinks through a few different scenarios, considering the impact on her team and the project timeline.",4
"Facet: Judging Consequences; Definition: The cognitive ability to foresee and evaluate the potential outcomes, both positive and negative, of one's own actions or decisions, as well as the actions of others, across different time horizons and spheres of influence.; Rubric: 1: Impulsive | 2: Short-sighted | 3: Direct | 4: Broader | 5: Comprehensive","He meticulously analyzes decisions, weighing long-term impacts on the organization, potential ripple effects, and how it aligns with future goals.",5
"Facet: Harmfulness; Definition: The degree to which an action, behavior, or characteristic has the potential or actual capacity to cause negative consequences, injury, distress, damage, or detriment to oneself, others, or the environment.; Rubric: 1: Negligible Impact | 2: Minor Detriment | 3: Significant Damage | 4: Severe Injury | 5: Catastrophic Ruin",Leaving a few dirty dishes in the sink overnight has a negligible impact on anyone.,1
"Facet: Harmfulness; Definition: The degree to which an action, behavior, or characteristic has the potential or actual capacity to cause negative consequences, injury, distress, damage, or detriment to oneself, others, or the environment.; Rubric: 1: Negligible Impact | 2: Minor Detriment | 3: Significant Damage | 4: Severe Injury | 5: Catastrophic Ruin","His habit of interrupting people, while annoying, usually only causes minor detriment to the flow of conversation.",2
"Facet: Harmfulness; Definition: The degree to which an action, behavior, or characteristic has the potential or actual capacity to cause negative consequences, injury, distress, damage, or detriment to oneself, others, or the environment.; Rubric: 1: Negligible Impact | 2: Minor Detriment | 3: Significant Damage | 4: Severe Injury | 5: Catastrophic Ruin",The manager's decision to cut corners on safety protocols led to significant damage to the equipment and production delays.,3
"Facet: Harmfulness; Definition: The degree to which an action, behavior, or characteristic has the potential or actual capacity to cause negative consequences, injury, distress, damage, or detriment to oneself, others, or the environment.; Rubric: 1: Negligible Impact | 2: Minor Detriment | 3: Significant Damage | 4: Severe Injury | 5: Catastrophic Ruin",The bullying campaign severely injured her self-esteem and led to her withdrawing from social activities.,4
"Facet: Harmfulness; Definition: The degree to which an action, behavior, or characteristic has the potential or actual capacity to cause negative consequences, injury, distress, damage, or detriment to oneself, others, or the environment.; Rubric: 1: Negligible Impact | 2: Minor Detriment | 3: Significant Damage | 4: Severe Injury | 5: Catastrophic Ruin",The deliberate act of arson resulted in the catastrophic ruin of the historic building and several businesses.,5
"Facet: Affinity; Definition: Affinity, in behavioral science, refers to a natural liking, attraction, or feeling of kinship towards another person, group, or object. It encompasses a sense of connection, mutual understanding, and often, shared values or interests, leading to positive social or emotional bonds.; Rubric: 1: Averse | 2: Indifferent | 3: Cordial | 4: Connected | 5: Kinship","Honestly, I really don't enjoy spending time with them; we just don't click at all and our values clash.",1
"Facet: Affinity; Definition: Affinity, in behavioral science, refers to a natural liking, attraction, or feeling of kinship towards another person, group, or object. It encompasses a sense of connection, mutual understanding, and often, shared values or interests, leading to positive social or emotional bonds.; Rubric: 1: Averse | 2: Indifferent | 3: Cordial | 4: Connected | 5: Kinship",I don't have strong feelings either way about working with that team; I'm pretty indifferent to the whole group.,2
"Facet: Affinity; Definition: Affinity, in behavioral science, refers to a natural liking, attraction, or feeling of kinship towards another person, group, or object. It encompasses a sense of connection, mutual understanding, and often, shared values or interests, leading to positive social or emotional bonds.; Rubric: 1: Averse | 2: Indifferent | 3: Cordial | 4: Connected | 5: Kinship","We get along fine in meetings, always polite and professional, but we don't really hang out or connect outside of work.",3
"Facet: Affinity; Definition: Affinity, in behavioral science, refers to a natural liking, attraction, or feeling of kinship towards another person, group, or object. It encompasses a sense of connection, mutual understanding, and often, shared values or interests, leading to positive social or emotional bonds.; Rubric: 1: Averse | 2: Indifferent | 3: Cordial | 4: Connected | 5: Kinship",I genuinely like talking to her; we seem to understand each other pretty well and often share similar ideas.,4
"Facet: Affinity; Definition: Affinity, in behavioral science, refers to a natural liking, attraction, or feeling of kinship towards another person, group, or object. It encompasses a sense of connection, mutual understanding, and often, shared values or interests, leading to positive social or emotional bonds.; Rubric: 1: Averse | 2: Indifferent | 3: Cordial | 4: Connected | 5: Kinship","It feels like we've known each other forever, even though it's only been a year; I trust them completely and feel a deep, almost familial bond.",5
